global_signal	global_signal_derivative1	global_signal_derivative1_power2	global_signal_power2	csf	csf_derivative1	csf_derivative1_power2	csf_power2	white_matter	white_matter_derivative1	white_matter_derivative1_power2	white_matter_power2	csf_wm	tcompcor	std_dvars	dvars	framewise_displacement	rmsd	t_comp_cor_00	t_comp_cor_01	t_comp_cor_02	t_comp_cor_03	t_comp_cor_04	t_comp_cor_05	c_comp_cor_00	c_comp_cor_01	c_comp_cor_02	c_comp_cor_03	c_comp_cor_04	c_comp_cor_05	c_comp_cor_06	c_comp_cor_07	c_comp_cor_08	c_comp_cor_09	w_comp_cor_00	w_comp_cor_01	w_comp_cor_02	w_comp_cor_03	w_comp_cor_04	w_comp_cor_05	w_comp_cor_06	w_comp_cor_07	w_comp_cor_08	w_comp_cor_09	w_comp_cor_10	w_comp_cor_11	w_comp_cor_12	w_comp_cor_13	w_comp_cor_14	w_comp_cor_15	w_comp_cor_16	w_comp_cor_17	w_comp_cor_18	w_comp_cor_19	w_comp_cor_20	w_comp_cor_21	w_comp_cor_22	w_comp_cor_23	w_comp_cor_24	w_comp_cor_25	w_comp_cor_26	w_comp_cor_27	w_comp_cor_28	w_comp_cor_29	w_comp_cor_30	w_comp_cor_31	w_comp_cor_32	w_comp_cor_33	w_comp_cor_34	w_comp_cor_35	w_comp_cor_36	w_comp_cor_37	w_comp_cor_38	w_comp_cor_39	w_comp_cor_40	w_comp_cor_41	w_comp_cor_42	w_comp_cor_43	w_comp_cor_44	w_comp_cor_45	w_comp_cor_46	w_comp_cor_47	w_comp_cor_48	w_comp_cor_49	w_comp_cor_50	w_comp_cor_51	a_comp_cor_00	a_comp_cor_01	a_comp_cor_02	a_comp_cor_03	a_comp_cor_04	a_comp_cor_05	a_comp_cor_06	a_comp_cor_07	a_comp_cor_08	a_comp_cor_09	a_comp_cor_10	a_comp_cor_11	a_comp_cor_12	a_comp_cor_13	a_comp_cor_14	a_comp_cor_15	a_comp_cor_16	a_comp_cor_17	a_comp_cor_18	a_comp_cor_19	a_comp_cor_20	a_comp_cor_21	a_comp_cor_22	a_comp_cor_23	a_comp_cor_24	a_comp_cor_25	a_comp_cor_26	a_comp_cor_27	a_comp_cor_28	a_comp_cor_29	a_comp_cor_30	a_comp_cor_31	a_comp_cor_32	a_comp_cor_33	a_comp_cor_34	a_comp_cor_35	a_comp_cor_36	a_comp_cor_37	a_comp_cor_38	a_comp_cor_39	a_comp_cor_40	a_comp_cor_41	a_comp_cor_42	a_comp_cor_43	a_comp_cor_44	a_comp_cor_45	edge_comp_00	edge_comp_01	edge_comp_02	edge_comp_03	edge_comp_04	edge_comp_05	edge_comp_06	edge_comp_07	edge_comp_08	edge_comp_09	edge_comp_10	edge_comp_11	edge_comp_12	edge_comp_13	edge_comp_14	edge_comp_15	edge_comp_16	edge_comp_17	edge_comp_18	edge_comp_19	edge_comp_20	edge_comp_21	edge_comp_22	edge_comp_23	cosine00	cosine01	cosine02	cosine03	cosine04	cosine05	cosine06	cosine07	trans_x	trans_x_derivative1	trans_x_power2	trans_x_derivative1_power2	trans_y	trans_y_derivative1	trans_y_derivative1_power2	trans_y_power2	trans_z	trans_z_derivative1	trans_z_power2	trans_z_derivative1_power2	rot_x	rot_x_derivative1	rot_x_derivative1_power2	rot_x_power2	rot_y	rot_y_derivative1	rot_y_power2	rot_y_derivative1_power2	rot_z	rot_z_derivative1	rot_z_derivative1_power2	rot_z_power2	motion_outlier00	motion_outlier01	motion_outlier02
1826.5703557540976	n/a	n/a	3336359.2645196505	2520.4954883093123	n/a	n/a	6352897.506587599	1968.895912951372	n/a	n/a	3876551.116036617	2094.7483663467788	1526.0234317291668	n/a	n/a	n/a	n/a	-0.0134846523	-0.0495346849	0.0105110036	-0.0089644358	0.0916383546	-0.0014626638	-0.0701240158	0.0338933821	-0.1009223575	0.0562898363	0.1149590452	-0.0086941356	0.0954432838	-0.0153222745	-0.0056968322	-0.0122431447	0.0576708761	-0.1205283715	0.0079965763	-0.0430992618	0.0543594628	-0.020181487	0.0597614592	-0.0553296914	0.0055806731	-0.0297475149	0.014523014	-0.0339210458	-0.0620743299	0.0559999296	-0.001690734	0.0468539021	-0.0110513116	0.0445248942	-0.0335449928	0.0247032889	-0.0895567666	0.0140857172	-0.0305633137	0.1695300289	-0.012557025	-0.0426843711	0.0320302431	-0.1080942763	-0.0304859716	0.0707727572	0.0498993811	-0.0267811225	-0.1482579568	0.1084692683	-0.1760370969	-0.0183641077	0.0286946284	-0.0299648894	0.1281829464	-0.0727990688	0.0277535362	-0.1486171923	0.1027739711	-0.0376205841	0.0208060856	-0.0766811486	0.1545499635	-0.0209978636	0.0348940643	-0.0146914824	0.0086958667	-0.1261442278	-0.0217197306	0.1070162296	-0.0965506706	0.0128386743	-0.0844151312	0.0532226788	-0.0476060147	0.0363534753	-0.0291216123	0.0596541523	-0.0201093381	0.063416794	-0.0643486781	0.0260575119	-0.1189899505	0.0087288446	-0.0286470552	0.0254331911	0.0431662377	-0.0181054529	0.031165217	-0.1302819777	0.0047352253	-0.1184736282	0.0912380832	-0.0752231787	0.0009493334	-0.0279906942	0.0407167758	-0.0256502242	0.042530517	-0.1224265956	0.0369220147	0.0037173717	0.0312175703	-0.0747627869	-0.10900629	0.041892768	0.0618709184	-0.0859493264	0.0626032605	-0.0520413193	0.0689192306	-0.0426068737	0.039976767	-0.0187991324	-0.0001305178	-0.02536615	0.0259105272	-0.028524693	0.0071168254	-0.0132307924	0.0947608183	0.0071229181	-0.0555326667	0.0509549002	-0.0354566006	0.1580108075	-0.0532454051	0.026199896	-0.0406700776	0.0473592441	-0.04851271	0.1185103409	-0.1167025203	0.0291821356	-0.0304631914	0.0057819933	0.004388974	-0.0423605375	0.0816485389	0.0816451812	0.0816395852	0.081631751	0.0816216788	0.0816093689	0.0815948217	0.0815780375	-0.0527461126853836	n/a	0.0027821524034191	n/a	-0.0766797637050871	n/a	n/a	0.0058797861618679	0.0190279866604186	n/a	0.000362064276349	n/a	-0.0002482364920836	n/a	n/a	6.162135600197119e-08	-0.0008972127253061	n/a	8.049906744511993e-07	n/a	0.0017018903450086	n/a	n/a	2.8964307464334914e-06	0.0	0.0	0.0
1824.8169395983573	-1.7534161557402967	3.0744682152110805	3329956.8630451146	2519.876426726009	-0.6190615833033917	0.3832372439221021	6349777.205969439	1966.2053011195867	-2.690611831785418	7.239392029343683	3865963.2861507647	2094.4796319381685	1500.41535479491	1.114921	29.153221	0.0837636348219227	0.041200750873825	-0.0072418604	0.0986419665	0.0045515854	-0.0115980554	0.0134424155	-0.0762396579	-0.0216136297	0.0843661349	-0.0136228532	0.0552769453	-0.1045856286	0.0373096203	0.1080480171	0.0588222874	0.0165766724	-0.0643951939	0.0481037893	-0.0401661265	0.0254859462	-0.032745851	0.0017734676	-0.0476851395	-0.0715619381	-0.034405625	-0.1080957659	0.0788160525	0.0350589814	-0.0630245424	-0.0401277322	0.0917358892	0.0554396547	-0.1051123976	-0.0625527907	0.0814642159	-0.0457560754	-0.05361165	-0.0208948433	0.0126153106	0.0378440055	0.0960913982	0.0510721686	0.0306499919	0.0589691088	0.073030832	-0.0069880739	0.0640408724	-0.0276297449	0.008483777	0.0243069371	-0.0451690072	-0.0042274845	0.0067238213	0.0401899037	-0.0498358258	0.0156004008	-0.0371091857	-0.0750257288	0.0518779123	-0.001607689	-0.0505792015	-0.0010986551	0.0206246367	0.0623387308	-0.0384815693	0.0325435309	-0.0120528179	0.008550051	-0.0148388418	-0.0047567147	0.0624659409	-0.0295148009	-0.0144059334	0.0977503025	0.0622022528	0.019604405	0.0795233396	0.0837213198	0.0152726093	-0.0072448331	-0.0043632408	-0.0835131969	0.0283305127	-0.0549807078	-0.0441044677	0.0024063973	-0.0876351781	-0.0462488788	-0.0259599976	0.0859517474	-0.1213973962	-0.0198236054	-0.0070999419	0.0835686321	-0.0309355725	0.0268937092	-0.0728383262	0.0640900867	0.0166748546	0.0358708929	0.1077169501	-0.0471640917	-0.0486464934	0.0513487806	-0.0499169154	-0.0008285586	0.0324697858	0.0211633762	-0.0370675875	0.0133690264	-0.0568512236	0.0365066122	0.058192591	-0.0603152177	0.0489375275	-0.0099383008	-0.0041242191	-0.028510326	0.0612567582	-0.0783514627	-0.0519035785	0.0241174452	0.0407440247	0.0472073992	0.0593497601	0.0408851977	0.0765298069	-0.0008697168	0.0363813794	-0.0275596646	0.0248253268	-0.0125320408	0.0389619675	-0.0432601621	0.0188073625	-0.0296231596	0.0829323537	0.045482597	-0.0007408057	0.0816395852	0.0816093689	0.0815590168	0.0814885411	0.0813979594	0.081287294	0.0811565722	0.0810058262	-0.0469704792117084	0.0057756334736751	0.0022062259173775	3.3357942022237443e-05	-0.0495790852857709	0.0271006784193161	0.0007344467707871	0.0024580856977737	0.0298248084080299	0.0107968217476113	0.0008895191965756	0.0001165713598496	-0.0006750017791097	-0.0004267652870261	1.8212861021046955e-07	4.556274018012602e-07	-0.000570091142672	0.0003271215826341	3.250039109530666e-07	1.0700852982503833e-07	0.0017498134989748	4.7923153966200095e-05	2.29662868606812e-09	3.0618472811944325e-06	0.0	0.0	0.0
1820.7868915392853	-4.030048059071987	16.24128735842989	3315264.904401293	2509.934721614209	-9.94170511179982	98.83750052998668	6299772.306764597	1964.9419233667568	-1.2633777528299106	1.5961233463455546	3860996.7622042494	2095.327647455336	1533.0444885943898	1.209321	31.621597	0.0472097739981826	0.0244134336369721	0.0295642555	-0.019587879	-0.0376007126	0.1243124607	-0.0715508549	0.1304847355	-0.0244129519	0.0126840852	0.0315587396	0.0097650632	-0.0206901484	-0.0187141729	0.0299202977	0.0808522669	0.0352699094	-0.0878778057	0.0310420396	-0.0563915742	-0.0161125126	-0.0642274983	-0.1112765506	-0.0277312769	-0.0240871019	0.00509697	-0.0235312519	0.0542131301	0.0088909072	-0.0144062246	0.0094656832	-0.0508456528	-0.0299777316	0.1119093683	-0.0032190819	0.0362658961	-0.0016920705	0.05212435	-0.0048975851	0.0909577167	-0.0412705636	-0.0184640464	0.0214055186	-0.0059983685	-0.0337896716	0.0454706283	-0.0401242592	0.0653540703	-0.0911778638	-0.0619031988	-0.015546986	-0.007312067	0.0209194253	-0.005726125	0.0171330174	-0.0276717549	-0.1617173777	0.0532601617	0.027631403	0.0330218313	-0.0802450844	0.0022620116	0.0190146521	0.0599563679	-0.0313856618	0.0037970679	0.1129735182	0.0053831584	-0.0131739684	-0.0545433271	-0.0184511615	0.0564325869	-0.0492605251	-0.0492378998	-0.0021979999	-0.0234467881	0.1223587286	-0.0565645547	0.0287198527	-0.0041941309	-0.0294818794	0.0239667877	-0.0534810275	0.0421190259	-0.0168058881	0.0133165948	0.0572336215	-0.0164366846	-0.0303210165	-0.0722466946	-0.0745121066	-0.0329641577	-0.0647735825	0.010743212	0.0562075794	-0.0288376368	-0.0216411703	0.1278283245	-0.0683150607	-0.0258634171	-0.0890351325	-0.0493257779	0.1020134142	-0.0084758178	-0.0651555091	-0.0113154015	0.0004458758	0.0534418425	0.114965494	-0.0153051794	0.0307522949	0.0508080846	0.0001825049	-0.100777154	-0.0022865091	0.0373171232	-0.0097744059	-0.0505910839	-0.0804338866	-0.0672551336	0.0018372625	0.0611892415	-0.0260741512	0.0513892311	0.0092339846	0.0327628568	-0.0175087955	0.0402378756	-0.1151331031	-0.0360843396	-0.1279674697	-0.0304739386	0.0009965747	0.0403602051	0.0127578892	0.0459143692	0.0058370255	0.0546296875	-0.0421691879	-0.0121541729	0.0816216788	0.0815377601	0.0813979594	0.0812023727	0.0809511339	0.0806444153	0.080282427	0.0798654172	-0.0494904170414116	-0.0025199378297031	0.0024493013789328	6.350086665569248e-06	-0.0496231381933682	-4.4052907597298685e-05	1.9406586677761364e-09	0.0024624558441581	0.034308388682362	0.0044835802743321	0.00117706553398	2.0102492076379936e-05	-0.0004149380786134	0.0002600637004963	6.763312831582924e-08	1.721736090833801e-07	-0.0007882957088596	-0.0002182045661876	6.214101246064593e-07	4.761323270511872e-08	0.0014248377059277	-0.0003249757930471	1.0560926606659165e-07	2.030162488233311e-06	0.0	0.0	0.0
1818.3373834079869	-2.449508131298444	6.000090085297194	3306350.8398990044	2525.8219291131613	15.887207498952192	252.4033621147628	6379776.417588932	1962.3935722291	-2.5483511376567094	6.494093520796245	3850988.532326088	2095.3465938531644	1549.792253807895	1.145851	29.961987	0.0920477901720486	0.0461897577484161	-0.0251527879	-0.0950366555	0.0569203489	-0.0108902053	-0.0012622154	-0.0181478777	0.0520901841	0.0011882913	-0.0029872155	0.1122109004	0.1070760429	-0.0194328007	0.0275910638	0.017880801	-0.0299443905	-0.0751010244	0.0518596734	-0.0205050287	0.0175872575	-0.0862816271	0.1194354948	0.0236467283	0.038234523	-0.0057901317	0.057278596	0.0197315855	0.0556628333	0.0238257625	-0.1213640734	0.1156961748	0.0415952958	-0.0188576447	0.0069276761	0.0653936362	-0.0118326949	0.0114222668	-0.0031563304	-0.0118456364	-0.0008763779	-0.1794525945	0.0727280811	0.0586738499	-0.0583378817	0.0521552605	-0.0628156041	0.0280163039	-0.0134822129	-0.0089059651	0.08698529	0.0041252208	-0.1038091981	-0.0975438149	-0.029483573	0.0902295575	-0.0101203352	0.0732187257	-0.1476874946	-0.0557490791	-0.0300754131	-0.0641222573	-0.0443127518	-0.1648687636	0.0072435003	-0.0173271813	0.0128979357	-0.0657244008	0.0346501313	-0.0773761214	-0.0633403953	-0.0143940074	-0.0795331056	-0.090041521	-0.074650825	0.0131393361	-0.0709065497	0.074196891	-0.008387487	0.0364987125	0.0265280595	0.0420341791	0.0279308981	0.0031838697	-0.0839505703	-0.0282930378	0.0131807338	-0.0409479513	0.0440486812	0.0586335685	-0.0521350215	-0.0364383164	-0.0171859133	0.0446536049	-0.0299806128	0.022503124	-0.0961331704	-0.0147677534	-0.0397025651	0.0666344129	0.1043584953	0.063589933	-0.0933211138	-0.0893982402	0.1448696352	-0.0239414799	-0.0387573236	0.0740038247	0.0322697827	0.0236495662	-0.0927578195	0.0279340997	0.0076677413	-0.0336256097	0.053774269	0.0120662364	-0.0112316747	0.0187078344	0.0455818985	-0.0429894691	0.004381611	-0.0273885849	0.0380936973	-0.0333011915	-0.0496987424	0.0748769385	-0.0570842624	0.0455750769	-0.0038796334	-0.0166641628	0.0192253866	0.0118345565	0.0344789857	0.0563706652	-8.95245e-05	0.0208557153	-0.0166986665	0.027416961	0.0299385403	-0.0689304165	0.0815948217	0.0814303861	0.0811565722	0.0807737477	0.080282427	0.0796832699	0.0789770813	0.0781648097	-0.021427771924209	0.0280626451172026	0.0004591494096359	0.000787512050974	-0.0782996074321431	-0.0286764692387749	0.0008223398880024	0.0061308285240277	0.0386141835717381	0.004305794889376	0.0014910551729118	1.85398696293773e-05	-0.0006751847414177	-0.0002602466628043	6.772832550077506e-08	4.558744350432865e-07	-0.0004499739397525	0.0003383217691071	2.024765464563865e-07	1.1446161945175789e-07	0.0014033485193052	-2.1489186622499976e-05	4.6178514169663184e-10	1.969387066636097e-06	0.0	0.0	0.0
1816.8808350731424	-1.456548334844456	2.121533051738157	3301055.9688560795	2498.5335153163164	-27.288413796844907	744.6575275478355	6242669.72715891	1954.1402611920207	-8.253311037079357	68.11714307477592	3818664.160411619	2075.7237910604385	1496.467183715969	1.203938	31.480848	0.0894260910979574	0.0444450150265951	0.0020704842	0.0718513103	0.0117705363	-0.0010169146	0.0330974321	-0.0864886662	0.0465925666	-0.0182135477	-0.0070113642	-0.0822083831	-0.0914749762	0.007210886	-0.0082606745	0.0392035472	0.0409196684	0.0045459395	-0.060571333	0.0870778257	-0.0402242326	0.0314564971	0.0638214556	0.0173206229	-0.0416032753	0.0525306854	-0.057835219	-0.1471511288	-0.0638125315	-0.081307231	0.0672833021	-0.1331345158	0.0094456865	0.022838471	0.0456868323	0.0196192712	-0.0355378397	0.0993949065	0.0572282177	0.0793622389	-0.0829411064	-0.0981315117	0.0005233679	0.072708581	0.0470774517	-0.1125057295	0.0864417536	0.0156583941	-0.0546793351	-0.0315687428	-0.0584114762	0.0056850405	-0.0359087826	0.1317425282	0.018597539	0.011038364	0.0331548476	-0.0306556306	0.005914989	0.0070637546	-0.0272093456	-0.0052453198	-0.0185762161	-0.0385380127	-0.0051569685	-0.0240383174	-0.0049119577	-0.1507038688	-0.0224223293	-0.0238939755	0.0421851482	-0.0926634734	0.0563213997	0.0854581034	0.0807217515	-0.0680151274	-0.042440622	-0.0169675561	0.0224139032	-0.0202931605	0.0250105143	-0.0659165242	-0.0209403285	-0.0483826607	0.0315951777	-0.0284204538	-0.0731052689	-0.017600179	0.1061748083	-0.0633210232	-0.0412592239	0.0639205385	-0.0208193033	-0.0212267199	0.1086029961	-0.054705385	-0.043878375	-0.0571838001	-0.1375062808	-0.0252058817	-0.1062306259	-0.1814691616	0.0429000969	-0.0641811365	-0.0192225694	-0.0531753202	0.0246121514	0.1056495426	-0.0029779055	0.0499110915	0.0587569275	0.0483247991	-0.018735866	0.0871488144	-0.0814501051	0.0535067876	0.006288073	0.0309790852	-0.0225774114	0.0526156298	-0.0289678246	-0.0552175814	0.0666060678	0.0014826713	0.0642368504	0.0417828372	-0.0197799303	-0.054502394	0.0236965795	0.0457198858	0.0768757004	-0.0218771792	0.0227988797	-0.0658634548	-0.0284152425	-0.0867620323	-0.0013783846	0.029769269	0.0390772806	0.0442398562	0.0815590168	0.081287294	0.0808350932	0.0802034182	0.0793936715	0.0784076511	0.0772475461	0.0759159322	0.0006408896268368	0.0220686615510458	4.1073951378701285e-07	0.0004870258226546	-0.0496457002389831	0.02865390719316	0.0008210463974342	0.0024646955522189	0.0301673411154865	-0.0084468424562515	0.0009100684699781	7.134914748073454e-05	-0.0008981847352993	-0.0002229999938815	4.9728997271193616e-08	8.067358187246736e-07	-0.0005590085875757	-0.0001090346478231	3.12490600983379e-07	1.1888554425929244e-08	0.00113024956306	-0.0002730989562452	7.458303990221768e-08	1.2774640747973208e-06	0.0	0.0	0.0
1826.1670366738097	9.286201600667257	86.23354016823508	3334886.0458340035	2517.7844446408794	19.250929324563003	370.59827985931975	6339238.509675582	1965.8119660625307	11.671704870509984	136.22869458428647	3864416.685914632	2091.085694409693	1500.3293028005585	1.016355	26.575899	0.0799292819389431	0.0381944196009096	-0.0146187643	0.0455480215	0.0256385823	-0.0073066889	0.0825807077	-0.042435716	-0.058477481	0.0021565496	-0.0346208688	-0.0216255794	0.0674701009	-0.025059652	-0.0305851697	-0.0702267336	0.0771744251	0.0448002291	0.020624354	-0.0450470918	0.0160900736	0.0674629268	0.0333180526	-0.011814296	-0.0544736972	0.0323140773	-0.0025724575	0.0226118588	0.0578884875	-0.0628664575	-0.0103273331	0.073971923	0.0690536762	0.0647981492	0.023904628	0.0775443635	-0.0069197537	0.0524631383	0.0463091689	0.0132070196	0.0299547033	-0.0211093337	-0.1231845893	-0.0472868726	0.0272182003	0.0684788547	0.0343187729	-0.0611373419	-0.0097265873	-0.0277996713	0.0207665749	0.0408336855	-0.009092743	-0.0777637349	0.0249323081	-0.1061166133	-0.0422940287	0.0548253943	-0.0700096191	-0.0015942815	0.0237317769	-0.0548197543	0.0219951373	-0.0384169265	0.0613418964	0.0670599748	0.0385417631	0.0274106665	0.0204555301	0.1628134679	0.0052636009	0.0497581995	-0.043220572	0.0609180999	-0.0129227625	0.0456898675	-0.055457171	-0.0052152472	-0.0649133652	-0.0055122382	0.0428989168	0.0827212639	-0.0413181823	-0.0468676193	-0.0081223067	0.0225430547	0.0068569327	0.0007373912	-0.0476528737	0.0445266719	-0.0242084038	-0.0467874155	0.0679669953	0.0317716739	-0.0415987664	0.0523244265	0.0320977937	-0.0009403187	-0.0246585413	0.023054086	-0.0599001863	0.0155640382	0.0515982338	-0.0305898912	0.0380070233	-0.1150318257	-0.057805972	-0.0030169517	-0.0897878085	0.0516513665	-0.0773584476	-0.0227358787	0.0482166983	0.080391623	0.0424060204	0.1673726267	-0.0106662234	0.0297652614	0.0887691139	-0.0415603887	-0.0304351523	-0.0543368772	0.0058014489	-0.019645711	0.0600757436	0.007128978	-0.0457665877	0.0078704966	0.0215632681	0.0171742085	0.0298375026	0.0205351431	-0.0381814336	-0.0465767835	-0.0623253994	-0.0089269143	0.0266928449	0.0414337233	0.0050353552	-0.0363780645	0.081514268	0.0811085467	0.0804338397	0.0794923845	0.0782873035	0.0768225931	0.0751031108	0.073134559	-0.0186814184864374	-0.0193223081132742	0.0003489953966654	0.0003733515908243	-0.0494347439306608	0.0002109563083222	4.450256402097183e-08	0.00244379390749	0.0197433795952548	-0.0104239615202317	0.0003898010378423	0.0001086589737752	-0.0007378190496163	0.0001603656856829	2.5717153144578734e-08	5.443769499767002e-07	-0.0002226024103928	0.0003364061771828	4.955183311268456e-08	1.1316911604681269e-07	0.0016329188201364	0.0005026692570764	2.526763820097399e-07	2.666423873155652e-06	0.0	0.0	0.0
1827.3824606962144	1.2154240224047044	1.4772555542384314	3339326.657660152	2516.280768500434	-1.50367614044535	2.261041935344624	6331668.905925135	1967.7254955862447	1.9135295237140328	3.661595238125253	3871943.625980132	2089.5056236369205	1535.18286465495	1.016459	26.578602	0.1020203682067073	0.0591812198713848	-0.035567093	0.0473209338	0.0108704595	-0.1040547224	-0.0372361821	-0.0172044667	0.0644223527	-0.0401438483	-0.0146863386	0.0217375332	-0.0854177915	0.0468297038	-0.0704300195	-0.0324548103	-0.0538950839	0.0402721395	0.0065911236	-0.05036687	0.0954057366	0.044899209	0.0511687452	0.0297181646	0.012921129	0.0134882215	-0.0555258673	-0.0082172592	0.0238335087	-0.0058220957	-0.0656002274	0.0441334905	-0.0927908702	-0.0140636555	0.0050941976	0.033972817	0.0824917381	-0.0469293304	0.0597238998	-0.0353431662	0.0769067898	0.0099539189	0.0986007439	0.0236200714	0.0876303151	0.0351509184	0.1523379121	0.0633287362	0.1246756364	0.0351932247	0.094787631	-0.0281793678	0.0941103669	-0.0045186653	0.0064836926	0.0058863734	-0.0796468529	0.0224657895	-0.0061462546	-0.0407927654	0.0401631453	0.054819268	-0.0014657829	-9.73021e-05	0.0127835535	-0.0233006039	-0.0677787125	-0.1392803748	-0.0247995558	0.0620283765	0.0438863327	-0.0616783277	-0.0379056351	0.0120070962	0.0686599498	0.0958663955	-0.0090954081	-0.0513787405	0.0424121746	-0.0340996143	-0.045367901	-0.0761890607	0.0644083293	-0.0188492094	-0.1014408698	-0.0607331563	-0.0312110419	0.0711612629	-0.0773480908	0.1681957057	-0.0289079801	-0.0225089541	-0.0261955516	0.1315032998	0.0564662226	-0.0228167734	-0.0575678988	0.0295186627	-0.0457283844	0.082390186	-0.0064123205	0.0133917767	-0.0325954718	0.0746308618	-0.0679744507	0.0585428365	-0.0370681494	-0.030332928	-0.0651362722	0.0130816532	0.0505642049	-0.0562748531	0.0010245364	-0.0207024947	-0.0407311432	0.0239576708	-0.0307124409	0.0450334953	0.0646016169	0.058255736	-0.0341163484	0.0220408891	-0.0520067948	-0.0191534714	0.0499429902	-0.0202446129	0.0390594956	0.0478491214	0.0360395792	0.0471395876	-0.001816952	0.0034248335	-0.0047428943	-0.0819653792	0.0247709149	0.022143928	0.0697450381	0.0080060682	0.0606666472	0.1051788577	0.0814605803	0.0808942224	0.0799532077	0.0786418943	0.0769663555	0.0749343514	0.0725552932	0.0698401994	-0.042258763620012	-0.0235773451335746	0.001785803102692	0.0005558912035476	-0.0493502317363692	8.451219429159856e-05	7.142310983980905e-09	0.0024354453724333	0.062170378433926	0.0424269988386711	0.0038651559546175	0.0018000502304566	-0.0013339195641566	-0.0005961005145402	3.553358234352104e-07	1.7793414036397335e-06	-0.0001000890078435	0.0001225134025493	1.0017809491096204e-08	1.5009533804206832e-08	0.0016329351438502	1.6323713800158252e-08	2.6646363222947685e-16	2.6664771840210734e-06	0.0	0.0	0.0
1819.653088626464	-7.729372069750298	59.743192592636	3311137.3629478305	2534.7190811332616	18.438312632827547	339.9713727458879	6424800.820261046	1962.666737714152	-5.058757872092656	25.591031208459416	3852060.723329512	2097.143722738408	1574.984617598019	1.186256	31.018499	0.0635533155278994	0.0405693954794794	-0.0251099514	-0.0825921544	-0.000783498	-0.0233085284	-0.1237786162	0.0774069977	0.0631881186	-0.0350688793	0.087272214	0.1130133511	-0.0258584086	-0.0072676856	-0.007335772	0.0094573555	-0.0032033816	0.1055829437	-0.0090104203	0.0043233738	0.0135875787	-0.021602705	-0.0672355792	-0.0465957192	0.0418449121	0.0583885124	0.0371282307	-0.0593334759	-0.0513313267	0.0067922458	0.0130410913	-0.1000362947	0.0057358924	-0.0699389445	0.03206215	0.0545550799	0.0300677263	0.0671353964	0.0530047349	0.0130883349	0.0138738866	0.1030463044	-0.0102186304	-0.0682838905	-0.0861771644	0.0430823916	0.0159028382	-0.0640478785	0.0047952316	0.0683521691	5.84379e-05	0.0261320731	-0.0753028531	0.0352082753	-0.1689513325	0.036162115	0.0379877266	0.067262701	0.0887732076	-0.041831922	-0.0598726045	-0.0460704677	0.0293322964	-0.006965958	0.0095379323	-0.0091037644	-0.0338334757	-0.0462849568	0.0652539499	0.0758166509	-0.0238103916	-0.0311925345	-0.0033079155	-0.0960125924	0.0126460877	-0.0403858709	0.0842811582	-0.0723860653	-0.0349108747	-0.0166989024	0.0446401588	-0.0349107504	0.0549625943	-0.0508283653	0.1321942523	0.0082584377	0.0391625382	-0.0136899556	0.0504355099	0.0326429886	0.0541533772	-0.0079097983	-0.0166457853	0.0701356633	0.0726156561	-0.0114717259	0.041045823	0.0514901222	0.0409410238	-0.129641255	-0.0588950529	-0.0120141296	-0.0358327048	0.0774236559	0.005090662	0.0119707658	-0.0558999272	-0.0112194677	-0.0351260555	0.0006357537	-0.0361202309	-0.0571362254	-0.0261826703	-0.0870289636	-0.0890140757	-0.0136631387	-0.0174922883	0.0356423981	-0.0441890816	0.0105822181	0.0412798987	0.0808646789	-0.0309706656	-0.0204825332	0.0331373173	-0.0083939921	0.002511268	0.0388639485	-0.0371686771	-0.0844061002	-0.028459957	-0.0301116054	0.0292917617	-0.0603195897	0.0871700027	0.0299462537	0.0649457398	-0.0556853412	0.052978547	-0.0404455062	0.0813979594	0.0806444153	0.0793936715	0.0776534394	0.0754344479	0.0727503781	0.0696177779	0.066055961	-0.0124913081271813	0.0297674554928306	0.0001560327787281	0.0008861014065176	-0.0494339375458281	-8.37058094588991e-05	7.006662537169523e-09	0.0024437141812848	0.0623695135467059	0.0001991351127798	0.0038899562200527	3.965479314186333e-08	-0.0012140276506596	0.0001198919134969	1.4374070921972092e-08	1.473863136566068e-06	-0.0005989606080387	-0.0004988716001952	3.587538099820892e-07	2.4887287348131945e-07	0.0015816382752858	-5.129686856440003e-05	2.6313687245133318e-09	2.50157963384904e-06	0.0	0.0	0.0
1812.4378857103293	-7.2152029161347855	52.05915312099991	3284931.0895581287	2517.144405204217	-17.574675929044588	308.86923401093924	6336015.956650891	1958.5344209445743	-4.132316769577756	17.076041884133538	3835857.078024699	2083.16156099221	1537.8491389916962	1.110535	29.03854	0.1390201377715457	0.064333489358386	-0.0374679961	-0.0555820936	0.0825426833	0.0388932103	-0.0020524512	0.0397398753	0.0549040267	-0.0821016191	0.0066749242	-0.0385321412	0.0566923272	-0.0538458095	0.0694883793	-0.0708356311	0.2255789716	0.0054509071	-0.0323030695	-0.0154395472	-0.0707022274	-0.018845524	0.0141459835	0.022599515	-0.0115602882	-0.0363116328	-0.0023648444	0.032530653	-0.1309808468	0.0046801879	-0.0099467732	-0.016107013	-0.072050457	0.0560736592	0.0018715934	-0.0601724901	0.038670607	0.1104053225	-0.0395007623	0.0198793686	-0.0062769725	-0.0806343285	-0.1097678856	0.004465645	0.0860193241	0.012995628	-0.0608587491	-0.0217594908	0.0322002996	0.0007228224	0.0644172038	0.1827353674	0.0475811034	0.0418159675	-0.0200113475	0.0070428134	0.0104525568	-0.0015850969	-0.1296831568	-0.0331476423	-0.0713395792	-0.0042996781	0.0616312757	-0.0180496429	-0.058283096	0.0548602079	0.0348162687	-0.0236863079	-0.0235989653	-0.0637580608	0.0165384668	-0.0932170923	-0.0463556627	0.0471254628	-0.0328622738	-0.0503329611	0.0038309212	-0.0137554442	-0.1054228354	0.0846235084	0.0052590274	0.1059296711	-0.1010723497	0.0438999126	0.0686944467	-0.0179669372	0.0265834872	0.1147776955	0.0241195916	0.0110633423	0.0138434001	0.0302460342	0.0515060108	0.0303821708	-0.0079287625	0.0594781705	-0.0084757572	0.003743173	0.0441787777	0.0963997307	-0.0532547755	-0.0052654004	0.0537903746	-0.0217406959	0.0283908531	0.1371596593	-0.0835469607	0.0172059385	-0.104636819	-0.0745666416	-0.0886517042	-0.0667123484	-0.0533856028	0.0050120488	0.0210058017	-0.0183981985	-0.02682135	0.0367068076	0.0092532858	-0.0546060556	-0.0064399117	-0.0060865749	-0.0597318098	-0.0843749339	-0.1042168777	0.000446995	-0.0109753839	-0.0177656378	-0.0631405933	0.0332329002	0.0326123237	0.0069456568	-0.0496044506	0.0286223978	0.0347480741	-0.0337943146	0.0960110894	-0.0856960988	-0.0157984074	-0.0722223512	0.0813264124	0.0803592349	0.0787557834	0.076528754	0.0736957799	0.0702792922	0.0663063423	0.0618083875	-0.0199456038704113	-0.00745429574323	0.0003978271137553	5.556652502753692e-05	-0.0660289984206627	-0.0165950608748346	0.0002753960454394	0.0043598286324358	0.114579327920012	0.0522098143733061	0.0131284223866016	0.002725864716895	-0.0006605908463441	0.0005534368043155	3.062922963709532e-07	4.363802662736144e-07	-0.0007753497332256	-0.0001763891251869	6.01167208813009e-07	3.1113123484199884e-08	0.0010562448691847	-0.0005253934061011	2.760382311745155e-07	1.115653223679004e-06	0.0	0.0	0.0
1815.863273722409	3.425388012079793	11.733283033299957	3297359.428853865	2508.685988386015	-8.45841681820184	71.54481507043974	6293505.3883243175	1960.8065817525069	2.2721608079325506	5.162714737104701	3844762.4510439504	2084.2345813875218	1488.4774152753414	1.30929	34.235626	0.0626972888878727	0.0414448001151623	-0.0697536039	0.0731883367	-0.0682919774	-0.0536900627	-0.0204387096	-0.0672643446	-0.0608778175	-0.0692579117	0.023086981	-0.0607681278	-0.0028972647	0.07561222	0.0511067226	-0.0229941644	0.0498266843	0.166374286	-0.0782815815	-0.0173888275	-0.0325460712	0.1452468461	-0.0014474602	0.032487157	0.0518906555	-0.0963803332	0.0148213826	0.0006797727	-0.0460356187	-0.107840829	0.1198567324	0.0421253208	-0.0416229876	0.0236766148	-0.0055259246	-0.1682688171	-0.0365887129	-0.1016153953	-0.1168107547	-0.0307983244	-0.0819952986	-0.0447191865	-0.027792972	0.0241845205	-0.146081895	-0.1003750322	-0.0440680418	-0.0745575946	0.1354387751	-0.0735367682	0.0776591517	-0.0591709598	0.1165311479	-0.0976773818	0.0143588629	-0.0550562553	0.0202132676	0.0997996994	0.0045700126	0.0279500381	-0.084458331	-0.0349326696	-0.0148514031	-0.0708527008	0.0037335809	-0.0193202723	-0.0972881784	-0.0651908844	0.0161236691	-0.0050830152	0.0728923964	0.0174843581	0.0345960167	0.0075408504	0.0411607582	0.0330342483	-0.0263826129	-0.0023006842	-0.0035527714	0.166229553	-0.1229974523	-0.0264096789	-0.0434671532	-0.0103619048	0.06349118	0.0050901363	-0.0009534207	0.2037868648	-0.0096154335	0.0899688897	-0.0362498669	0.131176982	0.1122042662	-0.072186507	-0.1594353494	0.0685281386	0.1391260219	-0.0566934641	0.0100117922	-0.0403850916	0.0723254315	-0.0464437292	-0.1181030689	-0.0150315659	-0.0129769801	0.0445124315	0.1732231924	-0.0586702544	-0.0041643293	0.1253800234	-0.0140563196	0.1012192525	0.0319129554	0.0505108437	-0.1169568216	0.0323585582	-0.0486076338	0.0739578396	0.0713805016	0.0303899162	-0.057699679	0.0355542844	-0.1840229679	0.0237726292	-0.0527291609	-0.0096519572	0.0856067942	-0.028822631	0.1019715524	-0.0275437221	0.0041980755	0.073306926	-0.0865956395	0.0103431691	-0.0222541069	-0.0435531321	0.1225986334	0.0372243073	-0.0290216471	0.0358330286	0.0812459471	0.0800388062	0.0780401729	0.0752698111	0.0717551168	0.0675308461	0.0626387723	0.0571272725	-0.0193515692335068	0.0005940346369045	0.0003744832317992	3.528771498422631e-07	-0.0497045356807461	0.0163244627399166	0.0002664880837469	0.0024705408672385	0.1514388076303987	0.0368594797103866	0.0229337124565169	0.0013586212445204	-0.0006361407606789	2.4450085665200056e-05	5.978066890356212e-10	4.046750673971295e-07	-0.0007867908818781	-1.1441148652500089e-05	6.190398918065184e-07	1.3089988248860455e-10	0.0009137498674891	-0.0001424950016955	2.0304825508229022e-08	8.349388203363478e-07	0.0	0.0	0.0
1823.670802683201	7.807528960791842	60.95750847360334	3325775.1965591903	2503.522180549943	-5.16380783607201	26.66491136787869	6267623.308505543	1960.488996370571	-0.3175853819359417	0.100860474819398	3843517.104890089	2085.9258964348933	1520.4363684241866	1.207908	31.584671	0.1041146906933573	0.0627331328546576	-0.0482449079	-0.0407383752	-0.0390582004	-0.0272304794	0.1016130241	0.0901787424	-0.109246205	0.0057061082	-0.0224842119	-0.0450032332	0.0029331942	0.0601732254	0.0307746425	-0.0530405241	-0.0900546626	0.1544376656	-0.0963189371	0.0146154538	-0.0145659896	0.1004396509	-0.044265765	0.0556822978	0.0671676372	-0.0721707397	0.0255439512	0.0170521803	0.0377604539	0.0265198666	-0.0285318805	0.012612681	-0.0111426017	0.040391083	0.030928063	0.0844687815	-0.0674822296	0.0707282598	-0.0552388442	-0.0946361986	-0.1094567892	0.0224209486	0.0774138688	0.0098145826	0.0023708975	-0.152483039	-0.0433085199	-0.085319752	0.0941159889	-0.0680711579	0.0162336983	-0.0139147357	0.1098931989	0.0312452432	-0.0367754676	0.0526775984	0.0373900099	-0.0370714935	0.0271263507	0.0777278466	-0.0452572214	-0.0021464556	0.040603111	0.1128592321	-0.0878224878	0.1193134806	-0.1068099946	0.0305553275	0.0200038295	0.0284167171	0.063045118	0.0770853945	0.0757613435	0.0295154467	-0.0326188925	0.0580025178	-0.005456661	-0.042379061	-0.0411681356	0.1170617082	0.0230651399	-0.0320308384	-0.0263234278	-0.0636872311	0.0339842347	0.1145084052	0.0385736802	0.0702066852	0.0122921747	0.0186859928	0.0901218891	0.0165239866	0.0559804463	0.0186417189	0.035833236	-0.0462651054	0.0198735915	0.086376808	-0.0173218183	-0.007077663	0.0308820116	-0.0413353019	-0.1186179484	0.091708193	0.1027509517	0.1004486912	0.0848225394	0.0233348734	-0.0510070476	0.0366779611	0.1108214856	-0.0558112748	0.002005606	0.1087650112	0.0231432942	-0.0545628495	-0.0287043202	0.0682691787	-0.0529618238	-0.0108355413	0.0656245246	0.0692863841	-0.0655689253	-0.1143123471	-0.037423332	-0.095168439	0.0374845055	0.0041044491	-0.014676034	-0.0686164629	0.0103762424	-0.0255634272	-0.055204116	0.0074479431	-0.0847076712	-0.0340540046	0.0448936141	-0.0548563385	0.0542252021	-0.0319904618	0.0811565722	0.0796832699	0.0772475461	0.0738788195	0.0696177779	0.0645158866	0.0586347667	0.0520454508	-0.0195358878893188	-0.000184318655812	0.000381650915624	3.3973366880342975e-08	-0.0497033990726123	1.1366081337990663e-06	1.2918780498181962e-12	0.0024704278793713	0.0965031353099021	-0.0549356723204965	0.0093128551246412	0.0030179280933049	-0.001230107067026	-0.0005939663063471	3.527959730756171e-07	1.513163396347308e-06	-0.0006677263848444	0.0001190644970337	4.458585250173719e-07	1.4176354453887956e-08	0.0011805903262866	0.0002668404587974	7.120383045126028e-08	1.3937935185215005e-06	0.0	0.0	0.0
1823.6354298520848	-0.0353728311160921	0.0012512371811675	3325646.1810117983	2519.209055699608	15.686875149664957	246.078051961176	6346414.266318912	1963.3943628025809	2.905366432009941	8.441154104250177	3854917.423884952	2089.1772984929567	1528.4238363863053	1.078256	28.194489	0.0424471653244641	0.0218346497731006	-0.0273991507	0.0071001769	0.0219956308	-0.0103272908	-0.0149215307	0.0381827898	0.0279620343	0.0502076925	-0.0849159401	0.0230565929	-0.091113104	0.0169827588	-0.0435314125	-0.1638144266	0.0455207711	0.0607216157	-0.0015709077	-0.062571754	-0.036393102	0.0462307423	0.0289012884	-0.0149531538	0.0078685202	-0.069991159	-0.0234792141	0.0247890335	0.0857124451	-0.0054318523	-0.032100565	-0.1088880833	-0.0487737803	-0.0306781597	-0.1054024698	0.0064658221	-0.0057760759	-0.0041584853	0.0400953466	-0.0331717009	-0.0013169746	-0.0231813707	-0.0751172763	0.0044286913	0.0258471867	0.1296004575	0.0133850527	-0.0616222622	-0.0350373329	-0.034659906	0.0191189042	0.0460387386	0.0353433433	-0.0234685767	-0.0543621594	-0.0126214898	0.0848546027	-0.041565217	-0.0549310639	0.0218357045	0.102971265	0.0413050899	-0.0201170055	0.0442782652	0.0041995742	-0.021788498	-0.0150683468	0.1449998311	0.0424190407	-0.0352877087	0.0175279264	-0.0038323147	-0.0774210746	0.0735098077	0.0830608279	0.0236702503	-0.0001164057	-0.1069728129	-0.0142616286	0.0393888828	0.0567065893	0.014056755	-0.0008129132	0.0171011806	-0.002080842	-0.0613082096	0.0168540406	-0.0087880699	-0.0899924513	-0.0114074306	0.0336722599	-0.0600202205	0.0440456542	-0.0209744383	-0.0751941418	0.048208003	-0.0589444982	-0.0035688201	-0.0375362513	-0.0635218839	-0.0036806494	0.0094589057	-0.0155855276	-0.0269311652	0.0129580742	-0.0446391971	0.0190085253	-0.0303036079	0.0356889675	-0.0179940614	0.0029409124	-0.1196112568	-0.0133878633	0.0410952247	0.0605719434	-0.120330262	-0.0379924868	0.0543733654	0.0468909109	-0.0442407894	-0.0296989718	0.0109667726	-0.1080771234	-0.0259386475	0.0375818317	-0.0321563044	0.0134299048	0.0199617243	-0.0491868209	0.0466029746	0.0423183193	0.0046907473	-0.0432293751	0.0106455142	0.0547966216	0.021560293	0.0519114805	-0.006507201	0.0116613967	-0.0626729777	0.0810582975	0.0792927819	0.0763786853	0.0723582192	0.0672896215	0.0612463124	0.054315831	0.0465985677	-0.0173452657008397	0.0021906221884791	0.0003008582422327	4.798825572656962e-06	-0.0497452409488374	-4.1841876225100216e-05	1.7507426060366064e-09	0.0024745889970578	0.0793237224163121	-0.01717941289359	0.0062922529379801	0.0002951322273684	-0.0009741484826836	0.0002559585843424	6.551479689856552e-08	9.4896526631476e-07	-0.000554120207499	0.0001136061773454	3.070492043587349e-07	1.2906363531034481e-08	0.0012717313319222	9.114100563559994e-05	8.30668290826846e-09	1.6173005805926126e-06	0.0	0.0	0.0
1819.0298479584403	-4.605581893644512	21.21138457906617	3308869.5877637067	2516.666897477775	-2.5421582218332333	6.4625684248343065	6333612.272860409	1965.634204053504	2.239841250923064	5.016888829336596	3863717.824145052	2092.2189730759105	1555.9542368100128	1.0716	28.020447	0.072157857246788	0.0498021997909563	-0.0508943557	-0.0386596174	-0.0199926033	-0.0549468864	-0.0759900183	0.0882435859	0.0199073327	-0.0650461706	0.0759812715	0.0436641364	-0.0165910888	0.0525541062	-0.1004526707	-0.0172179875	-0.0386814176	0.0465658016	-0.011463381	-0.0003142038	0.1120533867	-0.0596884339	-0.0118128933	0.0352384861	0.0070176492	-0.016141956	-0.01128177	0.0333698551	-0.0737607981	-0.0970118257	-0.0614795153	-0.029637666	-0.0359339549	0.075717092	-0.0266121459	-0.0658233078	0.0180527641	-0.0069541619	0.0575842791	0.0084719938	0.0333468524	-0.0490633391	-0.0131465176	0.1242275002	-0.0833196197	0.0187942987	0.0597182462	-0.0892598191	0.0173651685	0.107151221	0.0272763048	0.0152746817	0.054142326	0.1210935859	-0.029555232	-0.001786871	-0.0788406507	0.0286819531	0.0288637016	-0.0242156264	-0.0571591467	0.0393423018	0.0912214409	0.0173032652	-0.0377525126	-0.1481877685	-0.0893642323	0.1330377496	0.1149636837	0.0724793992	0.0151146872	-0.0410993282	0.027373124	-0.1235757815	0.0013193025	0.0869389672	0.030873323	-0.0885629552	-0.0277389962	0.0367674059	0.005277633	-0.0330319106	-0.0461678022	-0.0354936622	-0.0697811292	-0.0050891152	0.0167013925	0.0971854875	-0.0061784045	-0.0025652505	-0.0009555743	0.0564216735	-0.0848740303	0.0372084716	-0.0187316903	-0.0150053739	-0.0996779154	-0.0382393736	-0.0116836252	-0.0502277899	0.0037610312	0.0613378245	0.0248449013	0.0186734499	-0.0941285984	0.035513151	0.1867888147	0.0158976124	-0.1012625728	0.1654852188	-0.0377513503	0.1201686355	-0.0239634326	-0.0260751933	0.0465929866	-0.0224971648	-0.0460422768	0.0866329486	0.0560097138	0.0162350313	0.0553501809	0.0979745108	-0.1228455247	-0.0508762888	-0.0176751786	-0.0657189543	0.0544832788	-0.0540456246	-0.0073183147	-0.0988437955	-0.0264359184	-0.0001960236	0.0342923555	-0.0348205237	0.0280876199	0.0067291839	0.0783434532	-0.0170263679	0.019233872	0.0474766683	0.0809511339	0.0788675135	0.0754344479	0.0707106781	0.064777029	0.0577350269	0.0497051625	0.040824829	-0.0171948200398048	0.0001504456610348	0.0002956618362012	2.2633896924227877e-08	-0.0496104539740116	0.0001347869748258	1.8167528582691186e-08	0.0024611971435075	0.1186748741960244	0.0393511517797123	0.0140837257654422	0.0015485131463899	-0.0008958693847957	7.827909788790004e-05	6.127617166143437e-09	8.025819546142259e-07	-0.0001796582871733	0.0003744619203257	3.227710015004393e-08	1.4022172977401094e-07	0.0014694197703329	0.0001976884384107	3.9080718681261135e-08	2.159194461445192e-06	0.0	0.0	0.0
1819.3214848951925	0.2916369367521838	0.0850521028781972	3309930.6654012483	2509.9486706028497	-6.718226874925222	45.13457234296751	6299842.329061013	1962.1620644396685	-3.472139613835452	12.055753497965403	3850079.967126142	2083.9919552921565	1532.3139555974071	1.127551	29.483477	0.1254606817709911	0.0801986147348328	-0.0366578656	0.0019588388	0.0801665596	0.0378017036	-0.0083430077	0.0315449171	0.0854784803	-0.0238610778	-0.0593342801	-0.0077843438	-0.0885266068	-0.0273038069	-0.0150545217	-0.0419435593	-0.0152935201	0.0675972082	-0.0483519256	0.0023803237	-0.0045475518	-0.0285530213	-0.0180201099	0.0548310655	-0.0079971736	0.0479323586	-0.0194351615	-0.0634176864	-0.0037644435	-0.0225218402	0.063287388	-0.0649151592	-0.0934566801	-0.0469569369	0.0676908866	0.0544738239	-0.0090654102	-0.0604437472	0.1077850863	0.0044897227	-0.0133375166	0.154853771	-0.0355072078	0.0161173863	0.0149660625	-0.0509768116	-0.0624637387	0.0357619442	-0.071313822	0.0203136937	-0.0498539921	-0.0301046826	0.1004085371	-0.074734491	0.0046683116	0.07964251	-0.00794625	-0.0640499665	0.0500100981	-0.0294972779	-0.1410641781	-0.0411248818	-0.0666131816	0.0230715782	-0.0084605508	0.095500172	0.036253733	-0.0018521881	-0.0099799242	0.0657655137	0.0451786886	-0.0925071579	-0.0090243477	0.0384300445	0.0557963678	-0.0206848847	0.0223648909	-0.0253648793	-0.0005103594	-0.0069369287	0.0930000972	-0.0562362985	0.0432874931	-0.0275975406	-0.0096327509	0.0003164749	-0.0945315767	0.0532655631	0.0524008454	-0.0311417027	0.0766110354	-0.0033984012	0.0610183573	-0.0054319097	0.0460242772	0.0555753525	0.0312190225	-0.00552203	0.0731846448	-0.0860096179	-0.0499276622	-0.0404453266	-0.0686217362	-0.0249959442	-0.0164138178	-0.1126590291	-0.0196852151	0.0136889248	0.0573902144	0.0107318075	0.0002336848	-0.0059285559	0.0138781533	0.1147838435	-0.007295675	0.0081875331	-0.0333528045	0.039465671	-0.0571041441	0.0160233989	-0.023582984	-0.0100821877	-0.0473375014	-0.0873372763	-0.0355082472	-0.0366084491	0.0202603039	-0.043250381	-0.0839054654	0.0397627131	0.0648866436	-0.0124412057	-0.1088887412	-0.0846641241	-0.0050320588	-0.0321302113	0.0537776783	-0.111918526	-0.076962199	0.0058928298	0.0808350932	0.0784076511	0.0744157659	0.0689390864	0.0620868871	0.0539958877	0.0448275254	0.0347647336	-0.033651132275466	-0.0164563122356611	0.0011323987034209	0.0002708102123975	-0.0497849260781606	-0.000174472104149	3.0440515126180846e-08	0.0024785388646079	0.0724875405643885	-0.0461873336316359	0.0052544435370738	0.002133269788	-0.0009907472217089	-9.487783691320014e-05	9.001803937327803e-09	9.815800573239044e-07	-0.0011631379139305	-0.0009834796267572	1.352889806822595e-06	9.672321762464814e-07	0.0012949259580124	-0.0001744938123204	3.044809053814184e-08	1.676833236734332e-06	0.0	0.0	0.0
1822.293389225657	2.97190433046444	8.832215349433293	3320753.1964155314	2528.0634948028915	18.114824200041767	328.1468557984188	6391105.033755009	1965.488413172444	3.326348732775614	11.064595892037932	3863144.702315132	2096.0101712228693	1510.357027859984	1.145534	29.953701	0.1050999450991472	0.0501316045481978	-0.0086982451	0.0229091813	-0.0690377241	0.028519808	-0.0596007687	0.0279285549	-0.0747596995	0.03954764	0.0765892959	0.0882197688	0.0014929529	-0.0275511892	-0.0699099343	-0.0139182685	0.0321686915	0.0812885489	0.0151793721	-0.0646628687	-0.0137188465	0.0426538098	-0.0509131409	-0.0451142726	0.05993714	-0.0610663494	0.0321199389	0.0109808184	-0.015406288	0.0645798047	-0.0207486926	0.0137295047	0.0211551068	0.0233616143	-0.0363065698	-0.0856716224	0.0626442542	-0.0550599691	0.0464011661	-0.028677515	0.0167155338	0.0127709404	0.1221258294	-0.0372617607	-0.0004133064	0.00643654	-0.0788416611	0.0096560159	0.0805553586	0.0229829094	0.0044775267	-0.0611328088	0.0286628445	-0.0122094915	0.0562660401	-0.0653368163	0.0258807961	-0.0700074263	0.064958174	0.0173594525	0.0220311717	0.0286123657	-0.1552512853	0.1191810386	0.061981125	0.0286813495	-0.0005284781	-0.0243386284	-0.0504690144	0.0289685356	-0.0178957607	0.101999016	-0.0294190566	-0.0301999844	0.0296873186	-0.0301022999	0.0356623168	-0.012006812	-0.0632226898	0.0269819632	9.19494e-05	-0.0366459355	0.0649672228	0.0249348131	0.0998561947	-0.0499894659	-0.0592356954	0.0203259981	0.0210108568	0.0717006298	-0.0506964906	0.0423788308	0.0108342734	-0.0572161907	-0.0484153865	-0.0114736236	-0.0229219884	-0.0865551979	0.1156547969	0.0074095824	0.0617873296	0.0967241308	-0.0410008821	0.0859424272	0.105568004	0.0270386998	-0.0191763347	-0.0396277978	0.0278924137	0.0930634017	-0.0312391315	0.023512209	0.1010095029	-0.0635893722	0.0076482502	0.0052048014	-0.0246799247	-0.0005754972	0.0495480901	-0.0495316183	-0.0348131751	0.0604636581	-0.067589363	0.0631581929	0.0039324554	0.0282117647	-0.0351541889	-0.0024956586	0.0249587318	0.0057456281	-0.1042296469	-0.0129264592	-0.0322752189	-0.0474977409	-0.0304323043	-0.0234547064	0.0154502842	0.0101134558	-0.0483844173	0.0686116445	0.0807101879	0.0779133966	0.0733236445	0.0670465522	0.0592265694	0.0500436514	0.0397091175	0.0284607885	-0.0466952730532455	-0.0130441407777795	0.0021804485255171	0.0001701496086305	-0.032159353505591	0.0176255725725696	0.0003106608085109	0.0010342240178975	0.0294991962189854	-0.042988344345403	0.0008702025775662	0.0018479977495589	-0.0006528849931495	0.0003378622285594	1.1415088548712433e-07	4.262588142798226e-07	-0.0009179380157979	0.0002451998981325	8.426102008469857e-07	6.01229900442374e-08	0.0013407015793883	4.577562137590002e-05	2.095407512349755e-09	1.7974807249742822e-06	0.0	0.0	0.0
1823.6016086660177	1.3082194403607446	1.7114381041377795	3325522.827129288	2507.6609139278016	-20.402580875089825	416.2653063645811	6288363.259241218	1964.0802900659755	-1.4081231064685653	1.9828106829706824	3857611.385825647	2085.817912406265	1541.8252596977131	1.038049	27.143141	0.0368614073447731	0.0267052730605951	-0.0655675096	-0.0402286891	0.0191009356	-0.0660667972	0.0359088402	0.0352521578	-0.0159607949	-0.0576674954	-0.038102557	-0.0053683035	0.0699796433	-0.0031070804	0.037263096	0.0402874965	-0.0866798308	0.007838679	-0.0224867595	-0.0771481946	0.0080204175	0.0548329376	0.0278230944	0.0319717238	0.0700069321	-4.82516e-05	-0.0107767235	-0.0508116546	-0.0958602968	-0.0553582577	-0.0891690704	0.1306141997	0.0746666645	0.0937184228	-0.0093384256	-0.0442710708	0.0593282636	-0.0567271159	0.0227051211	0.0167586397	0.0395729927	-0.0407022673	0.0411598202	-0.0799877728	0.0131488938	0.0714064091	0.0162399116	-0.0110980585	0.0589862907	-0.0702668413	-0.1323143762	0.034155033	-0.0149177159	-0.1343944196	0.0165892601	0.0940183176	0.0421957216	-0.0297515845	0.0589186123	0.060931133	-0.0369987632	-0.036804693	0.0088957266	0.0112390436	-0.0725963952	-0.0442030749	-0.0373804452	-0.0056445158	0.0392229204	0.0276124934	0.0497811698	-0.0007349176	-0.0181886418	0.0059285249	-0.0942665274	0.073548021	-0.0057013858	0.0289213151	-0.0274794083	0.0318476998	-0.1393563325	-0.0116363687	-0.0199727179	-0.0356400413	-0.0093094813	0.0543598263	-0.0166771365	0.0753296134	-0.0413189016	0.1423992244	-0.0012911832	0.0474522502	-0.0822753493	0.011118479	-0.0098067367	-0.0557371787	-0.1199759196	-0.0714770406	0.0170884775	0.0032557494	0.0195248838	-0.0314495971	0.0317779088	0.0812982561	-0.043685873	0.0079984116	0.0059508255	0.0050575998	-0.0370908861	-0.050171156	-0.0310364467	-0.032542641	-0.0620380424	0.1105501665	0.011186182	-0.1328690245	-0.0490866957	0.0368397392	0.0785424457	0.0032522883	0.0019532889	0.0253884428	-0.0348459501	-0.0524324245	-0.0684740046	-0.0251894528	-0.0175401324	0.0467000109	0.0092486736	-0.0107463511	0.0133720935	0.0461822339	-0.1048924421	-0.0475847272	-0.0111756839	0.0008008815	-0.0016461989	-0.0066681784	-0.0707209191	0.0381799546	0.0805764318	0.0773849666	0.0721591615	0.0650363955	0.0562039158	0.0458939156	0.0343774302	0.0219572114	-0.048653005037778	-0.0019577319845325	0.002367114899206	3.832714523261566e-06	-0.0318417204386918	0.0003176330668991	1.0089076518779114e-07	0.0010138951604958	0.0523305012459118	0.0228313050269264	0.0027384813606483	0.0005212684892325	-0.0006929810773756	-4.009608422610004e-05	1.6076959702665087e-09	4.802227736006474e-07	-0.0007559763481999	0.0001619616675979	5.715002390376565e-07	2.6231581771125033e-08	0.0013737385728925	3.3036993504199875e-05	1.0914429397965448e-09	1.8871576666527224e-06	0.0	0.0	0.0
1818.5056167878167	-5.095991878200948	25.969133222690026	3306962.678288838	2507.821892866229	0.1609789384274336	0.0259142186172234	6289170.646339156	1958.5167274775467	-5.563562588428795	30.95322867536451	3835787.771809359	2087.803276426705	1519.441623202195	1.229962	32.161343	0.2189309614006583	0.1457283150533367	0.0414194631	0.0464931022	-0.0625142023	0.0450018675	-0.0773776877	0.0675339244	0.0123205025	0.0040322575	-0.0269106894	-0.0024736999	-0.0135981221	0.0195513898	-0.0887731976	0.0143705041	0.0019397776	-0.0907749431	-0.0729074032	0.0737378613	-0.0099626457	0.0286217368	-0.0452012707	-0.0343570894	0.0577322127	0.0259053211	0.1056724332	-0.0575242769	-0.0249036116	0.1218113442	0.0448632719	-0.0013740444	-0.0216192266	-0.093139323	-0.0636793664	-0.0908507357	0.039072005	-0.0001074513	0.0985464137	0.095050323	0.102589442	-0.0670857095	-0.0482495129	0.1005531257	0.0959086258	-0.0598198045	0.0781893079	-0.0637320743	-0.0267441087	0.0474775514	-0.0126515439	-0.1336190361	0.00129123	0.0211660859	0.0030464232	-0.0242133641	0.0173734022	0.0656344021	-0.0086025518	0.0343164401	0.1418136565	-0.1167873297	-0.0187186611	-0.0636082385	0.0348334278	-0.0006919485	-0.0102599454	-0.0161147617	-0.0061109337	-0.1191353107	0.0135954496	-0.0138700104	0.0967957741	-0.0243974399	-0.0093628515	-0.033146171	0.0537276069	-0.0248548338	-0.0516818689	-0.0516346542	0.0418612909	-0.0363545878	0.1212966769	0.0256398687	0.1014855895	-0.0208295311	-0.0592406705	-0.1289250045	-0.0240687747	0.1157252438	0.0846221738	0.1084301163	0.0049540897	-0.0315518224	-0.0981204545	-0.0352373246	0.0670584481	-0.0098310219	0.0242131442	-0.0271682625	-0.1504458822	0.0676692486	-0.0340029598	-0.1115930478	-0.0472655972	0.1253019597	-0.0498245869	0.098237896	0.0305385687	0.0139187143	-0.1051042085	0.0617463522	-0.0546469774	-0.096918524	0.0356302245	0.0209719404	0.0221417602	3.44586e-05	-0.0630949565	0.031991412	-0.0143400814	0.0538414613	0.0737452104	0.1125306165	0.0127090133	0.0252574066	-0.072761469	-0.0251537271	-0.0121919333	0.0423909568	-0.0726456339	-0.0842676506	0.0288348566	-0.091092224	-0.0147930435	-0.0091906891	-0.0507607465	-0.0533439603	-0.0815187897	0.0477142642	0.0804338397	0.0768225931	0.0709234662	0.0629121428	0.0530272111	0.0415630576	0.0288611001	0.0152996203	-0.0128860754963255	0.0357669295414525	0.000166050941697	0.0012792732488232	-0.0161231936043435	0.0157185268343483	0.0002470720858421	0.0002599573720031	-0.0818680792064157	-0.1341985804523275	0.0067023823929479	0.0180092589954198	-0.0005268883875229	0.0001660926898526	2.7586781622505193e-08	2.776113729064817e-07	-0.0010488079240322	-0.0002928315758323	1.099998061512733e-06	8.57503318044281e-08	0.0011677243471269	-0.0002060142257656	4.244186121779962e-08	1.363580150872945e-06	0.0	0.0	0.0
1822.5738675405323	4.068250752715585	16.550664186970923	3321775.5026416536	2497.9122391624014	-9.909653703827644	98.20123652978494	6239565.5545573225	1962.9295188122849	4.412791334738131	19.47272736393993	3853092.295824628	2084.212944658035	1525.2005523705886	1.092528	28.567686	0.0769892929548551	0.0478058703885454	0.0165123043	-0.0694978813	0.0132013953	0.0189173452	0.0909304397	-0.0198825166	0.0016460049	-0.0113172429	-0.0768246796	-0.0587173491	0.0998811896	-0.0508995018	0.0396994052	0.1113213511	-0.0242175505	-0.0566201058	0.0181095339	0.0279005538	-0.0060505224	0.0096363532	-0.034778536	0.0970119032	0.0143424379	0.082689061	0.0691711106	-0.0021064546	7.3441e-06	0.0609753271	0.0805190304	-0.0542401086	0.0914608873	-0.017687946	0.0412391325	-0.0317862766	0.027411377	-0.0519709059	-0.0705629438	-0.0645912732	0.1426722645	0.0875542777	0.1150776758	0.0005227715	-0.0090805889	-0.0376343202	0.0058798918	-0.0051724301	0.0251702494	-0.0166352337	-0.0132915356	0.0196133464	-0.1111016729	0.0567652081	-0.0210566242	0.0247421827	0.0143430733	-0.0519288364	0.0162634748	0.0855312678	0.0889951975	0.0060781097	0.058561951	0.0751722852	0.1060971781	0.0227557375	0.0356063668	0.0291928559	-0.0280286829	-0.0702549023	0.0084276687	-0.0191046414	0.0377144568	0.052028757	-0.1214923471	0.024374525	0.0319789903	0.1091090137	0.0286261398	-0.0851888276	0.0394090332	0.0520586114	0.1005912559	0.0033678816	0.0502951579	0.0531999141	-0.0373753209	-0.049212459	0.0844977548	-0.0294986791	0.0229942487	0.0501280367	0.046309929	0.06109668	0.0620602705	0.0199850054	-0.0167666596	-0.0365404043	0.0421624433	0.018430996	0.1226055555	-0.0213851115	0.0371434282	0.0544665375	-0.1193798852	0.0025887686	-0.0292621948	-0.0352846461	0.0747363655	-0.0403675694	0.1195949795	-0.0240007944	-0.0284422495	-0.006215285	0.0114150142	0.0291378195	0.0265656272	-0.019403419	-0.0439128209	-0.0296073171	0.0387467176	-0.0389917635	0.1372983681	-0.0662289498	-0.0216275853	0.0372651371	-0.0876707945	0.0050422009	0.0666520906	0.0747557364	0.0418026659	-0.0738639276	0.0003028713	-0.0657177794	-0.0709700906	-0.0203248185	-0.0731292738	-0.0276282956	0.0131137823	0.0498895706	0.080282427	0.0762265226	0.0696177779	0.0606775209	0.0497051625	0.0370681691	0.0231897558	0.0085347133	-0.0166714244251693	-0.0037853489288437	0.0002779363923641	1.43288665130989e-05	-0.0211835128201585	-0.005060319215815	2.560683056594656e-05	0.0004487412154018	-0.083245637804552	-0.0013775585981363	0.0069298362134866	1.8976676912992627e-06	0.0003578892344584	0.0008847776219813	7.828314403588842e-07	1.280847041412196e-07	-0.0008488365169039	0.0001999714071283	7.205234324295448e-07	3.998856366887236e-08	0.0009171520519953	-0.0002505722951315	6.278647508751762e-08	8.411678864791894e-07	0.0	0.0	0.0
1821.917041830972	-0.6568257095602803	0.4314200127393657	3319381.70731412	2497.2308740140834	-0.6813651483180365	0.4642584653424599	6236162.038129143	1962.447241595411	-0.4822772168738538	0.2325913139155902	3851199.176045437	2084.9302032062246	1521.6515463528183	1.1877	31.056263	0.2405277404432388	0.1308851327171587	-0.0472784018	0.0635949289	-0.010456996	-0.041717732	-0.0319830833	-0.0341720575	-0.0399573922	-0.0301270149	0.0163754375	-0.0764871532	-0.0521372336	0.0452018538	0.009841795	0.0619681607	0.0425543594	-0.0470538771	-0.0357577951	-0.0115064146	0.0007999122	0.0109362331	0.0016064277	-0.0038764257	-0.0393373442	-0.0760934336	-0.0901680236	0.0616119988	0.0590022003	-0.0276497891	-0.0447052646	-0.0337379209	-0.0253396445	-0.0314631148	0.0603900299	0.0071463321	-0.032325379	-0.0298388093	-0.0335350031	0.0183150109	-0.0692147048	-0.073631524	-0.0987722522	-0.0686725624	0.1105395294	0.0003999395	-0.0998339703	-0.0360641434	-0.004109235	0.0154157117	-0.0253308376	0.0410735298	-0.0727257469	-0.0631927941	-0.019875349	-0.038624245	-0.0905894161	0.0639049088	-0.0290017619	-0.0311366122	-0.0049939421	0.0546964242	-0.0454784229	-0.0322134273	0.0666952021	0.0017948231	-0.0852277241	0.1503642472	-0.0599634509	0.0702599258	0.0490315261	0.0140116055	0.0174184719	-0.0065237677	0.0620826596	0.0247780796	0.0147508347	0.0302306303	0.0018654017	0.0631502156	-0.0727503556	-0.0016429782	-0.1221477023	0.0246242515	-0.0737529065	-0.0446006742	0.0440012693	-0.0268294325	-0.0069774192	-0.0338395872	0.0173541277	0.0249742559	-0.0166608386	0.0587982708	-0.0586848694	0.0316346342	0.0912731239	0.113155624	-0.1147328577	-0.020317722	0.0527295807	-0.0092211211	0.1228589329	0.0146567317	0.0465172192	-0.0671929715	-0.0730418413	-0.0053689474	0.0175404103	0.0555634173	0.0180729115	0.0123779968	-0.1017205056	0.0069524879	-0.0157436956	-0.0237716335	-0.0313119633	-0.0153942565	0.0151819564	0.064895444	-0.0450029034	0.0156576989	-0.047619408	0.0179816709	0.0153335103	0.0072429604	0.0344860238	0.0134018505	0.1111870811	0.0692528091	-0.0350670704	-0.0134851303	0.0367835613	0.01623734	0.0508018345	0.0319926206	0.0287932104	0.0292702649	0.0713280648	-0.0685043674	0.0801222105	0.0755970167	0.0682433853	0.05833645	0.0462468756	0.0324269895	0.0173938582	0.0017099414	-0.0228415258897314	-0.0061701014645621	0.0005217353049712	3.807015208299139e-05	-0.0281317664144751	-0.0069482535943165	4.827822801093351e-05	0.0007913962815985	-0.0003235100395997	0.0829221277649523	1.0465874572179947e-07	0.006876079273067	-0.0009740047136666	-0.001331893948125	1.773941489052e-06	9.486851822447554e-07	3.688065253215633e-05	0.000885717169436	1.360182531197649e-09	7.844949042338196e-07	0.0002450180171682	-0.0006721340348271	4.5176416077295734e-07	6.003382873703638e-08	0.0	0.0	0.0
1817.738395863456	-4.178645967516104	17.461082121838597	3304172.87579625	2517.88736043762	20.65648642353653	426.6904313657492	6339756.759851525	1962.9696280411847	0.5223864457736909	0.2728875987280693	3853249.760612147	2090.5824853083827	1553.721020781021	1.147661	30.009298	0.1692453889405675	0.0855336564218418	-0.0622386189	-0.1069126529	0.0119221089	-0.0649680619	-0.0032419473	0.0170842948	0.0297804697	-0.04583776	0.0021395292	0.0686553174	0.0667585705	0.0170993199	0.0177653135	0.0265372903	-0.062645924	-0.0247083173	-0.0189355079	0.0130233259	0.0575057807	-0.0264541175	0.0600962094	0.1254676907	0.0207763956	-0.0066483343	0.003710974	0.0663471926	-0.0235093444	-0.0402556598	-0.0468511426	-0.0596743023	-0.0327787228	-0.0372115829	-0.0751569306	0.0094299005	-0.0176672569	-0.0328516148	0.0541999282	-0.0075618431	-0.0074260628	-0.0601873996	0.0441557401	-0.1255184981	-0.0766435363	-0.0552607117	0.0438345078	0.0748720279	-0.0267367688	-0.0299561029	-0.0597786428	-0.1475539861	-0.0628486945	-0.0171816014	-0.0599918305	0.0262762957	0.0875396235	-0.0973097587	-0.0616294533	0.014080801	0.0291623505	0.070526356	0.0014961995	0.0415473819	-0.0624964701	0.0322862615	0.0741431688	-0.001796461	-0.0348200953	0.040971841	0.0096804607	-0.0484720809	0.0089267959	-0.0690522131	-0.0666393274	0.0744673732	-0.0212370834	0.0710133019	0.0408647648	0.0408860311	0.0324366328	-0.1044016118	0.0127938249	0.0152735794	0.0335799832	-0.0096631564	-0.0240171234	0.0214084665	-0.0453609839	-0.0676836984	0.0405768263	0.0197364145	-0.0616597609	0.0375927849	-0.0104769852	-0.0652567905	-0.0391060143	-0.0165300148	-0.1130788477	-0.0263410445	0.0829097848	-0.052750489	0.02544377	0.0845679479	0.0058548251	-0.012771758	-0.0431513831	-0.0904437249	0.0043418929	-0.1349921513	-0.0366997347	0.0523017271	-0.0456933985	0.0082096429	0.1118517568	-0.0510513237	-0.0435744829	0.0538784797	0.0528208754	0.0014915853	0.0674787716	0.044123338	-0.0220042148	-0.0938963056	-0.0847738052	-0.0208929298	-0.0364827632	-0.0075384248	0.1195366693	-0.0371389025	0.0282036641	0.0274458654	0.0138556217	0.0361473962	0.0767117574	0.0095122372	-0.039198047	-0.0647119209	-0.0008788339	0.0730802025	0.0799532077	0.0749343514	0.0668016447	0.0558930371	0.0426618292	0.0276578354	0.0115045374	-0.0051268245	0.0084907031042433	0.0313322289939747	7.209203920440681e-05	0.0009817085737308	-0.0405624774256949	-0.0124307110112198	0.0001545225762444	0.00164531457491	0.0731822059659705	0.0735057160055702	0.0053556352700457	0.0054030902854915	-0.000497956947238	0.0004760477664286	2.266214759216589e-07	2.479611213025883e-07	-0.0001356583616232	-0.0001725390141553	1.8403191078290905e-08	2.9769711405702254e-08	0.0006359658951803	0.000390947878012	1.5284024332216379e-07	4.0445261983248026e-07	0.0	0.0	0.0
1817.6115272640848	-0.1268685993711642	0.0160956415064009	3303711.664043279	2504.2375535051483	-13.64980693247162	186.3172292937503	6271205.724385451	1958.829076331432	-4.140551709752799	17.14416846113683	3837011.350281451	2083.528424439877	1496.3621451764682	1.276843	33.387196	0.0926418399341	0.0410709894556572	-0.0452455097	0.1006791031	0.0054751768	-0.0018619079	-0.0159734721	-0.0357312243	0.0293396616	-0.0150895703	-0.0060065724	0.0054072068	-0.1103017528	0.0136537123	0.0571502347	0.1125897166	0.0282371763	0.020228756	-0.0668064016	0.0277453102	-0.0176411957	-0.0374162408	-0.0746683371	0.0325906263	-0.0331227588	0.0513419208	-0.1498195104	0.0380214707	0.0023251763	-0.0520527802	0.0209117037	0.0430086755	-0.0091099715	0.0179193325	0.0476921523	-0.1524716193	0.0298390037	-0.0658023222	-0.0188886134	-0.120919642	0.0114159271	-0.0865023816	-0.090153116	-0.0007173894	-0.0676074959	-0.0128177851	-0.0941096993	0.149627525	-0.0706637008	0.1026122232	-0.0402606225	-0.0082890217	0.0072340415	0.0923929951	-0.019494911	-0.0169071885	0.1616844824	-0.024031737	-0.0219810907	-0.0088587149	-0.0114478087	0.0253597777	-0.0358055076	0.0529640657	0.0236562967	-0.0990635362	-0.073391411	0.0096693124	0.039453239	0.1135368585	0.0414411583	-0.0423218469	0.0310626749	-0.0125929241	0.078548759	-0.0040702252	0.0871804438	0.0761089772	0.0262249841	0.0461476334	-0.0536639277	-0.0294926652	-0.0255988823	-0.0180729214	-0.0028591199	0.0513390502	0.0487896916	0.0512707299	0.0076085662	-0.0841059603	0.0136392918	0.0750117147	0.0656263829	-0.0885873677	-0.0199475403	0.0008428326	-0.0079355207	-0.0368402951	0.0430783272	0.0565401887	0.0630186856	0.1024813651	0.1183802991	-0.065491563	-0.0192686566	-0.0835083541	-0.0633090594	-0.0444931392	-0.0262954782	-0.0017591853	-0.0314502367	0.0359035776	-0.0401150754	0.0687134165	0.0836337431	-0.0180609305	-0.0356165032	0.0524088954	-0.0828505928	0.0598101457	-0.0628693666	-0.0288961524	-0.1381122741	-0.0221244569	0.0529736932	0.0087692556	0.0494273789	-0.0193031746	0.0398398804	-0.0034974998	0.0760216631	0.0730950803	0.0547310319	0.0612078036	0.0941952108	-0.0037970906	-0.0223947065	0.0857999428	0.1401321189	-0.0527847116	0.0797754371	0.0742388174	0.0652939789	0.0533515689	0.0389598496	0.0227795284	0.0055534252	-0.0119276293	0.0252921234796303	0.016801420375387	0.0006396915101088	0.0002822877266304	-0.0161647270015237	0.0243977504241712	0.0005952502257601	0.0002612983990337	0.0488629222739547	-0.0243192836920157	0.0023875851731505	0.0005914275592927	-0.0008590071571019	-0.0003610502098639	1.303572540427663e-07	7.378932959522883e-07	2.071611094112136e-05	0.0001563744725643	4.2915725252484815e-10	2.4452975669769696e-08	0.0006610089216026	2.5043026422300092e-05	6.271531723880206e-10	4.369327944382323e-07	0.0	0.0	0.0
1819.0019130671465	1.3903858030616902	1.9331726813555008	3308767.959741939	2513.827208069549	9.589654564400917	91.96147466453532	6319327.232030745	1962.1334050696669	3.304328738234972	10.91858841032552	3849967.4992902856	2093.1017663200773	1536.2171977899252	1.232457	32.226562	0.2037213284096426	0.1075090432890129	-0.0090625735	-0.0394001755	-0.0188238823	0.0074685517	-0.0501958935	0.0418871508	-0.0396101927	0.0293847726	0.030680114	0.0596717348	0.0054445567	-0.0584687878	0.0193983803	0.0180636996	-0.0448765421	0.0366169677	-0.0262753191	0.0233852356	0.0235167648	-0.0759043826	0.0006312737	-0.0446986384	0.0164360584	-0.0170509735	0.0728028492	-0.0105185814	-0.0019898859	0.0839194358	0.0616941087	0.015916961	0.0515687001	0.0414182852	0.1285282738	-0.0123427198	0.0454408087	-0.06615719	-0.099867716	-0.0026732911	-0.0176655431	-0.0061923125	-0.0668170306	-0.0564363977	-0.0547999609	-0.0124718726	0.0247425636	-0.0074713449	-0.116715463	0.0200203232	-1.443e-05	-0.0214329888	-0.0265027791	0.0472738981	-0.0281854835	0.0280172253	0.0033200937	-0.0336724123	0.0328203448	-0.0370201386	0.1087798337	0.0520706054	-0.0215869005	-0.0194960934	-0.0782370499	0.0183719613	0.0068495467	-0.0179690277	-0.0908299327	0.0241112247	-0.025249773	0.0577773812	0.0164854578	-0.0827281912	-0.0133272702	-0.0584122183	-0.0439975981	-0.0077578922	-0.0618015466	-0.0144486259	0.0571263077	-0.0269295243	0.0328118745	-0.0252119695	0.0146787742	0.1239841912	0.0578380588	0.0298208949	0.0905029541	-0.0112287724	-0.046776808	0.0333688065	-0.0844458563	-0.0769932917	0.0281592478	0.1110415779	0.0484359252	0.0559732539	0.0396410414	0.0080980825	0.0188145811	-0.0238452762	0.054531653	-0.078259497	-0.0571256315	0.0388137791	0.0081615992	-0.0643820402	-0.0249025787	-0.068506812	-0.0793925942	0.0277782189	-0.0252739845	-0.0108582838	0.044979919	-0.0256736979	-0.011896591	-0.0060448462	0.0523072765	-0.0361413001	0.0604657165	0.0446687184	-0.0348299657	-0.0238415125	0.0457798235	-0.0192557024	0.0315128214	-0.0956219091	-0.0107669451	-0.1395058811	-0.0414235698	0.0093686395	0.1526555964	0.0447217607	0.0374893311	0.0782769383	-0.0224378654	0.0422845526	0.0266029884	-0.0931402114	0.0795889182	0.0735107199	0.0637218759	0.0507165039	0.0351510839	0.0178113211	-0.0004275147	-0.0186447705	-0.0072759914160513	-0.0325681148956816	5.2940051086452205e-05	0.0010606821078583	-0.0101834595224516	0.0059812674790721	3.577556065620553e-05	0.0001037028478454	-0.0385435989700653	-0.08740652124402	0.0014856090215652	0.0076398999559813	0.0001979366434403	0.0010569438005422	1.11713019750459e-06	3.9178914816412463e-08	0.0002920429693191	0.0002713268583779	8.528909592871677e-08	7.361826407726368e-08	0.0004339710847054	-0.0002270378368972	5.1546179382959614e-08	1.8833090236038145e-07	0.0	0.0	0.0
1814.768320748041	-4.233592319105355	17.92330392438786	3293384.057990665	2498.0840500871795	-15.743157982369668	247.8470232578497	6240423.921299966	1960.2825394277493	-1.850865641917608	3.425703624431078	3842707.6343853055	2082.454036005141	1520.5836641913354	1.104873	28.890476	0.0999140047944652	0.0480901006577051	-0.0079591373	0.0554597849	0.0796153307	-0.0232864445	-0.0151530692	-0.0521306249	0.0670776811	-0.0151162834	0.028298283	-0.0622949702	-0.0431903846	-0.0319617215	0.0126525126	-0.0568705213	-0.0838919338	-0.0322160425	-0.0440220513	0.0531459456	0.0297577142	-0.0395298141	0.0766815724	0.031775169	-0.0566199639	0.0216768015	-0.0066899602	-0.0156569596	0.0160797279	0.0505659414	0.0255442654	0.0217451182	0.0149804301	-0.0461711963	0.0837335771	0.1290667228	0.015485075	0.0289084552	0.0542196684	-0.0601746801	-0.0256695118	0.0611567801	-0.0492811127	0.0242738812	-0.057963714	0.0258700835	0.0127862169	0.0562951656	-0.0043923103	0.0245736416	0.1459851551	0.0264214942	0.0070849294	0.0433563515	0.1021253167	0.0552224505	-0.0774026593	-0.0234891176	-0.0226382972	-0.0331963295	-0.0011346691	0.0405067343	0.0320824944	-0.0270515318	0.0308236717	0.102654419	0.012017475	0.004027044	-0.0320777433	-0.0647976276	0.0114574504	-0.0733075916	0.0133148094	0.0071393359	0.0583903545	-0.056411951	-0.103772902	0.0363395705	-0.0146612997	-0.0694173865	-0.0166213559	-0.0228998401	0.065962286	-0.0053299476	-0.0317423514	0.0527958394	-0.0793584564	-0.0894110466	-0.0036287625	0.035488124	0.0002798858	-0.0066200543	0.0097592479	0.0874256234	0.043753517	0.0309243615	0.0584163217	0.0715112457	0.0326165967	0.0539608065	0.0336902136	0.0382379552	-0.0390838829	-0.0563736492	-0.0290282164	0.0037617739	0.030964257	-0.0642746274	-0.0040506287	-0.073726336	0.0443124328	-0.0394032713	-0.005024523	-0.0302890496	0.0430832441	0.1086900991	0.0032728687	0.0160475305	0.0209422744	0.0949797568	-0.0176571152	-0.0656985569	0.101001492	-0.0142746739	0.0473220143	0.0059205778	0.0195057426	-0.0731977307	-0.0676065946	0.0149499431	0.0692403804	0.0136039379	0.0778232588	0.0074628942	0.0659683132	0.0021820453	-0.0051556762	-0.0315532788	-0.0027887988	0.0742254696	0.0793936715	0.0727503781	0.0620868871	0.0479924649	0.0312459714	0.0127728206	-0.0064061583	-0.0252311319	0.0066904318706377	0.013966423286689	4.476187861564468e-05	0.0001950609794229	-0.0163631846346277	-0.0061797251121761	3.818900246205992e-05	0.0002677538113869	-0.0554091685771354	-0.0168655696070701	0.0030701759624094	0.0002844474381709	0.0005840841614051	0.0003861475179648	1.4910990563037557e-07	3.4115430760429894e-07	-0.0002097648387378	-0.0005018078080569	4.4001287570695245e-08	2.518110762268706e-07	0.0008040614944543	0.0003700904097489	1.369669113881087e-07	6.465148868640823e-07	0.0	0.0	0.0
1819.014707769893	4.246387021851888	18.031802739352145	3308814.507083189	2494.8655559203635	-3.218494166816072	10.35870470182908	6224354.142117824	1960.5087412436176	0.2262018158683076	0.0511672615021197	3843594.524492634	2087.075490597785	1494.51149188238	1.167154	30.519005	0.0824659059813901	0.0470229607143903	0.0490629937	0.0266895228	-0.1217992048	0.0762313975	-0.0287100371	0.0437420508	-0.0790687285	-0.005881616	0.0733344291	-0.0805309612	-0.01065336	-0.0201791804	0.0180096361	0.0530527194	0.0170948343	0.0427126547	-0.0455472407	0.0794719273	-0.001756103	0.0388504033	-0.0716361187	-0.0112695172	0.02095171	0.0143477253	-0.0026389646	0.0014958491	-0.0474105647	0.0812671961	0.0034882545	0.0115839532	0.0273963266	-0.018861876	-0.0650658773	0.084942289	0.0262986908	-0.0166186535	-0.064996703	-0.04097656	0.0780371766	0.0477179426	0.0552111061	0.0835041806	-0.0786328063	-0.041391691	0.0704010495	0.0353721139	-0.1068012291	-0.0852851589	-0.036738713	-0.0894166379	-0.0014741341	0.0669953627	0.1013976979	-0.1458140444	-0.0004465627	0.0334585008	0.0864645393	0.0330959688	0.0605516379	0.0802400639	-0.0145738953	-0.0217325107	-0.0111903454	-0.0354026571	-0.0061545741	0.0044652539	0.0714090366	-0.0301416081	0.0124313503	0.0572058473	0.1104723356	-0.0080051709	-0.0115873054	-0.0660677836	-0.0062633167	-0.0219713855	0.0226470867	-0.0651238462	0.032044883	-0.0033393358	0.0846165534	0.0753767679	0.0534224745	0.0298547726	0.0173010707	-0.0741614751	0.0045811078	-0.0564097577	0.0668783997	-0.0121243203	-0.014576025	0.0227628779	0.0665768663	-0.0948518937	0.001160028	-0.0113028908	-0.0465153656	0.0321243128	0.0308642954	0.0489785276	0.0142406282	-0.0060811074	-0.0127316482	-0.0092559111	0.1554437704	0.0097317283	0.1211284417	-0.0583502387	0.0552044718	0.0338309008	0.1801471458	-0.060615404	-0.045629077	0.0985132892	0.0341025249	-0.0222727906	-0.0761113175	0.0076950304	0.0490160208	0.0906400047	0.0746157157	0.0665110119	0.0636872824	0.0379126086	-0.0767350073	-0.0778662176	-0.0071922941	-0.0093765684	-0.0423493515	-0.0004455258	0.0359480113	0.0034820418	0.0664894674	-0.0613211471	-0.0859086449	0.0249251886	0.027820763	0.0494476374	0.0791897184	0.0719581255	0.060390626	0.0451842308	0.0272552159	0.0076839116	-0.0123503943	-0.0316405151	0.0144670537931261	0.0077766219224884	0.0002092956454532	6.047584852532718e-05	0.0016011355641865	0.0179643201988142	0.0003227168002055	2.563635094902822e-06	-0.1001572845567793	-0.0447481159796439	0.0100314816497876	0.0020023938837276	0.0005840170198852	-6.714151990004463e-08	4.5079836944880865e-15	3.410758795155901e-07	-3.824534453422679e-05	0.0001715194942035	1.4627063785417106e-09	2.9418936891849586e-08	0.0008720118163397	6.795032188539995e-05	4.6172462443294635e-09	7.604046078360626e-07	0.0	0.0	0.0
1819.8703790856755	0.8556713157825016	0.7321734006529574	3311928.1966734403	2508.6060278881555	13.740471967792018	188.80056989767823	6293104.203156789	1962.8901528185747	2.381411574957156	5.671121089339921	3852937.752032128	2089.650987497479	1511.958072890027	1.122525	29.352049	0.0988351397756685	0.0685563979737364	0.074241292	-0.042378629	0.0160638739	0.0416817757	0.0945880838	-0.0585274027	-0.0053802432	0.0758219908	-0.0329500037	0.0083410309	0.0663109011	-0.0790751121	0.0430242233	0.0272077089	-0.017673742	-0.1235923521	0.1219109389	0.0149160934	-0.0830409033	-0.0033573339	-0.0198542661	0.0158478481	-0.0101023745	0.0923035111	0.0956297902	-0.0066816989	0.0454320674	0.0360427777	0.049330873	0.0602861869	0.055870751	0.0217981128	0.0817002414	0.0248250832	0.0118061073	-0.0182282157	-0.0320581403	0.066431519	0.0096027485	-0.1173000385	0.0510590405	0.0146820721	0.0134626269	-0.0307693874	0.0120787628	-0.0792016291	-0.0911793889	-0.0025989009	0.0643275417	-0.027068541	-0.1602285331	-0.0555452505	0.1191780397	0.0233482758	-0.03284432	-0.0418254703	0.0861808891	0.0915304059	-0.0218030529	0.073682489	-0.0904205474	0.030166031	-0.0251360184	-0.0109324038	0.0424855999	-0.0138961359	0.0320994621	0.0733015986	-0.0698944433	0.0273301295	-0.0149606897	0.0717378553	-0.0807324344	-0.023701663	0.0422022634	0.0802923172	0.0780411946	-0.0920825116	0.0744494015	0.0426417622	0.0575305524	-0.0083317679	0.0259851359	-0.0374477074	-0.0319200404	-0.0860985018	0.0578311402	-0.0155594917	-0.0546580814	0.0202212304	-0.0699884176	-0.0472003222	-0.0130426308	0.0617974693	-0.1013162766	0.0086718959	-0.0337247139	0.0371853464	0.0532045823	0.0106651643	0.0557172737	-0.027209817	0.0460432474	-0.0195471406	0.0969035959	-0.0442810415	-0.0068233686	0.0581684352	0.0448484622	0.0236573463	-0.0423742667	-0.0253511713	-0.0548050619	0.0448670996	0.0593510507	-0.0361578591	-0.0505437014	-0.0768858721	-0.0209742038	-0.0885425362	0.1035639989	-0.0137584532	0.0411329083	0.0798278139	-0.1111798244	-0.003976738	0.0517088718	-0.0030139004	0.0812537585	-0.0422091414	0.0251559638	0.0015431977	0.0005438433	-0.0237198869	-0.1073566871	-0.0322051074	0.0414675078	-0.0151559008	0.0789770813	0.0711343098	0.0586347667	0.0422967282	0.0231897558	0.0025646777	-0.0182282956	-0.0378279629	0.0038698021131722	-0.0105972516799539	1.4975368395112025e-05	0.0001123017431682	-0.0056082695485315	-0.007209405112718	5.197552207928444e-05	3.145268732898571e-05	-0.1619868787984373	-0.0618295942416579	0.0262397489028596	0.003822898724088	0.0006901374433224	0.0001061204234372	1.1261544270490637e-08	4.762896906755789e-07	-0.000315199815644	-0.0002769544711097	9.935092378201157e-08	7.67037790676942e-08	0.0008711089360599	-9.028802797998984e-07	8.151927996515432e-13	7.58830778483411e-07	0.0	0.0	0.0
1823.8158155226656	3.945436436990122	15.566468678329304	3326304.1289506056	2511.366433563817	2.760405675661332	7.619839494223293	6306961.3636310445	1970.040947380967	7.150794562392321	51.13386287353958	3881061.334357698	2097.5670359157466	1515.1837119289496	1.051329	27.490404	0.0535890495201144	0.0335526539567519	0.0699380614	0.0485679458	0.0039107472	-0.0413128417	-0.0286727962	-0.1238495411	0.0082061379	0.0888371419	0.0316037853	0.0038597839	-0.0323540392	-0.0071158694	0.0273427292	0.0296159255	-0.0104152908	-0.1642615771	0.086184095	0.0053368019	0.0855193237	-0.0343712398	-0.0107867074	-0.0142958879	-0.0449141459	0.0106948918	-0.0100940695	0.009555926	0.1068024278	0.076957937	-0.0099012934	0.062715501	0.0161680553	0.0298088641	0.0764770027	-0.0525187053	-0.0700385904	0.0925797816	-0.0063807111	0.00293407	0.045023605	0.2038426701	0.0064114102	0.0126267093	-0.0681832216	0.0070208271	-0.071796398	-0.0878072234	-0.0260510162	0.0444898017	0.1068526411	-0.0274850503	0.0755091816	-0.0414686441	-0.0027608367	0.0492102746	0.0180514354	0.007242571	0.036419687	0.1454593963	0.0233171087	0.0239426933	-0.0185277542	0.0281429399	0.0024634143	-0.0071719294	0.0526524176	0.0456760503	-0.0008239116	-0.0110075828	-0.0868846857	0.0225425499	-0.00840196	-0.040434978	0.0877376392	0.0424745086	-0.0363908087	0.0811413899	0.0738965258	-0.0950603768	0.0013339986	0.091294395	0.0562630089	0.0362490704	-0.0890571156	0.0019426565	0.0869034912	-0.0935543692	0.0432442273	-0.0055306087	0.031827	0.0143832162	0.0210830774	0.0853353388	-0.0629706777	0.057052948	0.0214893502	-0.01516162	0.1631620018	-0.0711991756	0.0054088565	-0.0142598318	0.001240563	0.0730214588	0.0989480991	0.0106091153	0.0624814594	-0.0422610672	-0.0783440509	0.0610242543	-0.0780456071	-0.0521614405	0.0567960246	-0.0863944729	-0.0019318903	0.0101038413	0.0640116141	-0.0175684127	0.0441104017	0.0245573964	-0.025294833	-0.0566612917	0.1208063834	0.0660991366	0.11052796	0.089972826	0.0147721538	-0.0011032363	0.071859821	0.0759090844	-0.0361205252	-0.0258464115	0.1278015659	-0.0185835323	-0.0165388608	0.0077936163	-0.0734400261	-0.0091075012	0.0654696632	-0.019341163	0.0787557834	0.0702792922	0.0568210419	0.0393350228	0.0190607341	-0.0025646777	-0.024008292	-0.0437500746	0.0022813593032253	-0.0015884428099468	5.204600270412627e-06	2.5231505604720024e-06	-0.0161987770225948	-0.0105905074740632	0.0001121588485581	0.0002624003770277	-0.1916226249506465	-0.0296357461522092	0.0367192303929761	0.0008782774499981	0.0005841769705207	-0.0001059604728017	1.1227621796359811e-08	3.412627328867428e-07	-0.0003767254944759	-6.152567883190003e-05	1.4192209818811138e-07	3.785409155726111e-09	0.0009391098461042	6.800091004429993e-05	4.624123766852971e-09	8.819273030498542e-07	0.0	0.0	0.0
1816.6360093236565	-7.179806199009136	51.54961705533001	3300166.39037138	2507.30048425901	-4.065949304806964	16.53194374926023	6286555.718365465	1960.4951109398069	-9.54583644116019	91.12299336138186	3843541.080018885	2086.7421828610945	1540.4598323157586	1.168792	30.561846	0.182391568040058	0.0997722712639602	0.0530055721	-0.0627222385	-0.0619030838	-0.0220303487	0.0290434227	-0.0080444332	0.0149406048	-0.0342614763	0.0394910095	-0.0019546387	0.0681785222	0.0668617698	0.0454601959	-0.0265246888	-0.0655453609	-0.0948341514	0.0173644141	0.0806152448	-0.0140699172	-0.0749657979	-0.0582532843	-0.0481713226	0.0475190605	0.0452581855	0.0484686204	-0.0040665181	0.0336589845	-0.0401827545	0.0986874364	-0.0647482179	0.1186602687	-0.0261890563	-0.0946381414	-0.103386321	0.0252317077	-0.0054038114	0.0101136407	0.0766840742	-0.0453327352	0.0330458008	0.0905241167	-0.0350783963	0.0177208538	-0.0415866895	-0.1734561572	0.012551154	-0.0891221304	0.0050715897	-0.0103525001	0.0337923775	-0.0299845044	0.01867685	-0.015857745	-0.1342639115	-0.114275739	-0.0002859325	-0.0248567506	-0.0248882186	-0.0485930488	0.0474358848	0.0409718695	-0.0225997473	0.004015021	0.0670384254	0.071877145	-0.0794551627	0.0137414675	-0.0766574388	-0.0077917603	-0.0319242384	0.0570990895	-0.0529493204	-0.0775920213	-0.0392974415	0.0092441981	-0.0449171829	0.1429629565	-0.005086642	0.0113138245	0.0760016779	-0.0374733425	0.018763198	0.016328622	-0.0587524958	0.0682343557	-0.1203678197	-0.0385685466	-0.0768293113	-0.0922240935	0.0460519388	0.0049298849	-0.1445307998	0.0231574286	-0.0165497033	0.0499883257	-0.060978834	0.0287156686	0.0370135777	-0.0492337007	0.0339392021	0.0859466819	0.037888198	-0.0868617446	-0.0963711478	-0.1038649777	0.0038255306	0.1150940855	0.077948149	0.0300801955	0.0087925348	0.0683304613	0.0176246426	-0.035264149	-0.0357395378	0.056584601	-0.073625226	-0.0730280125	0.0350735532	0.0746183665	0.0404972773	0.1148350405	-0.0164450573	0.0194215109	-0.0191292277	0.0059165976	-0.024089801	0.0153583079	-0.0897135925	0.0080344465	0.0084486401	0.0846294145	0.0543680948	0.0219116819	0.0365018624	-0.08417905	-0.0255498104	0.0055492819	-0.1088355272	0.0785258491	0.0693934478	0.0549512416	0.0363043104	0.0148794683	-0.0076839116	-0.0296593388	-0.049365311	-0.0051449044238012	-0.0074262637270265	2.647004153004916e-05	5.514939294334953e-05	-0.0083496116029806	0.0078491654196142	6.160939778446735e-05	6.971601392062825e-05	-0.1235074758787391	0.0681151490719074	0.0152540965979373	0.0046396735330881	0.001165933994215	0.0005817570236942	3.384412346176502e-07	1.3594020788661437e-06	0.0004071896576061	0.000783915152082	1.65803417261373e-07	6.145229656637453e-07	0.0003247622254503	-0.0006143476206538	3.774229990031081e-07	1.054705030794315e-07	0.0	0.0	0.0
1816.149947093764	-0.4860622298924681	0.2362564913280385	3298400.630328682	2500.4665669992964	-6.833917259713417	46.702425112608935	6252333.052681247	1961.207105741726	0.7119948019192179	0.5069365979599864	3846333.311611838	2087.429897563635	1533.1470780366813	1.259573	32.935619	0.2143015087226192	0.1321863309941723	0.16273135	-0.0235230248	0.0918296618	0.0900061773	0.0171232866	-0.0586908887	0.0725886734	0.0793731769	-0.0133355922	-0.0614818791	-0.009569214	-0.0623994384	-0.089698308	-0.1256306952	0.0533197979	-0.0795995484	0.1312919713	0.0349771536	-0.092228344	-0.037526697	0.0728042829	-0.04582456	-0.0569331147	0.0286446872	0.0083754053	0.0086856154	0.0554984928	0.1020783014	-0.0023575214	-0.0048808344	-0.0983690708	-0.0906562442	0.0094990781	-0.0704714253	-0.0490278534	-0.0381821328	-0.0373011667	0.1008400293	0.0025697574	0.0214569941	-0.0877236264	-0.0164653978	-0.0481864618	0.1460363084	0.0357880929	-0.0374581274	-0.012386463	0.0994096928	-0.0023282485	0.008126938	-0.0266537913	-0.0514066656	-0.0427960877	0.1449782089	0.0749542675	0.1569910522	0.1149989073	-0.003040201	0.0190365155	0.0828560788	-0.0038147885	0.0803621338	0.0042342162	-0.0066656866	0.0049236226	0.0135105827	-0.0572562498	-0.0707427809	-0.1151028662	-0.0350186501	-0.0460938724	0.0971060518	-0.0015126486	-0.1093267025	-0.0514871765	-0.0311785278	0.0126652609	-0.1017518382	-0.0217002081	0.0467660756	0.0415253339	0.0181906789	-0.0005440125	-0.0010449161	0.0114032565	-0.0818374858	-0.0627350609	-0.1119952636	0.0279819005	-0.0762751765	0.0092432106	-0.0293938269	-0.2239580654	0.1460795637	-0.0997854378	0.1418267806	0.1016315703	-0.0487527854	0.0570035162	-0.016923404	-0.0485778275	-0.1040376417	0.0079911433	0.0261459046	-0.0472365906	-0.0140132118	0.0042610849	-0.0872063664	-0.0062961845	0.0160535767	-0.0115186441	-0.0379627654	-0.0998327347	-0.0599338108	0.1045804776	-0.1359349493	0.0091408376	-0.0905471248	-0.0162849147	-0.1150390637	0.0831884745	0.056304112	0.0453636663	-0.0541401965	0.0213760793	-0.0399695843	-0.1025399704	0.0152416511	0.0076619486	0.0225062331	0.01174654	0.0917230106	0.1078442494	-0.097094261	-0.0523191559	0.0147402321	-0.071006261	-0.0219601975	0.0782873035	0.0684771651	0.0530272111	0.0332099078	0.010657419	-0.0127728206	-0.0351510839	-0.0546342852	-0.014912694945437	-0.0097677905216357	0.0002223884705356	9.540973167455816e-05	-0.0030916229129616	0.0052579886900189	2.764644506436771e-05	9.55813223594917e-06	-0.2097056035281141	-0.086198127649375	0.0439764401510905	0.0074301172102579	0.0029120072163475	0.0017460732221325	3.048771697048172e-06	8.479786028059916e-06	-5.410673058858784e-05	-0.0004612963881946	2.9275382949860272e-09	2.127943577614642e-07	0.0002705797985457	-5.41824269046e-05	2.935735385272322e-09	7.32134273810316e-08	0.0	0.0	0.0
1816.32887092826	0.1789238344958903	0.0320137385507127	3299050.567367528	2493.7673526924686	-6.699214306827798	44.87947232880626	6218875.609354803	1958.2882301150344	-2.9188756266917157	8.519834924094953	3834892.792207074	2084.30733374747	1505.0301204964828	1.303027	34.071846	0.1007742081673322	0.050132845845321	0.111388943	0.0649688274	-0.1123149527	0.0105154034	-0.0638667528	-0.016038466	-0.0172663031	-0.0425408686	0.1232201166	-0.0866924185	0.0226897468	0.032515358	-0.0804325032	-0.0054294074	-0.0523269286	0.0004550725	-0.0241672174	0.1409602656	0.0492509926	0.0044682637	-0.0038005655	-0.130098828	-0.0439577351	0.0041062614	-0.0177830311	0.0079825857	-0.041535081	0.1404146491	0.0679763584	0.025777856	0.0392588119	-0.108820757	-0.0072901345	0.0346072778	0.0399748992	0.0382699087	0.0059026326	0.0145398286	0.0174067788	-0.0319498856	-0.1180596988	-0.084391251	-0.0369883914	-0.0051736375	0.066098362	0.0611133672	0.048896901	0.0664872105	-0.0551835011	0.0489179806	0.0593265781	-0.0062130785	0.05588735	0.0326743404	-0.0776619374	-0.1195354063	0.000130563	-0.0798311754	-0.0767340394	0.1263688486	0.0454147537	0.0194238722	-0.0820168061	-0.0156174239	0.0799569052	0.0791734989	0.0065718037	0.0710360223	-0.0178969691	-0.0196565473	0.132182636	-0.0424099231	-0.0149987493	-0.1046156781	-0.0360602639	-0.0306963973	-0.0063078534	-0.1351749576	-0.0427196102	0.0306102958	0.0521109916	0.092683896	0.0397942571	-0.0063590818	0.0698547231	-0.0417635084	-0.0047413808	-0.011266946	-0.0190815909	-0.0573703227	-0.0208065353	0.0161435905	0.0138501772	0.0484054497	0.030787861	0.0324623974	-0.0590500137	0.0345103173	-0.1378677654	0.0611370858	-0.0146637062	0.0393882544	-0.0316149827	-0.065773686	0.0450930501	-0.1144536758	0.0004433205	-0.101320288	-0.0059281063	0.0729729147	-0.032086227	0.0626605173	-0.030057197	-0.0222844871	0.0995100766	-0.1274515239	-0.0373721612	0.099579723	0.0311915312	0.0729504358	0.1391482322	0.1200743644	0.0187758682	0.0212995214	-0.0092946437	-0.0927346021	0.0219986527	0.0329747187	-0.0250466244	-0.062646547	0.0748219975	-0.0123728561	-0.0133270246	-0.0473520257	-0.0858890883	0.0097156456	-0.0396756038	0.1019277873	0.0780401729	0.0675308461	0.0510508491	0.0300572439	0.0064061583	-0.0178113211	-0.0404540309	-0.0595200392	-0.0331082631412442	-0.0181955681958072	0.0010961570882298	0.0003310787019682	-0.008553395037822	-0.0054617721248604	2.98309547439021e-05	7.316056667303803e-05	-0.190134381504329	0.0195712220237851	0.0361510830300337	0.0003830327315042	0.0021729989896508	-0.0007390082266967	5.461331591254015e-07	4.721924609023397e-06	0.0001440616399941	0.0001981683705826	2.0753756117789672e-08	3.927070309939749e-08	5.684347936749773e-05	-0.0002137363191782	4.5683214135846365e-08	3.2311811466031398e-09	0.0	0.0	0.0
1816.518802589802	0.1899316615420048	0.0360740360561066	3299740.560162288	2500.907854686752	7.140501994283568	50.98676873036761	6254540.097633894	1958.376634492649	0.0884043776145517	0.0078153339814162	3835239.042526754	2085.5327056826413	1516.9147322906792	1.343942	35.141705	0.1218861416773215	0.0656224866181899	0.1359250057	-0.082668572	0.0311004009	0.0915280778	0.13596295	-0.0572950911	-0.0068515013	0.1012277	-0.0652277897	-0.0525489626	0.0876807036	-0.1333922561	0.0014856793	0.0650838022	-1.71064e-05	-0.0482116761	0.1271721687	0.032583482	-0.1717263676	0.0575809779	-0.0330229096	0.0632447962	-0.1041102463	0.0692992789	0.1427999278	0.0447626081	0.0189376653	0.0903894675	-0.0440945718	0.0223813675	0.0012531871	0.0899546309	-0.0468922789	0.020370417	-0.0742817054	0.0332520215	-0.0933080785	0.0228287748	0.0884437933	-0.0226904509	0.0461102455	0.0192707443	0.0441113773	-0.0074713074	0.0280117213	-0.0526696044	-0.0735310993	0.032626371	-0.0489436206	-0.0028874764	0.1383336581	-0.0241227398	0.0048290428	-0.0327378729	-0.0499644559	0.0942277591	-0.0414357614	-0.0459956093	0.0655998809	0.0394612636	0.0142128014	-0.0144432694	-0.0875736201	-0.0097194063	0.075613375	-0.0450260293	0.0796547316	0.0067816912	-0.0976191929	0.0387316263	-0.0167149161	0.1648020992	-0.1273450568	-0.070796252	0.0545084933	0.1202930787	0.0091016831	-0.0799590357	0.079334406	0.0114388989	0.0018810514	0.0171501256	0.0189634202	0.0555336645	0.0391139296	-0.0447441104	0.0260586556	-0.0326776411	-0.0519408887	-0.0686140083	-0.0325757926	0.100542747	-0.0409960182	0.0091986477	-0.0707643757	0.0304939435	-0.0102981905	0.0063459952	0.0014892358	-0.0182964221	-0.0052704518	-0.0424728703	0.0002153111	0.0570158896	0.0274872487	0.0545079022	-0.048488763	0.0827030965	-0.0172728532	0.0519801212	0.061512899	-0.0501170276	-0.0055839486	-0.1173923739	0.0978660291	-0.1127283071	-0.0771675259	-0.1181331356	0.0188781941	-0.1146786789	0.0927704655	-0.0340500772	-0.0300417699	0.0240787208	-0.0602438868	0.0183786185	0.0659700889	-0.0025113521	0.050181201	-0.0065924183	-0.0296218296	0.0575989471	-0.0021800431	-0.0607895854	-0.0652480427	0.033876168	-0.0490852446	-0.0047177458	0.0777844842	0.0665549058	0.0490241061	0.0268518493	0.0021373389	-0.0227795284	-0.0455396975	-0.0639883028	0.0083523207582203	0.0414605838994645	6.976126204819774e-05	0.0017189800172845	0.016489512502261	0.025042907540083	0.0006271472180611	0.0002719040225622	-0.1998303306237474	-0.0096959491194184	0.0399321610371961	9.401142932635046e-05	0.002019015011311	-0.0001539839783397	2.3711065585351906e-08	4.076421615899158e-06	-0.0006039546171476	-0.0007480162571417	3.647611795739042e-07	5.59528320948278e-07	4.510969248188584e-05	-1.173378688561189e-05	1.3768175467695758e-10	2.0348843558103078e-09	0.0	0.0	0.0
1820.1814656138552	3.662663024053245	13.41510042776686	3313060.5677642017	2496.965052812949	-3.942801873803091	15.545686616065169	6234834.474969174	1964.037479190376	5.660844697727043	32.04516269178438	3857443.219664487	2089.669164828999	1501.5122596482847	1.258697	32.912693	0.132844648076741	0.0647634790357931	0.0398850538	0.0757259209	0.0026336428	-0.021830005	-0.0190397847	-0.1442552259	0.0158286056	0.0437806635	0.0350633462	-0.0564231506	-0.0565527458	0.0237350488	0.0166002426	0.0574004051	-0.0144798218	-0.1396797897	0.0489642951	-0.0161133452	-0.0116713705	0.0231215489	0.0309396429	-0.0427072147	-0.0835466935	-0.0297342382	-0.0459169252	-0.0150129485	-0.0486528188	0.0586161695	0.0015705685	0.0746217068	-0.0546110387	-0.0788460124	0.0340156769	0.0651291046	-0.06059139	0.0022049909	-0.0376044984	0.0805597762	-0.0854042719	0.0454705632	-0.0149285042	0.0634073777	0.015502858	-0.0096649518	-0.0574251373	0.0467487532	0.0866638657	-0.011942901	0.0633574669	-0.0068586453	0.0440612178	0.0247919367	0.0068327214	-0.0315145625	0.0246081472	0.0601654523	-0.0275577902	-0.0705425625	-0.1136200976	-0.023587835	0.0498515205	0.0358328432	-0.068934532	0.1084900224	0.0469100005	0.0436578146	-0.0602049013	0.0209278072	-0.0408967082	0.0129161094	-0.0241957647	0.0115528368	0.0542952437	-0.0318788351	-0.033755405	0.0509423408	0.0791128978	-0.0935454157	-0.1589567574	0.025915358	-0.085800336	0.0538646683	-0.0327091623	-0.0319668004	0.0526432403	-0.0292232052	0.0162394682	-0.0026225221	0.0151845094	-0.0753059283	-0.037477506	-0.0103596546	-0.0029974963	0.0406033893	0.0962298676	0.0123457592	-0.0769271076	-0.0791857845	0.0128083075	-0.0055811388	0.0228908325	-0.038053277	0.0993295789	0.1108000356	0.0217026857	0.0253662438	-0.0260411245	0.0006960209	0.0060592925	-0.0114623387	-0.014076784	-0.0842480968	-0.0016957275	-0.086216583	0.0418030131	-0.071154896	0.0460447987	0.0537657787	-0.0412623586	-0.0691201666	0.0702899982	0.1082024908	0.0611007188	0.0313877654	0.079688333	0.037578183	0.0543911749	0.0355437103	-0.0294079365	0.0157424334	0.0379423362	0.0683387561	0.016111094	0.0279677323	-0.004639642	0.0468119468	0.008063446	0.0392424336	0.0775202656	0.0655497724	0.0469489822	0.0235993474	-0.0021373389	-0.0276578354	-0.0503807682	-0.0680077345	-0.0143904387790172	-0.0227427595372375	0.0002070847282526	0.0005172331113686	-0.0052550712552204	-0.0217445837574814	0.0004728269227861	2.7615773897443717e-05	-0.1677735421167625	0.0320567885069849	0.028147961434405	0.0010276376893815	0.0013900022502873	-0.0006290127610237	3.956570535306586e-07	1.9321062558037576e-06	-0.0001239806004691	0.0004799740166785	1.53711892926786e-08	2.3037505668649306e-07	2.808614468334069e-05	-1.702354779854515e-05	2.8980117964935137e-10	7.888315231735465e-10	0.0	0.0	0.0
1814.964150602716	-5.217315011139135	27.220375925457752	3294094.8679730385	2504.910505155951	7.945452343001762	63.13021293491218	6274576.638840641	1957.3338183305395	-6.703660859836418	44.93906892370275	3831155.6763804094	2085.430362971289	1535.504844200887	1.172167	30.650097	0.0971492827303224	0.0633577385961547	0.043982174	-0.1018303864	-0.0272970882	0.0397312322	0.0443095829	-0.0352962442	0.0192867223	-0.0169660653	0.0196739049	-0.001811812	0.070817574	-0.0062544429	0.0115303015	0.0034455343	-0.0743913955	-0.0261232396	0.0213034755	0.0785255452	-0.0955643334	-0.084677745	-0.0409785975	0.0509763516	-0.0130410536	0.0244006895	0.1138585229	-0.0198787162	0.078385083	-0.0436558395	0.0740178134	-0.0426313346	-0.0339193147	-0.1246154985	-0.0361270808	-0.0687889316	-0.0607172071	-0.0013766633	-0.0400254963	-0.0566993274	-0.0293577738	-0.0406362966	0.1108453809	0.089267886	0.0117873245	-0.0181616592	0.0202805285	0.1337219558	0.0145474758	-0.0530289503	0.0144666139	0.0665227538	-0.0635666201	-0.0832063186	0.0237751204	-0.0598883069	-0.1397829795	0.0317907275	0.0528541401	0.0005176555	-0.0020478269	-0.0624404067	0.0229203693	-0.0604856267	-0.0602221848	0.0248855777	-0.0213950372	0.0764409524	-0.0112465805	0.0249783674	-0.0140125087	-0.0424619636	0.0311742832	0.0054505187	-0.1073822711	-0.0681393289	0.04733088	0.0151482987	0.1918972708	-0.0069458505	0.0525452273	-0.0353541869	-0.0250004179	-0.0065930282	0.0415061865	-0.0713681091	-0.0008148516	0.0164496096	-0.0083531974	-0.0479268136	-0.1025802281	0.0598592014	0.0327663463	-0.0999345508	-0.0291934208	-0.0436315801	0.115457449	-0.0099016385	-0.085654095	0.0087466389	0.0284057984	0.016361355	-0.0577806932	-0.0136620163	0.0205076624	0.061062542	-0.0505682263	0.0120369532	-0.0081088613	-0.0316010196	0.1409591414	-0.0310976645	0.0101864479	-0.0591797633	-0.0773951909	0.0148042322	0.0275747813	-0.098109473	-0.0954305352	-0.0189966685	0.0745705912	-0.0133240745	0.0612028516	-0.0629137987	-0.035566787	-0.0071115821	0.0553841502	0.011299956	0.0628452544	-0.0585786145	0.0265420511	-0.0575385948	0.014302814	0.0151287923	-0.0160464339	0.0285385833	-0.0045325642	-0.0146302413	-0.1208043608	-0.0718583198	0.0772475461	0.0645158866	0.0448275254	0.0203054443	-0.0064061583	-0.0324269895	-0.0549512416	-0.0715501408	-0.0316396001922214	-0.0172491614132042	0.0010010643003236	0.0002975335694587	-0.0026423994522417	0.0026126718029787	6.826053950079973e-06	6.982274865207236e-06	-0.107289735340025	0.0604838067767374	0.0115110873093326	0.0036582908822057	0.0015169888701916	0.0001269866199042	1.6125601634719143e-08	2.301255232285187e-06	-0.000165105767369	-4.11251668999e-05	2.7259914418506343e-08	1.6912793525446303e-09	-0.0001398749232605	-0.0001679610679438	2.8210920344835465e-08	1.956499415713076e-08	0.0	0.0	0.0
1816.7211899518527	1.7570393491366758	3.0871872744146334	3300475.882020076	2503.167099992891	-1.7434051630598333	3.039461562583684	6265845.53048682	1962.7382305475671	5.404412217027584	29.20767141155701	3852341.361652995	2090.03726073752	1490.0990017555227	1.196403	31.283833	0.0759348431323606	0.0352698043558031	0.0450135292	0.0932599108	0.0570248301	0.0518779553	-0.0122732725	-0.1096368155	0.0221223286	0.0774929707	0.0253409952	-0.002337011	-0.098700315	-0.0830812591	-0.0299998595	-0.0111274869	-0.0196029546	-0.0217787285	0.0504192434	-0.0306141654	-0.0256543072	0.0194704742	-6.7122e-06	-0.02458578	-0.0498815299	0.0130435671	-0.0879528345	0.0233038283	-0.0487127286	0.023941399	0.0595784611	-0.0609231085	0.0225063528	0.0032727075	-0.0031107814	0.0058510884	0.0105315447	0.0696892546	0.0047363143	0.0006057896	-0.0200946074	0.0986063935	0.0827818624	0.0126462511	0.0278790117	0.0604077005	0.0373873153	0.0033965158	0.0742231026	0.0142429084	0.031044363	-0.0068532531	0.0104379528	0.0226870182	-0.0655391255	0.0012517073	0.0462729863	-0.0879015595	-0.1320481363	-0.0411746773	0.0882172147	-0.0717302482	-0.025612935	0.0585729672	0.0330869785	-0.0385695284	0.1137791549	0.100587609	-0.0291708349	-0.0959697583	-0.0487761328	0.0179456983	-0.0689976377	0.038118	0.0996054583	-0.0428936667	-0.035105789	0.0344820282	-0.0016396034	-0.0417589938	-0.0574042612	-0.0351584646	0.0169917631	-0.0160676622	0.0383120927	-0.0338552071	-0.082708421	-0.0249059444	0.0275048767	-0.0895544196	-0.0028493118	-0.053421018	0.0746921006	-0.0097534158	0.116885281	-0.0071771995	-0.0071846247	-0.026617627	0.0792285588	0.038270547	0.0226773601	0.0267111305	-0.0447035283	0.0700862558	-0.0052563612	0.1026038867	-0.0581772083	0.0411228598	0.0402605001	-0.143133086	0.0126156159	0.0004828691	-0.0427723104	-0.1263911732	0.0327726893	-0.005817944	0.021165446	-0.0708516403	0.049263847	-0.0098539332	-0.078962128	-0.1128760684	-0.0106082728	0.0671915979	0.060108396	0.0250965712	0.0934001529	-0.0380793335	-0.0367040308	-0.0311230942	0.0443040141	0.0322597308	0.009118149	0.017379806	-0.023632071	0.0365342963	-0.0293449916	0.014962537	-0.0480930061	0.1398681933	0.0769663555	0.063453702	0.0426618292	0.0169759185	-0.010657419	-0.0370681691	-0.0592265694	-0.0745906743	-0.0281696021202861	0.0034699980719353	0.0007935264836152	1.2040886619234722e-05	0.0109921515865636	0.0136345510388053	0.0001859009820297	0.0001208273965019	-0.12867471735224	-0.021384982012215	0.0165571828856788	0.0004573174556627	0.0018285207813658	0.0003115319111742	9.705213167984965e-08	3.3434882478865954e-06	-0.0001492431855407	1.586258182829998e-05	2.2273528430335813e-08	2.516215022595128e-10	0.0002816368239251	0.0004215117471856	1.776721530154572e-07	7.931930059061778e-08	0.0	0.0	0.0
1820.1089515725653	3.387761620712581	11.476928798773134	3312796.5955945826	2509.24115902254	6.074059029649106	36.89419309566184	6296291.194132781	1964.5837311031312	1.8455005555640585	3.4058723005872475	3859589.2365151	2091.8838900972733	1521.4664422338976	1.116893	29.204784	0.0990094720159294	0.0446594392608656	0.0193114888	-0.019341974	-0.0310695639	0.0287493855	0.0144370238	0.070388412	-0.0655718886	-0.0095654804	0.052604261	0.0141956162	0.0384761096	0.0209425964	-0.0527118167	-0.020777735	-0.0397100503	0.0292699647	-0.0119230982	0.017778652	0.0770204283	-0.0761314831	-0.0014818148	-0.1491074648	0.0136013378	0.0444645853	-0.0334699161	0.0263884364	0.0902290287	0.0120814114	0.0547274441	-0.0490002102	0.0324265231	0.0129905478	-0.1044322405	-0.0567892687	-0.012955293	-0.0446557027	-0.0850405139	0.0145918234	0.0146803755	-0.0282942382	-0.0567712368	0.0146260655	-0.0760911225	0.0183230231	0.0498498145	0.0204678013	0.0145816253	-0.0594916945	-0.0103899093	0.0041955611	0.0082012935	0.0295661085	-0.0104296789	0.0518499886	-0.0558122898	-0.1237132793	0.0376451378	-0.1037656718	0.0629936952	-0.1121145596	-0.0080753117	-0.0203648553	-0.0351437351	0.0764809364	-0.0056010542	-0.053954954	-0.0735758279	-0.0004846671	-0.0095344903	0.0427257745	0.0293900064	-0.0711560435	-0.0019587982	-0.0360866884	-0.0378002701	-0.0495127492	0.0211752975	-0.0388757181	-0.0476568095	0.0483412463	0.0300030651	-0.0231779315	-0.0495349244	0.0292621534	0.0712261268	0.0164456298	-0.0693436198	-0.0849189196	-0.0064576646	0.001937623	-0.0183953198	-0.0902564309	0.0083617224	-0.0054383703	0.0366409529	0.0012375457	-0.0217096238	-0.0188172003	-0.1125905339	0.0117984757	-0.0466516481	0.0281961278	-0.1204286808	-0.0158415929	-0.0751754958	-0.0769977667	-0.0023757727	-0.0695552959	0.0503989213	0.0290212662	0.0014010076	-0.0510039422	-0.0238541547	0.0407413937	0.0170842546	-0.0410280696	-0.0084025021	-0.0025854002	0.1005045472	0.0430107812	0.0464242154	0.0198151976	-0.0192603997	-0.0609504079	0.0404147944	-0.0277066169	-0.06066885	-0.059252076	-0.1022673215	0.0110507878	0.0033649251	0.0168091784	-0.032882678	-0.0050739362	-0.0257596228	0.0246487522	-0.0618824955	-0.0517839527	0.0766767246	0.0623636846	0.0404540309	0.0136166111	-0.0148794683	-0.0415630576	-0.0631837885	-0.0771080077	-0.0102204563097672	0.0179491458105188	0.0001044577271798	0.0003221718353272	-0.0003274310852958	-0.0113195826718594	0.000128132951865	1.0721111561798544e-07	-0.1120841378997639	0.0165905794524761	0.0125628539687332	0.0002752473265689	0.0011670412929	-0.0006614794884657	4.375551136609763e-07	1.3619853793337035e-06	-0.0004518934107253	-0.0003026502251846	2.0420765465694469e-07	9.159715880428908e-08	0.000182763255954	-9.88735679711e-05	9.775982443335733e-09	3.3402407726907315e-08	0.0	0.0	0.0
1817.7904538901057	-2.318497682459565	5.375431503570375	3304362.1342539964	2490.754088186213	-18.487070836327348	341.77178810738513	6203855.927816332	1957.7742806982808	-6.809450404850395	46.36861481611721	3832880.134163671	2079.387109322484	1523.269932715524	1.022948	26.748295	0.0427471117562493	0.0202287132570428	0.0298343753	0.024925431	0.0685445352	0.0335495719	0.0102244772	-0.0022804641	0.0765313332	-0.0123683977	-0.0393535345	-0.087854262	-0.0527475361	-0.0170377324	-0.0581260502	-0.1022668266	-0.0180227114	0.010917363	-0.0078983118	0.0310735994	-0.0593489907	-0.0188232721	0.0110961466	0.0112061782	-0.0443964575	-0.0349045563	0.0698405943	-0.0742493671	0.0118895837	-0.0156527437	0.0492332591	0.0033202999	0.0185174044	-0.0544995546	-0.0355713089	-0.0022284401	0.1461557717	-0.1569533951	0.0047098812	0.095437683	-0.0758674819	-0.045416836	0.0459821006	0.0355289482	0.1489937761	0.092704076	0.0640315379	0.0066639301	-0.0173728835	0.0685411738	-0.0999176071	-0.0147214084	0.1001722054	-0.0253429575	0.0337305734	0.0327705727	0.0734482831	-0.0398931197	0.0060192267	0.0524516551	0.0817423594	0.0395098228	0.0131558437	-0.0240931626	-0.0361058947	0.0731659093	-0.0051708406	0.0841075603	-0.0459486026	0.0232522006	0.0116851192	-0.0891315699	-0.0093215446	0.0937080651	-0.0021361606	-0.0561599929	-0.0047166666	-0.0694824493	-0.004954975	-0.0682772919	0.0610356596	0.0342219454	0.001204395	0.0096234107	0.0445648911	-0.0194787547	-0.0886729629	-0.0652648093	-0.0538973976	0.0292837957	0.0128559702	-0.000927117	-0.1090591148	-0.1122852419	-0.0117053345	0.0949596024	-0.0045145072	-0.1540893343	-0.0043815412	0.0610535504	0.0494696887	-0.0120112979	-0.0904405563	-0.0341504918	0.0187610104	-0.0192480495	-0.0460250296	-0.034173156	-0.0595263841	-0.0093781111	-0.0085676557	0.0628113061	0.0133427168	0.0140546465	0.0413188927	-0.0766151454	0.0265913407	-0.0371209143	-0.0555019197	0.0250043811	-0.030462201	-0.0671445981	0.0302628454	0.0216087422	-0.01198339	-0.041319808	0.0144333367	-0.0348290161	-0.1028764228	0.0489932875	0.0721582162	0.0127779451	-0.0631217703	-0.0091394511	0.0263796553	0.0420021912	-0.0336089169	-0.0509724084	-0.072361166	0.0401258196	0.0763786853	0.0612463124	0.0382063093	0.0102334157	-0.0190607341	-0.0458939156	-0.0668016447	-0.0790844839	-0.003911325167337	0.0063091311424302	1.5298464564643815e-05	3.980513577238261e-05	-0.0029269410572965	-0.0025995099720007	6.757452094531081e-06	8.566983952887954e-06	-0.1288507694587224	-0.0167666315589584	0.0166025207901048	0.0002811199338338	0.0011670310881809	-1.0204719099902657e-08	1.0413629190791807e-16	1.3619615607806958e-06	-0.0002178302804933	0.000234063130232	4.745003109978976e-08	5.4785548934002194e-08	0.0002901267026601	0.0001073634467061	1.1526909688613577e-08	8.417350359642208e-08	0.0	0.0	0.0
1813.4837809650649	-4.306672925040857	18.54743168327997	3288723.423823348	2513.715387453978	22.9612992677653	527.2212640638792	6318765.049122904	1960.386969138318	2.612688440037118	6.82614088470359	3843117.06876732	2089.8850080150946	1510.9158875236558	0.955196	24.976692	0.0435427143333057	0.0229058209488859	0.0531119799	0.0108993898	-0.0166271682	0.0865767394	-0.0389178958	0.0382149258	-0.0390955748	0.0398310655	0.076585383	0.0526462414	0.0155339189	-0.0339667104	-0.1350088269	0.0396518983	0.0479966205	0.0126159931	0.0206739326	-0.0193097317	-0.0489515044	-0.0433839405	0.0002153172	-0.0718003593	0.0056954525	-0.0288476254	-0.0793889512	-0.0451410114	0.0238361636	-0.0541187073	-0.0120544011	-0.0951999786	-0.0484247377	0.0470368399	0.0977839859	0.0021792492	-0.0502004484	0.068963674	0.1211800573	-0.1115865746	-0.0271753796	-0.0509962571	-0.0283982165	-0.0651165597	0.0405648828	-0.0423562214	0.1000334346	-0.0119068391	0.0124732111	-0.0686346648	-0.1641088584	0.0292990449	-0.0396067642	-0.0467718858	0.026153346	0.0455622049	-0.078963525	-0.1201049124	0.0198363523	0.0588004176	-0.0648354467	0.0185937801	0.0299654228	0.0615056767	-0.046665136	-0.0808351571	-0.0436978231	-0.0294950038	-0.0547817794	-0.1323008855	-0.0388856424	0.0443651803	-0.0114367318	-0.0085272049	0.0160624031	-0.0898188388	0.0554224952	-0.0311618769	-0.0254991575	0.0157223356	-0.0095741172	-0.0736025617	0.0618999052	0.0060374982	-0.0527953745	-0.0189439313	-0.0166481802	0.0384146565	0.0096023551	-0.0747632586	-0.0632018418	0.011362493	-0.0520004337	0.0557668778	-0.0384358773	-0.0758406655	-0.0079915235	0.0303486614	-0.054944104	0.0276125846	-0.2068067627	-0.0749103752	0.0287501447	0.0486452304	0.0128240664	-0.10845717	0.0180287269	-0.0558128785	0.0160981649	-0.0474126511	0.0341356923	-0.0102499179	-0.0726360752	0.0566422568	0.017811883	-0.0024187005	0.0303448256	-0.0476209193	-0.0466726232	-0.0574179043	0.0196797492	-0.0077466626	-0.0242407904	0.0677383156	-0.000806982	-0.0204301835	0.0110741864	-0.0492383159	-0.0730842306	-0.0477990389	-0.040277389	-0.0294233276	0.0126101621	-0.0406554239	0.0154741877	0.0084595095	-0.0004716578	-0.0177275526	-0.055896883	-0.0253524752	0.0760722702	0.0601020755	0.0359208828	0.0068322673	-0.0231897558	-0.0500436514	-0.0700607062	-0.0805062393	-0.0119233437725938	-0.0080120186052567	0.0001421661267194	6.41924421309811e-05	0.0162097035047423	0.0191366445620388	0.0003662111650938	0.0002627544877116	-0.1288107156906122	4.005376811019867e-05	0.0165922004767277	1.604304339825568e-09	0.0013150596313336	0.0001480285431526	2.191244958791071e-08	1.7293818339632636e-06	-0.0003497785881911	-0.0001319483076978	1.2234506075695913e-07	1.7410355904313314e-08	0.0003372297997676	4.710309710749999e-05	2.218701757118574e-09	1.137239378512956e-07	0.0	0.0	0.0
1817.177644045036	3.693863079971152	13.644624453573964	3302134.590017068	2498.998467807112	-14.716919646866245	216.58772389231768	6244993.342102293	1966.095493106392	5.708523968074132	32.58724589407684	3865531.488013267	2089.514133810769	1509.8958838203794	0.959697	25.094378	0.0615596447851455	0.0284857525853078	-0.0107607466	0.0090819379	0.0644176633	0.0324421602	0.0128872002	-0.0465297732	0.0118957855	0.0040026012	-0.0299563743	-0.0312980898	0.0718764433	-0.0569028922	-0.0222420412	-0.0348916056	0.0108165031	-0.0442062113	0.0514477404	-0.0577843208	0.0181085466	0.0021970301	0.0657179616	-0.0174374761	-0.060624397	-0.0268012228	-0.0300106453	-0.026792071	-0.0118989564	0.018535478	0.008689742	-0.063108803	0.0076402837	-0.0892996902	0.0415942435	0.1021082338	0.0115067221	-0.0470414606	0.0178203075	-0.0215990439	0.0705460829	0.0136452818	-0.0536718781	-0.1061830294	-0.0708459131	0.0087785171	-0.041152769	-0.0659523894	0.0118215555	0.1201901978	0.0237871693	-0.0616454802	-0.0529761265	0.162109525	-0.0169215363	0.0114054044	-0.038567622	-0.0154143365	0.0151125413	-0.0397181991	0.0825999455	-0.0249220219	0.0402537211	-0.0060560887	0.0027356896	-0.1152394786	0.0371282045	-0.0507348303	-0.0909277033	0.0137966967	-0.0440908844	-0.0111824518	-0.0790117521	0.0263304108	-0.0160481663	-0.0023602251	-0.0732603266	-0.015387699	-0.1106670227	-0.0480488327	-0.0132591806	0.0533714111	-0.0246191106	0.0228587155	-0.0427559171	0.0204657679	0.0088021474	0.007385529	0.0069187792	-0.0224863877	0.0232006709	-0.0030981785	0.0102312676	-0.0030361178	0.0024976356	-0.0193118762	0.0300440043	-0.0362868237	-0.0334735987	0.0040976596	0.0062479228	0.1334855495	0.0453878298	-0.0191785421	-0.0048256494	0.0429796865	-0.0056708779	-0.1157521877	0.045020346	-0.0121338851	-0.0372990492	0.0412510666	-0.076986453	-0.104592232	0.0985077445	0.0433021216	-0.0060265801	-0.021468867	0.06464592	-0.0290204364	-0.0181765659	-0.0797133131	-0.0124708128	0.0298147312	-0.0336818193	-0.022608747	0.0353489804	-0.0134447846	-0.1260065397	-0.0145174411	0.0340075966	0.0444290718	-0.0540182499	0.0369134498	-0.0496994013	0.0491449865	-0.0037699442	-0.0150639149	-0.0614680211	-0.0173647952	0.0757575129	0.0589314758	0.0336000067	0.0034191328	-0.0272552159	-0.0539958877	-0.0729434684	-0.0813633012	-0.0244632216963793	-0.0125398779237855	0.0005984492157662	0.0001572485383434	0.002070619407263	-0.0141390840974792	0.0001999136991155	4.287464729734177e-06	-0.1289361029643529	-0.0001253872737407	0.0166245186476342	1.5721968416125575e-08	0.0009790118979892	-0.0003360477333443	1.1292807908590889e-07	9.584642964044158e-07	-0.0001138948045644	0.0002358837836267	1.297202650676287e-08	5.564115937804785e-08	0.0002140554069359	-0.0001231743928316	1.5171931049457946e-08	4.5819717238493755e-08	0.0	0.0	0.0
1821.16219028612	3.98454624108399	15.876608747336554	3316631.723327738	2510.426501745465	11.42803393835311	130.5999596961505	6302241.220665973	1964.6324061596488	-1.4630869467432603	2.140623413730516	3859780.491332651	2089.4482708086703	1503.3435914972376	1.031351	26.968019	0.0626599498662269	0.0323364316707847	-0.0007848672	0.0315832513	-0.0640678582	0.0253530739	0.0154122679	0.080948261	-0.0862658077	-0.0387006103	0.0376227107	0.0095408864	0.0312866739	0.1092900884	-0.0385544389	-0.0096956816	0.0394595217	0.0207959034	-0.0356185946	-0.0146629106	0.0845488498	0.0119946251	0.0241388055	-0.0609245886	0.0381980444	-0.1034821592	-0.0199527139	-0.0399703504	0.0019558936	0.0376296174	0.008471862	-0.0536624284	0.0117059466	0.0349965336	-0.0199827114	-0.064609147	0.0322292343	-0.0077934215	0.0124725326	-0.0984870811	0.0201098329	-0.0208422374	-0.0534571786	-0.0279207996	0.1728383189	0.0713566421	-0.0414336739	-0.0012826135	0.0481126545	0.0137589043	-0.0241195137	-0.0107024637	0.0368803751	-0.0154322107	0.0781843866	-0.1291085016	0.0275462946	-0.013912674	-0.02367614	-0.0016815494	-0.0709039465	-0.0488089633	0.009632669	-0.0285736597	-0.0452655398	0.0198623614	0.0262614916	-0.0145246411	-0.0094421401	0.0337697924	0.0337981467	0.059698309	0.0352278404	-0.0433082793	0.0121244745	0.0077980012	-0.0359405566	-0.1007863198	-0.0404634547	0.0192674084	-0.0188880794	-0.0179538343	-0.0433253045	0.0632602347	-0.0290965775	-0.0318151782	-0.0580924917	0.0567863428	-0.0186232365	-0.018795133	-0.0695992517	0.026053376	-0.0147318143	-0.0045583139	-0.0104075943	-0.0836526722	0.0442854793	-0.0282310531	-0.0008910196	0.1096151422	-0.0660602221	0.0531081875	0.0063691297	0.0741976635	0.0024377737	-0.0545083923	-0.1081413166	-0.0065366198	-0.0028257773	-0.0085047343	0.06907024	-0.0522645569	-0.0217790804	0.0590330627	-0.012731072	-0.0183847337	0.0048421079	-0.0334732545	-0.0187228757	0.0345621898	0.0361916793	0.0683572134	0.0039975208	0.0575774146	-0.0384002801	-0.0453731611	0.0205554585	-0.0387943965	-0.0374760729	-0.0179369534	-0.061531412	0.014879624	-0.0527772583	-0.0068281839	-0.0407569778	-0.0129017782	-0.0286978212	0.0542083133	-0.0472301463	0.0475428279	0.0754344479	0.0577350269	0.0312459714	0.0	-0.0312459714	-0.0577350269	-0.0754344479	-0.0816496581	-0.0224293673953184	0.0020338543010609	0.0005030765217541	4.136563317943922e-06	0.0162693878126987	0.0141987684054357	0.0002016050242311	0.0002646929797999	-0.1076600276166104	0.0212760753477425	0.0115906815464093	0.0004526713822028	0.0011410017174352	0.0001619898194459	2.6240701604147663e-08	1.301884919190076e-06	8.10387922665079e-05	0.0001949335968309	6.567285852014221e-09	3.7999107173434945e-08	6.795378697305014e-05	-0.0001461016199628	2.134568335576901e-08	4.6177171639786794e-09	0.0	0.0	0.0
1820.405553859791	-0.756636426328896	0.572498681647763	3313876.3805235727	2496.1180190747723	-14.308482670692683	204.73267633751283	6230605.165149765	1961.640858087014	-2.991548072634714	8.949359870884473	3848034.856116357	2081.1208856994745	1518.6887650263295	1.057813	27.659945	0.0872692420337785	0.0498073935258185	-0.002799813	0.0187876204	0.0791981433	0.01988159	0.0563487772	0.0257652944	0.0524758485	0.0210700044	-0.0831265986	-0.0511358945	-0.1246431764	0.0265018151	0.0072532008	-0.1048218737	-0.0517947721	0.0129383422	-0.0096653205	0.0021509773	-0.0406201548	0.0798966972	-0.0374581222	0.0572609594	0.009617705	0.0276722628	-0.0397015089	-0.0779461249	0.0571429806	-0.0494991531	-0.0130761532	0.0001591469	-0.0177567554	-0.1087182196	-0.0250703056	0.0430331437	-0.0125105801	0.0437884911	-0.0035334948	-0.0020572247	0.0507822849	-0.0541533291	-0.1225703376	-0.0048781536	0.0889658302	0.0374847187	0.0561077875	0.0304872659	-0.0438784093	-0.0457114654	-0.0975863128	-0.0568398721	0.0864181196	0.1038795853	-0.1172446414	0.1228547478	0.0243757325	-0.0337203059	0.1017366408	0.1135479012	0.0324815791	-0.002474985	0.0373931047	-0.0017715503	0.0319982097	-0.0517132778	-0.0401752713	-0.0225078345	0.0289314031	0.0468241423	0.0466937483	-0.0454323013	-0.0244927303	0.1293960784	0.0608685565	0.0130543815	-0.0001740137	-0.0591691713	0.0588553897	-0.0338185864	0.0876692665	0.0009689566	0.0284256297	-0.0197118434	0.038002604	0.029726041	0.0039168244	-0.0287844042	-0.0246356604	-0.0102588394	0.049563031	-0.0274705669	-0.072051931	-0.0099489313	-0.0141770838	0.0144151835	-0.0442919677	-0.0110394015	-0.0327576869	0.0329728149	-0.0746883986	-0.0369251606	-0.031027443	-0.0692753942	-0.055442228	0.0400677624	0.0177238632	0.0480310069	0.0155776126	-0.0837090688	0.0070455465	0.0245620947	-0.0287681402	0.1244624213	0.1315571607	-0.0335601615	0.0022976389	-0.0165674959	-0.0608655104	-0.0141388689	-0.0097156517	-0.0840157148	-0.0220226102	-0.0326859393	-0.0177153638	-0.085170834	0.0211217839	-0.0399806855	-0.0866770579	0.0672840279	0.0660456005	-0.0032055526	-0.0792707422	-0.047904246	-0.0057735965	0.0813802302	-0.0287908778	0.024654574	-0.035125723	-0.0252752579	0.0751031108	0.0565132535	0.0288611001	-0.0034191328	-0.0351510839	-0.0612463124	-0.0775202656	-0.0813633012	-0.0121191427143116	0.0103102246810068	0.0001468736201298	0.0001063007329728	0.0163523862275525	8.299841485380141e-05	6.888736868243722e-09	0.000267400535335	-0.1440638559361104	-0.0364038283195	0.0207543945871803	0.0013252387163156	0.0010225532504449	-0.0001184484669903	1.4030039332352216e-08	1.04561514999543e-06	-0.0002507820848043	-0.0003318208770708	6.289165405879112e-08	1.101050944600402e-07	0.0004271282552803	0.0003591744683072	1.2900629868379565e-07	1.8243854645879318e-07	0.0	0.0	0.0
1819.409900097622	-0.9956537621690132	0.9913264141213096	3310252.3845732394	2516.454747225589	20.336728150816725	413.5825118802215	6332544.494834203	1963.374483363835	1.7336252768209306	3.0054566004324483	3854839.361924206	2093.864282728381	1518.5619199511195	1.136917	29.728373	0.0507283083433263	0.0341729656352938	0.0292357707	0.0263088652	-0.0606176227	-0.0041560858	-0.0757071965	0.0271643811	-0.0599426723	0.0640283654	0.0428722323	0.0685161814	0.0198619433	-0.0101566032	-0.0698919002	0.0140858256	-0.0027268748	0.0152244524	0.0272164149	-0.0056648313	-0.0024980012	0.0645698378	-0.0638553844	-0.0867268466	-0.026993258	-0.006599382	-0.0400036952	-0.0034451573	0.0051143638	-0.0063597163	0.0052830947	0.0571383639	0.0510254152	0.0657266345	0.010164452	-0.0066738029	-0.138927127	0.0434713963	0.0813309682	-0.1282906	0.0140260353	0.088217069	0.0314521961	-0.0198278236	-0.0340426602	-0.0183501052	0.0314473523	0.0860718741	-0.0429495512	-0.0146372761	0.0240332899	-0.0631946095	-0.0409152411	0.0523434941	0.0022969784	-0.0190925949	0.0190675303	0.0793563014	0.1072821977	-0.0886262845	-0.0518932188	-0.0579326932	-0.0218407176	-0.0311673846	0.004482648	-0.1017305829	-0.1078240419	-0.0782943484	0.0435840827	0.0272920107	-0.0443562584	0.0919971818	0.0047722862	-0.0386560219	0.0446116956	-0.025477004	0.0221302258	-0.0061388717	-0.0437095204	-0.0013472288	-0.0606828074	-0.0333120112	-0.0036388577	0.003459271	0.0124566752	0.0210289683	0.038368181	-0.0223812695	0.0048052011	0.0026475416	-0.0852806157	-0.0433153802	0.0370107478	0.013435562	-0.0958940133	-0.0755080044	0.0577564199	-0.0351956873	0.0383313295	-0.0531451059	-0.0001864021	0.0603547002	0.0357375137	0.046598993	-0.0695331234	-0.0414507893	0.0908497912	0.0734832406	0.0039253988	0.0454761674	0.0451577705	-0.0382947773	-0.0120953753	0.0230112579	-0.0636748133	0.1381202903	0.0244150933	-0.0233756461	0.0236595349	-0.0145498629	-0.0019495616	0.0344468551	-0.0009942566	0.151240423	-0.0317612252	-0.0156866023	-0.0112456846	0.017341924	0.0098877579	0.0347671586	-0.1120573817	-0.0263593068	-0.0127292625	-0.001254738	-0.0083224468	-0.018777145	0.0139644786	-0.0024824823	-0.0699862497	0.0173298113	0.0747635377	0.0552666915	0.0264477464	-0.0068322673	-0.0389598496	-0.0645158866	-0.0791897184	-0.0805062393	-0.0122937358457306	-0.0001745931314189	0.0001511359410446	3.048276153869207e-08	0.0163416182231799	-1.076800437260078e-05	1.1594991816834956e-10	0.0002670484861521	-0.1760824822367652	-0.0320186263006548	0.0310050405506607	0.0010251924301809	0.0008330753419228	-0.000189477908522	3.5901877817909245e-08	6.940145253197902e-07	-0.0002472486398172	3.533444987099965e-06	6.113188989145551e-08	1.2485233476861871e-11	0.0006046033199087	0.0001774750646283	3.1497398564854756e-08	3.655451744446218e-07	0.0	0.0	0.0
1821.212071488838	1.802171391216007	3.247821723317437	3316813.4093366647	2499.221396259878	-17.233350965710997	296.98838550737213	6246107.587523175	1964.1016026294133	0.727119265578267	0.5287024263750784	3857695.1054514297	2088.317606676149	1533.5422856636374	1.037192	27.120741	0.0499793301542343	0.0275298653295531	-0.0083932182	-0.0393477727	0.0473286588	-0.0533092539	0.0746987023	0.016713803	-0.0043815363	-0.0162944205	-0.0426595325	-0.0030231339	0.0725966374	0.0103675938	-0.0238086947	0.0422599119	-0.0325704183	-0.0572506567	0.0298273752	-0.0430219356	0.0091805694	0.0076829802	0.0317623764	-0.0078308514	0.0224241485	0.1095532075	0.0268450319	0.0458484965	-0.1622192642	0.0254182216	0.0332906952	0.0241542864	0.0207050751	0.0476995029	-0.0189514361	-0.083138628	-0.0632705369	0.0411260842	-0.0173624881	0.0297283758	-0.0100567786	0.016817204	-0.0015238601	-0.0686451049	0.0311056562	-0.0038877627	0.0342151385	-0.1386457428	-0.0286862806	0.0369136664	0.0883289762	-0.0050229527	0.0932740451	0.0948748507	-0.0215990444	0.0609501918	-0.0191371363	0.0351709429	0.0412685032	-0.0077906578	-0.0459104579	-0.0075140837	-0.0518522149	-0.026477706	-0.0156357818	0.003793548	0.037502162	0.107441638	0.0734239081	0.013214887	-0.0108503591	-0.0016410672	-0.0188633608	-0.0031898361	-0.0802116477	0.051560141	-0.0067830256	0.0887088913	-0.0519659185	-0.0109231003	-0.07428121	0.020803088	0.0173198803	-0.0436939429	0.0412134839	0.0141882441	-0.0271615982	0.0016873139	0.0232782541	-0.0476333878	-0.0083086858	0.0089653764	-0.0247993511	0.0072127436	-0.0027762755	0.0321055618	-0.070464766	0.0299995	0.0271637538	-0.0050236722	-0.0352820916	-0.0320173528	0.0155727005	0.0121304376	-0.0845672738	0.0512208337	0.0449866509	0.0246142054	-0.0698202199	0.0241425891	-0.0337391221	-0.0445481344	0.0968981609	0.0017955844	-0.0742406906	-0.0570921	0.0214066322	-0.0153484424	0.0257471409	0.0279235885	0.0084479839	-0.0441476587	0.0766359098	-0.0298296871	-0.0834525373	-0.0219462334	-0.0610654439	0.0727974859	0.0053240948	0.0074261388	0.0013775307	0.0222260965	-0.062432222	0.007859124	-0.0493170366	-0.0152676097	-0.0357462827	0.0243110782	-0.0129271846	0.0086908097	0.0744157659	0.0539958877	0.024008292	-0.0102334157	-0.0426618292	-0.0675308461	-0.0804338397	-0.0790844839	-0.0162337761184403	-0.0039400402727097	0.0002635354870636	1.5523917350574335e-05	0.0160102636284449	-0.0003313545947349	1.0979586745199596e-07	0.0002563285414523	-0.1694278175404591	0.0066546646963061	0.0287057853565231	4.428456222026277e-05	0.0007059888268415	-0.0001270865150813	1.6150982315509517e-08	4.984202236250374e-07	8.109847887927124e-05	0.0003283471186964	6.576963276531604e-09	1.0781183035627458e-07	0.0002789715418768	-0.0003256317780319	1.0603605486421661e-07	7.782512117711918e-08	0.0	0.0	0.0
1822.099918814729	0.8878473258910162	0.7882728740918283	3320048.1141446424	2500.4631920591623	1.2417957992843185	1.5420568071201797	6252316.174842696	1962.4241349828528	-1.6774676465604443	2.813897705257036	3851108.485563198	2085.8710526125383	1502.2479831426065	1.059132	27.694422	0.0964629137746757	0.0434362089892702	0.0175955665	0.0613509576	-0.0496752139	-0.0201952816	0.0084100109	-0.0112468807	-0.0202216261	0.0175170564	-0.0116399537	-0.0279758272	-0.0400915682	0.0556782359	-0.0055149913	0.0535030781	0.0335323722	-0.0868746932	-0.0188705219	0.0051953922	-0.0073544871	0.0259334259	-0.0973112767	0.0097766818	-0.0127635321	0.0556639309	-0.0265557014	0.1252517777	0.0125878275	0.0437301166	-0.0832617447	0.0517550341	0.0588961988	0.0150879746	-0.0569838917	-0.0549916602	-0.0044455891	0.0527872664	0.0143919878	0.044466718	0.040621454	-0.0174868165	-0.0099620539	-0.0357601785	-0.0247884522	0.0018569256	-0.02412985	0.0037960067	0.0214934381	-0.0937571535	-0.0426422789	-0.0491397279	-0.0051351061	-0.0027656869	-0.101218978	-0.0268419695	0.0031825478	0.0027570676	-0.0265055837	0.0455083361	0.0273329728	0.0755855443	0.0587766099	-0.0755098492	-0.0861494519	-0.1081285249	-0.0399974187	-0.0332013977	-0.0966417207	-0.1002264387	0.0356217919	0.0205159931	0.0250199842	0.0314779549	0.0284129619	0.0339597648	0.0805133284	0.0539258677	-0.0110439123	0.0004082878	-0.0138398273	0.0671034292	-0.0254940918	0.0253525375	-0.0352781833	-0.0527781698	0.03709163	-0.0381282552	-0.0913030552	0.0257495046	-0.0078000349	0.0127468761	0.0333553778	0.0680698122	-0.0337765263	-0.0885972301	0.0170230173	0.0173699573	0.0452320574	0.0382207858	-0.0502358058	-0.0182556343	0.0704138971	0.0468866637	-0.0399072338	0.0454466582	0.0517187642	0.0559587693	0.0073890786	0.0261934364	-0.0289273058	0.0561354578	0.0171799425	-0.0034248379	0.0959158442	0.0127359759	0.0140542216	0.0014687428	-0.0784854815	0.02541005	-0.019205357	-0.0220354896	-0.0412628412	0.0488974653	0.023528496	-0.0068800775	0.028765568	0.0681332775	0.105518598	0.0670192273	-0.0284868615	0.004968152	0.0175889168	0.0109006935	0.0018193045	-0.0101240573	-0.0132981049	-0.0045752389	-0.0683966286	-0.0259952064	0.0740598336	0.0527013995	0.0215451443	-0.0136166111	-0.0462468756	-0.0702792922	-0.0812459471	-0.0771080077	0.0019940366215109	0.0182278127399512	3.976182047926604e-06	0.0003322531572827	0.0443779382512303	0.0283676746227854	0.0008047249635042	0.00196940140343	-0.1486930864266114	0.0207347311138477	0.0221096339510717	0.0004299290743635	0.0007669581336408	6.096930679930007e-05	3.7172563715871774e-09	5.882247787577792e-07	0.0001092966708411	2.819819196182876e-05	1.194576225694776e-08	7.951380299161441e-10	0.0007724579490775	0.0004934864072007	2.435288340918552e-07	5.966912830930176e-07	0.0	0.0	0.0
1818.9165864589431	-3.1833323557859785	10.133604887393908	3308457.548495454	2517.995121864524	17.53192980536187	307.3685627001359	6340299.43373354	1963.706110195851	1.281975212998077	1.643460446741465	3856141.68722052	2095.0683353927348	1537.802765491674	1.058952	27.68972	0.1090317612181978	0.0469373993691784	0.000577455	-0.0557291444	-0.0125451951	-0.0451058236	-0.0393666749	-0.039455389	0.0234066407	0.0476387518	-0.043861096	0.0907076128	0.0918804019	-0.0327791902	-0.0295531439	0.0090033211	-0.038889511	-0.0339011912	0.060268054	-0.0098209484	-0.013291208	-0.0341142934	0.038224884	0.0416261241	0.0308922614	-0.0137753271	0.0017257354	-0.0340194117	0.0191279011	-0.0832979515	-0.0335674139	0.0299847238	0.0289691689	0.0307448719	-0.023137628	-0.0582893169	0.1062734993	-0.0070156424	-0.0274896094	-0.0690444891	0.0245756287	0.0074612805	0.0468758003	-0.045135755	0.0216206626	-0.0588661348	0.0043538786	0.0243062867	-0.0476651666	-0.0740837957	-0.0742766977	-0.0494789681	-0.0260323274	0.0881481685	0.1457809861	-0.1165367739	0.0252935227	0.107681607	0.0718346216	-0.0394094844	-0.1028826549	-0.0127944073	0.0243466491	0.0450725713	0.0711317755	-0.0982796574	-0.0516909321	0.039067922	-0.1099348614	0.0004374966	-0.070215723	0.0147842768	-0.0336502487	-0.0377361251	-0.0627281398	0.0142258689	-0.0054307571	0.0550298827	0.0308352494	0.0117564244	0.0142290889	-0.0634023854	0.0416514395	-0.003877888	-0.0202344916	0.0135655447	0.0593786478	0.0450893337	-0.0341345766	0.0662350163	-0.0675473099	-0.0169065128	0.0204924946	0.004144619	-0.0409329334	-0.0795508073	0.0207112515	-0.1009093884	-0.012377963	0.051129713	0.0152021809	-0.0255775837	0.0098095599	0.0592349911	-0.0565562489	-0.0505013811	0.0550001315	0.018666696	0.0537743392	-0.0073841916	0.0386095946	0.0013099935	-0.016472731	-0.0582367852	-0.0510337515	-0.0139625594	-0.0116618185	-0.024393403	0.0557802494	-0.0541329841	-0.0027092961	-0.0173894206	-0.0478384486	0.0359485657	-0.0548219022	-0.0030727556	-0.0181240141	0.0281924835	0.0219365192	-0.0011187612	0.0630670321	-0.0362953041	0.0146965121	0.0104108584	-0.0111944016	0.0841607551	-0.0106319517	-0.0202574211	-0.0387560766	0.05064033	0.0736957799	0.0513837948	0.0190607341	-0.0169759185	-0.0497051625	-0.0727503781	-0.0816216788	-0.0745906743	-0.0190041350641365	-0.0209981716856474	0.0003611571495359	0.0004409232141399	0.0292270816064217	-0.0151508566448086	0.0002295484570715	0.0008542222992284	-0.1241627183171445	0.0245303681094668	0.0154163806199025	0.0006017389595859	0.0010384220201436	0.0002714638865027	7.369264167520501e-08	1.078320291919115e-06	0.0004227028960286	0.0003134062251875	1.7867773831096544e-07	9.822346198627797e-08	0.0003902807652023	-0.0003821771838752	1.4605939987477845e-07	1.5231907568689285e-07	0.0	0.0	0.0
1815.379827690194	-3.5367587687492232	12.50866258832452	3295603.918784478	2502.9189153795496	-15.076206484974591	227.2920019775899	6264603.096964741	1961.7059352604424	-2.000174935408495	4.000699772236377	3848290.176436047	2088.070764778677	1509.610496920587	1.00046	26.160259	0.0872151342178011	0.0505634672833213	-0.0183615374	0.0669308658	-0.0184987743	-0.0417123369	-0.0967966437	-0.0230095471	0.016843533	-0.0184047094	0.0293837312	0.0101750479	0.0150136983	0.033600432	0.0033446944	0.0562803447	0.0605440432	-0.037528351	-0.027132233	0.0361384105	0.0617801495	-0.0019366624	0.0759122377	-0.0763308043	-0.0376521402	-0.0606698006	0.0269985137	0.0211470774	-0.1197647703	0.0594723693	0.0067656419	-0.0142482418	-0.0030288303	-0.0418344187	-0.0897283587	0.0816866932	0.0645719812	0.0446957696	-0.0225589957	0.0124748945	-0.0386482222	0.0209755808	0.0131030487	-0.0018357743	0.1101633044	0.0975161216	-0.0541185352	-0.0313919116	0.0463772982	-0.0407732385	0.0166121091	-0.0567030002	0.0225449753	0.0778856426	0.0562442014	0.078725146	-0.0457243622	0.0113585012	-0.0215521768	0.0072296133	-0.0404627327	-0.0402708352	-0.014579396	-0.0542383498	0.0777379432	-0.023969287	0.0326185254	0.0587280577	0.0332873187	-0.0065888454	-0.0154079121	-0.0246452282	0.0343566432	-0.0704569427	0.0520530322	0.0161685494	-0.0698191886	0.0122520367	-0.0895919064	0.0160711684	-0.0435752334	-0.0001881606	-0.0280634422	0.0347149102	-0.0196942531	-0.0458393462	0.0138043943	-0.0362997229	-0.0269090246	0.0399091379	0.0006982518	-0.1129049745	0.0578115249	0.0151550645	0.0206982735	0.0121807711	0.0515811995	-0.0271292295	0.0451807161	0.0375297885	0.0084400939	0.043035818	-0.0658013365	-0.0549310748	-0.09887643	0.1485214587	-0.0171561063	0.0064302046	0.1312874473	0.0123641825	0.0324436221	-0.05228117	0.0544451018	0.0338383407	0.1012505698	0.0413977803	-0.0037181743	0.0095178709	0.052923869	0.0553974947	-0.0326683328	0.0087870282	-0.0370433921	0.1056618707	-0.0528430378	0.0141854649	-0.0118017317	-0.0258485256	0.0053416247	0.0676629912	-0.0448144339	-0.0207275912	0.0730376403	-0.029441225	-0.0737850341	0.0269251574	0.0180129697	-0.0327081896	-0.0079640226	-0.0343074681	0.0733236445	0.0500436514	0.0165575133	-0.0203054443	-0.0530272111	-0.0749343514	-0.0815590168	-0.0715501408	-0.0199390977519726	-0.0009349626878361	0.0003975676191627	8.741552276457075e-07	0.0140934010489672	-0.0151336805574545	0.000229028287215	0.000198623953127	-0.14848563396189	-0.0243229156447454	0.0220479834930643	0.0005916042254614	0.0002199399865596	-0.0008184820335839	6.699128392997999e-07	4.837359768783702e-08	0.0003740353027235	-4.86675933051e-05	1.399024076834603e-07	2.368534638110614e-09	0.0003209588855361	-6.932187966620003e-05	4.805523000455117e-09	1.0301460620457534e-07	0.0	0.0	0.0
1815.8593028769592	0.4794751867652849	0.2298964547236048	3297345.0078447964	2481.7765804597702	-21.142334919779387	446.99832586012286	6159214.995318591	1952.988287978285	-8.717647282157486	75.99737413610781	3814163.252980352	2075.679480295564	1495.0185403208204	1.122203	29.343637	0.1358440804182012	0.0612750634639636	-0.0266311626	-0.0343221443	-0.1121897771	-0.0395173237	0.1121731257	0.008216644	-0.0777599976	-0.1042462254	0.0172071207	-0.1000831051	0.025375329	0.038448421	-0.0230965299	0.0200480005	-0.0683447456	0.0111176639	-0.0928245668	0.1500213056	0.0237273746	-0.0161925701	-0.005227111	0.0107612903	0.0507939024	0.0137619434	0.049134458	-0.0729451221	0.0375892433	-0.0383615715	-0.0161253242	-0.05120933	-0.0215651899	0.0745311534	-0.0460816099	0.0078593598	-0.0420491821	-0.0228049591	-0.0628594743	-0.0899927967	0.0076145856	-0.044950528	0.085192837	-0.0207083802	-0.0297880769	0.0374339499	0.0617438556	0.0319500068	0.0597585058	0.0287386236	0.0819112976	0.1550740505	0.0611287458	-0.1157848262	-0.0348824761	-0.0110450632	0.0208062432	-0.0529141383	-0.0650355559	0.0512687119	0.0177510743	-0.0651479864	0.1041591977	-0.054842338	-0.0259969436	0.001608592	-0.0123299579	-0.0698398384	0.0209137526	-0.0333441995	0.0744968813	-0.017194404	0.143524761	-0.0129729276	-0.0785814885	-0.0097936237	-0.0443209966	-0.0621857422	0.0456696559	0.038646285	0.0227053716	-0.0050518341	-0.0254882358	-0.1117193024	-0.0480826076	0.0695175738	-0.0076308219	-0.0030404508	-0.0199191604	-0.0263516022	-0.0727409143	0.0963920805	0.0029346132	0.0339870667	-0.0106000533	-0.0484142262	0.009780936	0.0473266178	-0.0122903767	0.0413502227	0.0905559681	0.0018702573	-0.0523854279	0.0651721515	-0.0039100816	0.0865272357	0.0531996544	-0.0292724945	-0.0584727085	0.1142558718	-0.023554046	-0.0579989542	-0.0019408544	0.0886547492	-0.0952455516	-0.0848370364	-0.0011267829	0.045706372	-0.0433346604	0.0084014697	0.1047866408	0.0267388856	0.0013128783	-0.012087002	-0.0071877092	-0.0671200972	0.0171638552	0.0108333773	0.0903664529	-0.0546047264	0.0430534819	0.0182472577	0.0301615199	-0.0505913711	-0.0985613937	-0.0225689133	-0.0141265204	0.0349500028	0.0228536566	0.0458984994	0.0729434684	0.0486815572	0.0140379523	-0.0235993474	-0.0562039158	-0.0768225931	-0.0810582975	-0.0680077345	0.0206476958442181	0.0405867935961907	0.0004263273436753	0.0016472878144197	0.0307681565617485	0.0166747555127813	0.000278047471411	0.0009466794582082	-0.1234082548046657	0.0250773791572242	0.0152295973539332	0.0006288749453951	0.0008273901951415	0.0006074502085819	3.689957559061938e-07	6.845745350162894e-07	0.0003072967758579	-6.673852686560003e-05	9.443130845266044e-08	4.454030968190417e-09	0.0007168731931287	0.0003959143075926	1.567481389565279e-07	5.139071750265384e-07	0.0	0.0	0.0
1824.7184896211973	8.859186744238059	78.48518976928334	3329597.566365463	2489.3498294289543	7.573248969184078	57.3540999492477	6196862.573277964	1964.868982510304	11.880694532019106	141.1509025631487	3860710.118431077	2085.4397378195767	1528.712879143737	0.980498	25.638281	0.1281238946192258	0.0680794666585571	-0.0037917459	-0.0668346194	-0.0292315139	-0.0295305649	0.0711984392	0.0801902819	-0.0654736924	0.0197380805	-0.0829250277	-0.0334322367	0.0203339633	0.0478491255	0.0168819967	0.0154557976	-0.098360887	0.0573814949	-0.0062336857	0.0136661393	0.0904240013	0.0496243813	0.0315731768	0.0352800955	0.0645237928	0.053532605	0.1000240513	0.0011020096	0.0569657117	-0.0495953215	-0.0031187665	-0.0073938671	0.023688953	0.0014332388	-0.0399413695	-0.0245440072	-0.1127397004	-0.0042470896	0.0623182507	-0.1140700691	-0.1597528376	0.0497229594	0.0624670749	0.0118570496	-0.0029996399	-0.0857998925	0.0622903166	-0.0810455595	0.0377029983	0.0462676923	-0.0084529856	0.1111471317	-0.0053563002	-0.0013999667	0.0660331576	-0.060951842	0.0599419713	0.0653861788	0.0342150711	0.0412518921	0.1303163538	-0.0577456448	0.0286025808	-0.0456772762	0.0391447221	-0.0802180836	0.0892041125	0.0621511482	-0.0254919925	-0.0006417587	0.0301522312	0.0538600847	0.0554603082	-0.0036111197	-0.0605341922	0.0936535097	-0.0460030023	-0.04193133	0.0077808389	-0.0126420302	0.0337751462	-0.0262259134	-0.0095018863	-0.1096333656	-0.0112441571	-0.0048403402	-0.0546387132	-0.049504911	0.0246782234	-0.0422495944	-0.0882705582	0.0180746504	0.0699917273	-0.0792648376	0.0749468184	-0.1247816999	0.049052387	0.0972942881	-0.0024836841	-0.0482853013	-0.0270658436	0.0127546877	-0.0474251246	0.0305765511	0.0398962637	0.0081737682	0.1040584226	0.034107438	-0.1104727633	-0.0080323689	0.0380478291	-0.0456034744	-0.0041506982	-0.0765804837	0.0054890735	0.0233026788	0.0044169711	-0.0062885016	0.0453026926	-0.0467042762	0.0747257837	0.0301644335	-0.0114650018	0.0232069155	-0.0314163758	-0.1167569442	-0.0424556366	0.0169960068	0.0051824284	0.0082663333	-0.0228455042	0.0098350112	-0.033902785	-0.0446895262	-0.1066271589	0.019913125	0.0220033111	0.0650533722	0.0573975448	0.042678817	0.0725552932	0.0472981097	0.0115045374	-0.0268518493	-0.0592265694	-0.0784076511	-0.0801222105	-0.0639883028	-0.0151458287896559	-0.035793524633874	0.0002293961297255	0.0012811764057157	0.0370093771959432	0.0062412206341947	3.8952835004697726e-05	0.0013696940004316	-0.1723890545571578	-0.0489807997524921	0.0297179861311107	0.0023991187443937	0.0010299737166335	0.0002025835214919	4.104008318009961e-08	1.0608458569558252e-06	0.0001586678876825	-0.0001486288881754	2.517549858162643e-08	2.209054640025556e-08	0.0003259186108228	-0.0003909545823059	1.5284548542598073e-07	1.0622294088066377e-07	0.0	0.0	0.0
1826.2545806527269	1.5360910315296223	2.359575657145739	3335205.7933550677	2515.8617499925167	26.5119205635624	702.8819319686428	6329560.345075409	1967.6063715416608	2.73738903135677	7.493298708992355	3871474.83333134	2090.189602095128	1547.1327793572038	1.064007	27.821913	0.0936574298401449	0.0441643745787047	-0.0155326224	-0.0067365725	0.0620415031	-0.1091018165	0.0406969724	0.0578888772	0.0701612484	-0.0477581708	-0.1471144528	0.0649896524	0.0657792365	0.0881388833	-0.0407783259	0.0120961542	0.0545296359	0.036659229	0.0165658323	-0.0002336233	0.1245400912	0.0259785965	-0.0009409689	0.0451855415	0.0265233148	0.0625724316	0.0702585369	0.0563076705	-0.0328879717	-0.0090860594	-0.0245987979	0.0309516901	-0.0454395843	0.0682958925	-0.0026239034	0.1414821999	-0.0861817173	-0.0138448299	-0.0325307557	-0.0290461309	-0.085876419	-0.0305304858	-0.0629320474	-0.0177750751	-0.0366415895	0.0980911545	0.024302937	0.0025653747	0.012407593	-0.0917162448	-0.0831773785	0.0840388032	-0.0778176163	-0.0728680176	0.0348073005	0.0204074631	-0.0163329865	-0.0066822461	-0.0362692417	-0.0282118939	0.0058151468	0.0018100131	-0.1705030284	0.0152551878	0.0521236073	0.0366940975	0.0071765022	0.036143557	-0.0152029188	-0.0279846946	0.0068513439	-0.0588174439	0.02335013	-0.0382513786	-0.075221853	0.1655647407	0.0054744705	0.0191110141	-0.0885615644	-0.0526869383	0.0538748221	0.0015362168	0.0068197529	-0.0259418629	-0.0473416048	-0.0053301135	0.0064718958	0.0619869619	0.0152632129	-0.0460058725	-0.0146383084	-0.0981850758	0.0623264951	-0.0264692477	0.0085587873	0.008610571	0.0959952475	0.0406390585	-0.0442847919	-0.0864816171	-0.0108109006	0.0005571529	-0.0289887011	0.002873127	0.1002424572	-0.0554487665	-0.025036273	0.0262723322	0.018582388	-0.0261861202	-0.0966689487	-0.0049747819	0.0416872359	0.0866383114	-0.0380205931	0.0317843008	0.0077864071	0.0263798756	0.0066861856	0.0631960922	0.0204095571	-0.017501516	0.0379355918	-0.0506742834	-0.0381574697	-0.0904951162	-0.0505648221	0.0337712479	-0.018020475	0.055901651	0.0515247914	-0.001567609	-0.0162038263	-0.0161818414	0.0168115632	0.0789346039	-0.0213689903	-0.0396239824	0.0772180414	-0.0607695334	0.0721591615	0.0458939156	0.008959769	-0.0300572439	-0.0620868871	-0.0796832699	-0.0787557834	-0.0595200392	0.0076857304073598	0.0228315591970157	5.9070451894615046e-05	0.0005212800953668	0.0246757609161676	-0.0123336162797756	0.0001521180905367	0.0006088931767918	-0.1565278299176142	0.0158612246395436	0.0245009615387175	0.000251578447066	0.0007219216208946	-0.0003080520957388	9.489609368912839e-08	5.211708267150865e-07	0.0006290908765442	0.0004704229888616	3.9575533095114986e-07	2.212977884495751e-07	0.0002517731009472	-7.414550987560004e-05	5.497556634712702e-09	6.338969436056897e-08	0.0	0.0	0.0
1814.606574237868	-11.648006414858855	135.67605344059305	3292797.0192672918	2525.301695608088	9.439945615571103	89.11257322494014	6377148.653841083	1962.8839793768448	-4.7223921648160285	22.300987758315816	3852913.516494277	2091.456135241069	1541.2676061613986	1.186821	31.033279	0.0611813592062516	0.0264572833531837	0.0153166488	-0.0007379471	0.0191262202	0.0341893512	-0.1382401933	0.0519630806	0.1072399218	-0.0172233876	0.0447558714	0.0690758246	-0.0527876042	0.0308812292	0.0059186833	0.0473427081	0.1576582157	0.0249447062	0.0206950495	-0.0016138368	0.0127086626	-0.0619710103	-0.1136083114	0.0121206534	0.0179572132	0.0077321911	-0.0267885831	0.0357095797	-0.0388065699	-0.0633187576	-0.1002263746	-0.0828113592	0.0458350381	0.0196318038	0.0388728129	-0.084728634	0.0910882656	0.1180708955	0.0378147712	0.0243779776	-0.1075453355	0.025271852	-0.0025363984	0.0459644338	-0.075985164	0.0154410413	-0.0451723931	0.0497306005	0.0527057349	-0.0576097484	0.1421068373	0.0550484072	-0.1039971152	-0.0262881403	-0.0114778741	0.0094072263	0.0033761757	0.0064493896	0.0326859869	0.0446388255	0.125388168	0.0498631142	-0.1283642373	-0.0471487156	-0.0723922585	-0.0344039235	-0.0811003299	-0.0669877639	0.07812403	-0.0683527062	-0.0260473078	-0.0891326871	-0.0145377971	-0.0556839026	0.0520291224	0.0275602619	0.1482380362	-0.0387959217	-0.0374228777	0.0216917737	0.0387558513	0.011081386	-0.0612121233	-0.0732466569	0.0177104469	-0.0696958416	-0.0015448545	-0.045106724	0.0305706127	0.0194961525	-0.0103101507	0.0611537419	0.1649121732	-0.0741513475	0.0676722187	-0.0803011163	-0.037715003	0.0520741537	0.0096834326	0.0386837845	0.0600100063	-0.1213020809	-0.0018806223	-0.0706909949	0.0485822178	-0.0179792141	0.112678266	-0.007241055	0.0466502548	-0.0439083652	0.075620062	-0.0841399386	-0.0091663811	-0.1006258699	-0.0063671814	-0.0305464219	-0.0030625687	0.0224051996	-0.0525164068	-0.0385410971	-0.0336133413	-0.0214765766	-0.1073162893	0.0930873666	-0.0690012684	-0.0175101545	-0.0776849199	-0.0001894536	0.0543096684	0.0108778229	-0.0594008184	-0.0132164441	0.0228582039	-0.0279517305	0.1098787103	0.0223727898	0.076423865	-0.0443647462	-0.0121378986	0.0065261267	0.0717551168	0.044469591	0.0064061583	-0.0332099078	-0.064777029	-0.0806444153	-0.0769663555	-0.0546342852	0.0229829708304123	0.0152972404230525	0.0005282169481915	0.0002340055645606	0.0366793188717622	0.0120035579555945	0.0001440854035933	0.0013453724328964	-0.1390748718110046	0.0174529581066095	0.0193418199692473	0.000304605746671	0.0006479130534435	-7.400856745109997e-05	5.477268056164014e-09	4.197913248224797e-07	0.0004841171751639	-0.0001449737013802	2.3436943928867426e-07	2.1017374091904397e-08	0.0003613428865357	0.0001095697855885	1.2005537913909868e-08	1.3056868164995177e-07	0.0	0.0	0.0
1812.1762512309697	-2.430323006898334	5.90646991785936	3283982.7655255306	2511.910697381615	-13.390998226472677	179.31883350139432	6309695.351620192	1958.638752374124	-4.245227002720867	18.0219523046304	3836265.762301665	2089.3501085387134	1542.071806834473	1.113494	29.115906	0.0503574639098686	0.0300676191664104	-0.0297153563	-0.1036007141	0.0308286588	-0.0369518376	0.0186398522	-0.0371068788	0.0228641392	-0.0363443337	0.0676406804	0.027781657	0.0477252186	-0.0494484013	0.1077704394	0.0372351055	0.0589635481	0.1042111309	0.016472027	0.030435979	0.0073810496	-0.0708744869	0.0978459824	0.0104919045	-0.0139024144	0.0234431393	0.0249368498	-0.0173368819	-0.0362794804	-0.0331650894	-0.0051047363	-0.0361087176	0.0755970268	0.0203533134	0.0525270322	0.0218714328	-0.1167602145	-0.0902585963	-0.0179381003	-0.0713994487	-0.1050253285	-0.0383787024	0.002070893	-0.0169362609	0.062508802	-0.0400730774	0.0002815823	0.0685371504	-0.0225831315	0.0896343528	0.0445918683	-0.0053306784	0.0605123482	-0.0150486895	-0.0285241733	-0.0266349621	-0.0237846053	0.0731157876	-0.0644226925	-0.0199812708	-0.0481354444	0.0139114635	-0.028588156	0.0706303449	0.054680047	0.0579017085	-0.1352427579	0.0301816925	0.0454630514	0.0251095723	-0.0500253029	-0.0417751676	-0.0168848218	-0.0712855043	-0.0367176012	-0.024145193	-0.0793358138	0.0371312996	-0.002843235	0.0873292033	0.0213979061	-0.0370604086	-0.035902644	-0.0063060934	0.0311887062	0.0184688618	-0.0525982082	0.0340362064	0.0984077398	-0.0347856676	0.0157743665	0.0234879478	-0.0527298772	0.0771912561	0.0313236937	-0.0337525599	0.0429020694	0.0687972251	0.0057239386	0.0174876069	0.0870517589	-0.0009653694	-0.0537254831	-0.1440351343	-0.0567714735	-0.1132494346	0.0340600467	-0.0091321938	-0.127123083	0.1053575136	0.0682281014	0.0180695442	-0.0402877506	0.0597309767	-0.0070418367	-0.0578467874	-0.0040483577	0.0499006544	0.0876209467	-0.0343738537	0.0562949512	-0.0262477207	0.0155016379	-0.0126473301	-0.0714847215	-0.002119654	-0.0299217616	-0.0012355622	0.0508765735	-0.0801539286	0.0144234399	0.0617029496	-0.0096419785	0.0074532952	0.0261405301	-0.0388598504	0.0278948533	-0.0251316049	0.030530899	0.0104382725	0.0713432033	0.0430257605	0.0038462256	-0.0363043104	-0.0672896215	-0.081287294	-0.0747635377	-0.049365311	0.0165630340557072	-0.0064199367747051	0.0002743340971305	4.121558819121092e-05	0.0094213092320529	-0.0272580096397093	0.0007429990895184	8.876106764596522e-05	-0.1443568894864739	-0.0052820176754692	0.02083891154221	2.7899710723970014e-05	0.000801916671401	0.0001540036179574	2.37171143439996e-08	6.430703478708594e-07	0.0004336540803893	-5.04630947746e-05	1.8805586143828947e-07	2.546523934230262e-09	0.0003848261702033	2.348328366760002e-05	5.514646118129698e-10	1.4809118127333925e-07	0.0	0.0	0.0
1815.7346959607744	3.5584447298047053	12.662528895074882	3296892.4861157658	2487.023058661099	-24.88763872051595	619.3945610829248	6185283.694312009	1958.992670975332	0.353918601208079	0.1252583762810833	3837652.284935065	2077.7772335832933	1483.5854137481058	1.236839	32.341167	0.1067143556200623	0.0544524335969663	-0.0580447388	0.0973661403	-0.0067713592	-0.0505211333	0.0436940004	-0.0665355046	-0.0284781423	-0.0536179601	-0.0041788636	-0.0678293998	-0.0795635977	0.0140580877	0.0764029422	0.0103015134	-0.0099418341	0.083766168	-0.1105640715	-0.0016449593	0.0303372058	0.0357202373	-0.0009923557	-0.0169326752	0.0437978087	-0.0076889576	-0.1018374861	-0.0136761341	0.0490715637	-0.0398695397	0.0545230459	-0.0541847828	-0.0885393722	-0.0444393504	-0.0575886691	0.1068098843	-0.0530716099	0.0424686173	0.0131403873	-0.0225344438	-0.0743871471	0.0432959534	0.0880925246	0.0415002188	-0.1151586524	0.0244167789	0.0189778356	-0.0286053089	0.1003769487	0.0221123217	-0.0443366073	-0.0057549083	-0.0618208329	-0.1964888786	-0.0280310532	0.0047059555	0.0118136203	0.0159251149	-0.092118763	-0.0338967534	0.0815173124	-0.0009135716	0.0777504386	0.1023204114	0.0073470191	-0.0038208753	-0.0918544579	-0.0621251481	0.1154747833	0.1166880243	0.1030664292	-0.0041614047	0.0447605357	0.0350978534	0.0834530663	0.0085286594	-0.0569782122	0.0059176515	0.0437014977	0.0483341883	-0.0681968706	-0.0231584637	-0.0154099897	-0.0627028407	-0.0723438271	0.0194203718	-0.070247179	0.0893125567	0.0295714453	-0.0433805139	0.0365817201	-0.0516780483	0.0941244023	-0.0066335864	0.0986167795	-0.0218645134	0.0213322989	0.0942451571	-0.066603201	-0.039541926	0.0161345082	-0.0270767551	-0.131284349	0.0885256526	0.043109935	-0.0229924603	-0.0814348327	0.0118656742	0.0480701934	0.101764717	-0.152586545	0.0758387738	-0.024339818	0.0693833913	0.0102653649	-0.0241940042	-0.0309707648	0.0366520816	-0.0028378229	0.1011833151	-0.0407251833	-0.0061021342	-0.0316101342	-0.0293398957	0.0258520899	0.0037721971	0.0872639539	0.0424660749	0.0200663647	0.0108948151	0.0318326846	0.0600465273	0.0042283724	0.0237732289	-0.0489833154	-0.085036014	0.0677823058	0.0678346545	0.0886761435	0.0612377634	0.0709234662	0.0415630576	0.0012824971	-0.0393350228	-0.0696177779	-0.0816093689	-0.0721591615	-0.0437500746	-0.0007215055526472	-0.0172845396083544	5.205702625007415e-07	0.0002987553094727	0.01348576287495	0.004064453642897	1.6519783415259502e-05	0.0001818658003193	-0.1277588913071881	0.0165979981792858	0.0163223343080419	0.0002754935435595	0.0002298879776177	-0.0005720286937832	3.272168265114284e-07	5.2848482253156144e-08	0.001063023867889	0.0006293697874997	1.13001974370169e-06	3.961063294174176e-07	0.0002108773676958	-0.0001739488025075	3.025818589379325e-08	4.4469264206309635e-08	0.0	0.0	0.0
1820.5531497632423	4.818453802467957	23.217497046517916	3314413.7711128625	2501.182570183414	14.159511522314917	200.49176655056883	6255914.249389309	1957.4788614107867	-1.5138095645452267	2.291619397708609	3831723.49287007	2084.049370322583	1496.1994515719862	1.082235	28.29854	0.1326718762313454	0.0630148015158099	0.0086783261	0.0087353828	-0.0602941627	0.0426267585	0.0686137662	0.0945447675	-0.1082834542	0.0395274885	0.0078614242	0.0253385904	-0.0377999715	0.0253956053	0.0741576438	-0.0646480327	-0.0263530193	0.0819908819	-0.0816741741	-0.019016683	-0.0409645545	0.06369539	-0.0603426736	-0.0133275938	-0.016566908	-0.0269656172	0.0276125709	-0.0225791122	0.0086033208	-0.0288104439	-0.1269723055	0.0301735583	-0.0258026557	0.0391587204	-0.0948205988	0.0746173266	-0.0378601594	-0.1188738836	0.040465677	0.0304932535	0.0111608537	-0.023216209	0.0189308378	-0.0248973607	0.0147810428	-0.0259069056	-0.0677431073	0.0725401545	-0.0407816534	-0.1625725984	0.1044362597	-0.0344754022	0.0165508048	0.0302649251	0.0240980866	0.0364710242	0.0433398858	0.0513197574	0.0251966382	-0.0433569027	-0.015845172	-0.0280686291	0.0650877665	-0.1248819193	0.1002191338	0.0091221144	-0.0292420601	-0.0225787352	0.0331396387	0.0027774949	0.0624026737	0.1107818476	0.0413432235	0.0299612985	0.0058111076	-0.0109526801	0.0232999017	-0.0339276501	0.0163620076	0.0673679274	0.0357926703	0.0241662893	-0.0271279881	0.0023544428	0.0646823314	0.0426887401	0.0316197378	0.0275889082	-0.0793732857	0.0488158454	0.0372355489	-0.0849131943	-0.0617772126	0.027109919	0.0215995758	-0.1077766929	-0.0573939572	-0.0365714886	-0.0518658109	-0.0684072675	0.1002113536	0.0280616933	0.0300790819	-0.0553932171	-0.0075726442	0.0187035798	-0.0338365038	0.0218253412	-0.0295163667	0.0817323834	-0.0101228547	-0.080439223	0.0833833382	0.0024530526	0.0504689457	0.0292715454	-0.0093371769	0.0160533201	-0.06066568	-0.0369398752	0.0132650125	0.0418523861	-0.0667989803	-0.0402914363	0.0621278311	-0.0543823967	-0.0104314912	-0.0168010615	-0.0559256239	-0.0841831824	0.0548328905	-0.0053920058	-0.0452304462	0.0185750586	0.0104531031	-0.021693281	0.0445881973	0.0342563907	0.0879839217	-0.0650901791	0.0704959515	0.0400821236	-0.0012824971	-0.0422967282	-0.0717551168	-0.0816093689	-0.0691672152	-0.0378279629	0.0211360543292045	0.0218575598818516	0.000446732792607	0.0004777529239887	0.0369521714343932	0.0234664085594432	0.0005506723306787	0.0013654629737167	-0.1464911038650456	-0.0187322125578575	0.0214596435115995	0.0003508957873127	0.0010269857761616	0.0007970977985439	6.353649004435318e-07	1.0546997844382442e-06	0.0006560219756832	-0.0004070018922057	4.303648325792891e-07	1.656505402591016e-07	4.266315380163947e-05	-0.0001682142138941	2.8296021756030385e-08	1.8201446923023438e-09	0.0	0.0	0.0
1819.3510262199395	-1.2021235433028323	1.4451010133629567	3310038.156607547	2500.5161860089647	-0.6663841744493766	0.4440678679565771	6252581.196492819	1962.942287174736	5.463425763949317	29.849021078185174	3853142.422778784	2083.4573025238446	1507.6810167198785	1.031622	26.975088	0.1363838387270556	0.0717302559708008	-0.045816779	-0.0121424021	0.0345423939	-0.00251123	0.0491639667	-0.0007919664	0.0113280124	0.0318269727	-0.091665382	-0.0021881898	-0.060395287	-0.0037398375	-0.0254848126	-0.1206776284	-0.0020299748	0.0406209055	0.0031298799	-0.0820082152	-0.00125031	0.0555083809	0.0742810727	0.0472703401	-0.0156233959	0.002889732	0.0056584451	-0.0049659076	0.0147845457	-0.0987923916	-0.0607503162	-0.0227686586	-0.0635414308	0.0710655607	-0.0165278005	0.0026222206	0.1352372926	-0.0221460267	0.0192248604	0.0569112101	0.1441559284	0.0792990858	0.0178569676	0.0118004811	-0.0828267856	0.0207112697	-0.0473324878	-0.0982078729	-0.0169689474	-0.0269174385	0.0291736168	-0.0277519742	0.0196659765	0.0208518591	-0.1113555879	0.0581181016	-0.0734245296	0.0302867846	-0.0430763533	0.1023239788	-0.0916424919	0.0341405821	0.0526223349	0.0532710364	-0.0212675434	0.1709637855	-0.0484117788	0.0016509458	-0.0103883179	-0.0508521159	0.0329293239	0.0078323076	-0.0852618998	0.1061063218	0.0249623805	0.0585608724	-0.0912610146	-0.0804378681	-0.0190158956	0.0130816281	0.0538572665	-0.0214820322	-0.0025286155	-0.032139756	0.0005793135	-0.0352354595	-0.0236968224	0.021401659	-0.0906390496	-0.006529049	0.1102001124	0.0142610249	-0.1207083494	0.0839255694	0.0209892385	0.0413889716	-0.0699506744	-0.0235754955	0.0883635262	-0.0178615662	0.0175231168	-0.0612429992	0.07215195	0.0891009212	0.0256003097	-0.0501967962	0.0032470742	0.0254133039	0.0295462519	0.0188257864	-0.0555289863	-0.0158223738	0.0568519777	-0.0291094682	0.0228064745	0.0218071235	-0.0456471836	0.0444857489	0.0789832987	-0.0740784403	0.0168431146	-0.0063403502	-0.0740970919	-0.0649913917	0.0359911876	-0.0617718837	0.0406283273	0.0061420193	-0.0303617282	0.0487946559	0.0193101155	0.0260036083	-0.0398359016	0.0432606303	0.0140490838	0.0178767486	0.0611276947	-0.0041730432	0.0329251459	-0.0976979484	0.0700607062	0.0385836084	-0.0038462256	-0.0451842308	-0.0736957799	-0.081287294	-0.0658037687	-0.0316405151	0.0066735464233289	-0.0144625079058755	4.453622186432596e-05	0.0002091641349275	-0.0121785840411803	-0.0491307554755735	0.0024138311336005	0.000148317909248	-0.1367876608052256	0.0097034430598199	0.0187108641485654	9.41568072151687e-05	0.0002169523912423	-0.0008100333849193	6.561540846838189e-07	4.7068340065752015e-08	0.0010600093484907	0.0004039873728075	1.1236198188876785e-06	1.63205797387906e-07	9.0385041790571e-05	4.772188798893153e-05	2.2773785932281273e-09	8.169455779483265e-09	0.0	0.0	0.0
1817.9801482302053	-1.3708779897342538	1.8793064627378289	3305051.819359119	2509.559829653452	9.043643644487474	81.78749036847869	6297890.538610264	1965.552541657696	2.6102544829600447	6.81342846581301	3863396.794017029	2087.282274176924	1528.3569080106524	1.073526	28.070801	0.0523830410252746	0.0273218461986693	-0.1086224485	0.002149694	-0.0556070758	-0.1469960036	-0.0123934407	0.0041177971	-0.0363776358	-0.0851949153	-0.0063980372	0.0612290868	0.0306494173	0.111150583	-0.0325500142	-0.0253501007	-0.0266377808	0.1092702315	-0.0562575458	-0.0489000416	0.0964815391	-0.0622477729	-0.0252821472	0.0099125332	0.0892146713	-0.0923198637	0.0165760174	-0.0030794372	-0.0004538019	-0.0281334706	0.076767435	0.0799536138	-0.0484669206	0.0192762328	0.0590470582	-0.0476443683	0.0364728969	0.0811392164	0.069091873	-0.0016112671	-0.0634539158	0.0020700148	-0.0226452358	0.1204966239	0.0745720633	-0.0052114077	-0.0219931958	0.0131148636	0.0160369222	0.0640099775	-0.0326793766	-0.027230922	-0.0428613667	0.0446206892	-0.0103806312	-0.0635231227	0.0513908021	0.0145795768	0.0337621665	0.054401913	0.0543688183	-0.0682433391	-0.0182559503	-0.0421339782	-0.0128452958	0.0689605865	-0.0370825359	0.0160610197	0.0353281914	0.0089702267	0.0697501877	0.0103016169	0.0043037155	-0.1002702764	-0.0119772855	0.0661800827	-0.0255044687	-0.1193096884	0.0416971699	0.0696906541	-0.032545785	-0.0876661144	-0.0418694942	-0.0293382218	-0.0813306322	0.0014124926	-0.0864189014	0.0201900041	0.0059514612	0.004830074	0.0494973152	0.0504287148	0.0395433089	-0.0809399508	-0.0149376786	0.0604795012	0.0360572656	-0.0459411299	0.0610934516	0.0233158886	0.0022685878	0.0301287207	0.0576352114	0.0898023902	0.1505330161	-0.0605442036	0.0010165101	0.1278134546	-0.0681983664	-0.0670922106	0.0345756953	-0.0062233041	-0.0049751812	-0.0172979377	-0.0355979424	0.0256569386	-0.0637042925	0.0783676375	0.0599773087	0.0809813037	0.0152491146	0.0557911715	-0.048486961	0.0118956468	-0.0207476187	-0.0192241438	0.0533743887	0.0976248033	0.0398747387	-0.0844272441	0.0456343763	-0.0172217742	0.0156972965	0.0071658629	-0.0054520217	0.0672261621	0.0505389156	0.011390201	0.1032962287	-0.0505914319	0.0696177779	0.0370681691	-0.0064061583	-0.0479924649	-0.0754344479	-0.0806444153	-0.0620868871	-0.0252311319	-0.000208637866919	-0.0068821842902479	4.352975951251037e-08	4.7364460604935e-05	-0.012077273080095	0.0001013109610853	1.0263910836027206e-08	0.0001458605250511	-0.1198253704273639	0.0169622903778617	0.0143581193980549	0.0002877192948629	-9.464433112616632e-05	-0.0003115967223684	9.709251739077107e-08	8.957549414319415e-09	0.0011589876312536	9.89782827628999e-05	1.3432523293988306e-06	9.796700458692568e-09	0.0002485551445808	0.0001581701027902	2.50177814166716e-08	6.17796598975824e-08	0.0	0.0	0.0
1813.3481672175435	-4.631981012661754	21.45524810165901	3288231.575551224	2499.9613158711986	-9.598513782253576	92.13146682811184	6249806.580852455	1958.988224059578	-6.564317598118123	43.090265528963286	3837634.8620040994	2080.818166320684	1492.2114290197933	1.106828	28.941595	0.0976280469292156	0.052721451360551	-0.0455805943	0.049798903	0.0218690863	0.0188214551	0.0737136036	0.0476443591	0.0147950624	-0.0181409197	-0.0768810928	0.0391267907	-0.0344663327	0.0302384766	-0.0417557854	0.0280980788	0.0004700531	0.0489096417	-0.0458804966	-0.0130933724	-0.0261446891	-0.0162614796	-0.0481200404	0.0531880657	-0.0096885443	-0.0238519583	-0.0586285056	0.1375942873	0.0400815635	-0.0515299167	-0.0293570774	-0.0480459882	-0.0129330587	0.0139255428	0.091366661	-0.0854494531	0.0322116179	-0.0364089867	0.0154926671	0.077857703	0.0478771689	0.0065335513	0.1077957295	0.0299364092	0.0567651292	-0.0046577838	0.0488235475	-0.0141192028	0.0375739918	-0.0034343142	0.0204392974	0.0452616296	-0.0370448382	-0.0349987248	-0.0191585754	0.0043479104	0.0040247735	0.0544409711	0.0023089616	-0.0317993658	0.0493890348	0.0297420253	-0.00352347	-0.0255931356	0.0207238307	0.0545266415	-0.0621959974	0.0154709458	0.0522729405	0.0015800085	0.0702633542	-0.0172769687	0.0037340501	0.0290878204	0.0230947443	0.0726644517	0.1020942248	0.0489419488	-0.0460216572	0.0766831176	0.0263639529	0.0066441522	-0.0463277537	-0.0348458736	-0.0653206703	-0.0576897262	-0.0599481197	-0.0314494319	-0.0721764917	-0.0305261342	-0.029850609	0.073607211	0.0569870407	0.0398623784	0.0347480446	0.0599217253	-0.0666062605	-0.0004589115	0.0541631242	0.0629413449	0.0885577164	-0.0141907953	0.0251766262	0.0080760464	-0.0099357482	0.0632687845	-0.0501797337	0.0599865102	-0.0296470881	-0.0437521833	-0.0210407322	-0.005874794	-0.0301539453	-0.035495763	-0.0594669149	-0.0057960686	-0.0323058246	0.0553308072	-0.0989289231	0.0250247037	-0.0233504532	-0.0402490612	-0.0644657153	-0.0776688228	-0.0460265996	-0.0268363187	-0.0315024641	0.0317359897	0.1086158219	0.0179121036	-0.0572770569	0.0398844477	-0.0236394651	0.0257031886	-0.0046044362	-0.0095028582	0.0417431202	0.012023512	0.0304900394	-0.0922049977	0.0691672152	0.0355364705	-0.008959769	-0.0507165039	-0.0769663555	-0.0796832699	-0.058036534	-0.0186447705	0.0162595991480429	0.0164682370149619	0.000264374564455	0.0002712028303809	0.0199778867945212	0.0320551598746162	0.0010275332745872	0.0003991159607747	-0.1508346132665892	-0.0310092428392253	0.0227510805592815	0.000961573141462	-9.805080525061089e-05	-3.406474124444567e-06	1.160406596051038e-11	9.613960410293224e-09	0.000940994894665	-0.0002179927365885	8.854713917855944e-07	4.7520833205386745e-08	0.0001080462112856	-0.0001405089332951	1.9742760335754963e-08	1.1673983773172517e-08	0.0	0.0	0.0
1819.892333393424	6.544166175880491	42.82611093753829	3312008.1051441617	2513.2465123436004	13.285196472401822	176.4964453103178	6316408.031807272	1961.3052666130968	2.3170425535188315	5.368686194817067	3846718.348844271	2092.1658925627203	1511.770649039934	1.131272	29.580765	0.0818013522475948	0.040565171185714	-0.0240317081	-0.0255238321	-0.0841127786	-0.0453259592	-0.0212298586	-0.0440045201	-0.0290616592	0.0832879572	-0.0657554386	0.0912739499	0.0494283941	-0.0611429221	0.0420143732	0.0329472892	-0.0086772947	0.0650996002	0.0243134058	-0.0517670127	-0.0251774902	0.0097752143	0.0218394253	-0.0317958442	0.0156389497	-0.0638342043	0.0362779915	0.0150901991	-0.0246634071	-0.0450845576	-0.0022815033	0.0950110809	-0.0707460729	-0.0045151381	0.071078993	0.0573377623	0.0548972216	-0.0295151905	0.020694546	0.0726011857	0.0557391846	-0.0471392898	0.0140534502	-0.1102113269	-0.0439565314	-0.091755673	0.0005565386	-0.0072817621	-0.0561797094	-0.0065809378	0.0119925022	0.0058551076	0.0089428228	-0.0637191374	0.0276957372	-0.080719192	0.0693960231	0.0449088372	-0.1376384374	-0.0302041524	0.0654383602	-0.1058225137	0.0112059545	0.0658178917	-0.0611484341	-0.0008203713	-0.021168076	0.0846470983	0.0189862871	-0.1358782659	-0.0124998841	0.0760304752	-0.0665939601	-0.0104693071	-0.02729656	0.0193049253	-0.0068557047	-0.0059567977	0.0117319604	0.0487754285	0.0255416303	-0.138043151	0.0031294153	0.0102167184	0.0322181358	0.0149928136	0.0077390048	0.0069135348	0.0026863008	0.0701953863	0.0613755	-0.0776727641	0.0185573609	0.0124716929	-0.0750671811	0.0579778805	-0.0419959981	0.0069059546	-0.0097215583	0.0646257432	0.0009952912	-0.0701298304	0.0772061077	-0.0282531895	0.0216426087	-0.0237980863	-0.048849316	-0.0321702287	0.0067200047	-0.0179945276	-0.0870767781	0.0507589104	0.0122025568	-0.0451000201	-0.0878531102	0.0124352861	-0.0337211365	0.0105496411	0.0480071712	-0.059768962	-0.0214266499	0.0603214229	-0.0818326468	0.0445559071	0.0003593745	0.025377744	0.0105265171	0.0930238562	0.0194548649	0.0240308178	0.0839844819	-0.0041012647	-0.0229781622	0.0584147477	-0.0441025765	0.078973128	0.0351676399	0.0049926021	0.0370460489	0.0009963415	0.0687090676	0.0339891844	-0.0115045374	-0.0533515689	-0.0782873035	-0.0784076511	-0.0536744641	-0.0119276293	0.0007300500069931	-0.0155295491410498	5.329730127106253e-07	0.0002411668965242	0.0183952950599746	-0.0015825917345465	2.504596598255211e-06	0.0003383868803435	-0.1824112048088721	-0.0315765915422829	0.0332738476398242	0.0009970811334281	0.0001933002176986	0.0002913510229492	8.48854185735516e-08	3.736497416232615e-08	0.0010330419917154	9.20470970504001e-05	1.0671757566473206e-06	8.472668075405776e-09	0.0003869004878803	0.0002788542765947	7.775970757515345e-08	1.4969198752201417e-07	0.0	0.0	0.0
1818.328453300867	-1.5638800925569285	2.445720943895868	3306318.3640835234	2507.541288061617	-5.705224281983647	32.54958410773582	6287763.311333712	1961.1032414473889	-0.202025165707937	0.0408141675793194	3845925.923615456	2087.397649586315	1542.193762891911	1.181403	30.891596	0.0469911685669916	0.022117157408113	-0.0350670678	0.0325583228	0.0972284401	-0.0145977439	-0.0459781191	0.089264203	0.0270654169	-0.0023113475	-0.035052275	0.0606574102	0.0106576128	0.0472683643	-0.0277494256	0.0147641517	-0.030858953	-0.0077295214	-0.007121765	-0.0434194263	0.0295012355	0.0439384078	7.3688e-05	-0.066260546	-0.0416143159	-0.0061461741	0.0040028539	-0.0256687006	-0.0929578724	0.0117811667	-0.0003277828	-0.02379846	0.0074019282	0.014412383	-0.0955840465	-0.042770072	-0.0389254784	-0.0720331325	-0.017183001	0.1285608249	-0.0788103847	-0.0793908478	-0.1137873358	-0.0087429341	-0.0454318638	0.0121018774	0.0081318023	0.0297274694	0.0400302839	0.0208979768	-0.0827040158	0.0595801749	0.0571232112	-0.003929948	-0.016830783	0.0781058226	0.0716225734	0.1261721817	-0.0654772524	-0.0001624557	-0.0980750747	-0.1302867984	-0.0141178032	0.0166797796	0.0580725879	-0.0271929755	0.0882597043	0.0107526153	-0.0264009533	0.0319892458	0.0016701965	0.0048736961	-0.0199460412	-0.0346311108	0.042103755	0.0533374871	-0.0120717921	0.0387725674	-0.1289214543	0.0021628073	-0.0752064387	0.0528161958	-0.0353028493	-0.0221473395	0.0366901103	-0.0135298011	-0.0444444088	-0.0205001983	-0.0691613815	0.1078105739	-0.0246468185	-0.0468852581	-0.0121738855	-0.0412733627	-0.0462366664	0.009468664	0.0221154092	-0.0139384222	-0.0162605774	-0.0792032578	-0.0234977144	-0.0478046218	0.0079711648	-0.0875958653	-0.0701753777	0.0674058444	-0.0089600672	0.0545551654	0.0124325305	0.0626508366	-0.1461704422	0.1037853349	-0.0827075658	0.06928394	-0.0456438335	-0.0130746819	-0.0176794239	0.0386694376	0.0473372087	0.0241832328	-0.0526687257	-0.0152834577	-0.0284167106	-0.0058765876	-0.0629926598	-0.0213088946	-0.0818666218	-0.0106172922	-0.0119001142	0.0207285053	-0.0985223336	0.0352393287	-0.0512685864	-0.0155093642	-0.0383090931	0.077460389	0.0029572387	-0.0311291908	0.0697799327	-0.0950636029	0.0682433853	0.0324269895	-0.0140379523	-0.0558930371	-0.0793936715	-0.0768225931	-0.0490241061	-0.0051268245	0.0056894824680568	0.0049594324610637	3.23702107543257e-05	2.459597033585235e-05	0.0321429455622706	0.0137476505022959	0.0001889978943332	0.001033168949419	-0.195593446093234	-0.0131822412843619	0.0382567961546268	0.0001737714852791	0.000193326814876	2.6597177400008044e-08	7.074098456474986e-16	3.737525735009917e-08	0.0012300328393419	0.0001969908476265	1.5129807858594964e-06	3.8805394048606935e-08	0.0002818810462988	-0.0001050194415814	1.1029083110090084e-08	7.945692426250624e-08	0.0	0.0	0.0
1819.5010450472305	1.1725917463634232	1.3749714036396226	3310584.052927964	2476.4256107724946	-31.11567728912223	968.185373160797	6132683.8056899225	1956.78256225586	-4.320679191528825	18.66826867611018	3828997.995948609	2076.4043460065504	1539.819036453563	1.10348	28.854046	0.0506230511138474	0.0259415101626972	-0.0210999079	-0.0708476524	-0.0387093136	-0.0237481107	-0.0518721335	0.0645458375	0.0806518602	-0.0431831555	-0.0443101942	-0.1065406391	-0.0588657339	0.019623335	0.0312783311	-0.0778828158	-0.0212244339	0.0246843204	-0.0347895364	0.0064485644	-0.0564133124	0.002811676	-0.0204454757	0.0598266871	0.042156005	-0.0606783181	-0.0237294553	-0.0212482599	0.0844863776	0.0083638212	-0.0688609508	0.0403083622	-0.0636381663	-0.0350936131	-0.0430760554	0.0197658111	0.1050772017	-0.0508648385	0.0015092651	0.0182748019	0.0798049675	-0.0309303706	-0.1402171549	0.141493535	-0.0349693605	0.0146584054	-0.0569040001	-0.030456348	0.1339011996	0.0087642015	0.0181833885	0.0799758429	0.0102334265	0.0086959775	-0.0064239329	0.0177614695	0.0096988378	-0.0937787825	0.0219131038	0.0223621526	-0.0696126579	0.0171507657	-0.1017303954	-0.0008471465	-0.0130875561	-0.0098903769	0.0985931961	-0.0457093985	-0.0250925572	-0.0398099713	0.0651897632	-0.1045721947	-0.0221480312	0.0846355871	-0.0001744932	-0.0190247195	0.0055958605	-0.1279548226	0.0312991662	0.0398144941	0.0428810487	0.0417319602	-0.0010659346	0.0705850201	-0.0282938713	0.0065194821	0.067281474	0.0314105851	-0.0753795867	0.1173197399	0.0833187183	0.0122561014	-0.0229904858	-0.0384604143	0.0058958663	0.0132047215	-0.0243269581	0.0207283677	0.0412755635	-0.016910036	-0.0456193636	0.0447484951	-0.0233441722	-0.0440423824	0.1168905669	0.0300345758	-0.09696623	-0.0385163934	0.0545458942	-0.0494955022	-0.00249456	3.2536e-06	-0.0673259655	0.0133882665	-0.0337077503	0.0773130352	-0.0247583961	0.0172242193	-0.040963948	0.0178894154	0.0593047227	0.1156946374	0.0047741101	-0.0372224512	-0.0226452614	-0.0106909514	0.036931508	0.04865794	-0.0427232119	0.1135241637	0.0172369388	-0.0223502267	-0.028195661	0.0322066871	0.0358997507	0.0059865119	0.0661739462	0.0493306825	0.0572399545	0.0826831708	0.0677702193	0.0308505711	-0.0165575133	-0.05833645	-0.080282427	-0.0749343514	-0.0441104375	0.0017099414	-0.0106514546663873	-0.0163409371344441	0.0001134534865101	0.0002670262264318	0.0320516986385399	-9.124692373069926e-05	8.326001090316048e-09	0.0010273113856157	-0.1852621963521414	0.0103312497410926	0.0343220813972193	0.0001067347212128	0.0003928457804391	0.0001995189655631	3.9807817619369496e-08	1.543278072088056e-07	0.0014400425367178	0.0002100096973759	2.0737225075566368e-06	4.410407299191711e-08	0.0002142173629462	-6.766368335260002e-05	4.578374044840921e-09	4.588907858762399e-08	0.0	0.0	0.0
1812.500727470025	-7.000317577205578	49.00444618173338	3285158.8870793697	2508.234840948463	31.809230175968423	1011.82712438774	6291242.017347761	1954.9330105518727	-1.8495517039873448	3.420841505722491	3821763.075745408	2085.931533901003	1533.9890660507815	1.197113	31.302389	0.0429046852139721	0.027332597310768	0.0240507593	0.0414385433	0.0778004562	0.0458355551	-0.0907726634	0.0541395432	0.0464610118	-0.0032830194	0.0771491286	0.0389496635	0.0027235584	-0.0184793748	-0.0631638929	0.0479477466	0.0279772474	0.1053292415	-0.008635507	0.052702403	-0.0267234519	-0.0085774069	-0.0023617071	-0.0036722374	0.0054387368	-0.0024865267	-0.0706626966	-0.047336313	0.0781274818	0.0749919868	0.048916155	0.0107746929	-0.0340022936	0.0600338916	-0.0326110311	0.0418131275	-0.0005466002	-0.0146688176	-0.0597822251	-0.0005000509	0.0328258294	0.0084579145	0.044580939	-0.1326879976	0.0824369042	-0.0817193715	-0.1510692918	-0.039436348	-0.023619365	0.0105947709	0.0494633407	-0.0019413893	-0.1036509951	0.0663727293	-0.0103765315	0.0139379081	-0.0023660619	-0.0091190793	-0.0459766974	-0.0113722002	0.0062444107	-0.0731468653	0.0498999828	-0.0311613301	0.0002752467	0.0204554325	-0.0636329406	-0.0654236609	-0.0103876447	0.1118103962	-0.0318501184	-0.0240801908	0.030358812	-0.0392189928	0.0547576824	-0.0587661841	0.0783641952	-0.0089307224	-0.0605782759	0.0227199116	0.0532342516	0.0153906568	0.0622848331	0.0002202118	-4.14991e-05	0.1255399621	0.0333878283	0.0041571129	-0.0045596542	0.0531172083	0.0002209187	-0.0793743247	0.0097695521	-0.006101118	0.0202195489	0.0668622078	-0.0671982622	0.0066434013	-0.0511497962	-0.023063761	0.0418014451	-0.0246982536	0.0546596272	0.0691725006	-0.0134363051	0.0379779511	-0.1115130481	0.0023800502	0.0384564393	0.1394674824	0.1236532389	-0.0985048061	-0.0121067464	0.0391723117	0.003185121	0.0366106672	-0.0034201154	0.0102477951	-0.0383001425	-0.0072958819	-0.0698468759	-0.0486772985	-0.0769072882	-0.0274134856	-0.0004773154	0.0184085013	-9.867e-06	-0.0399418837	-0.0629994301	-0.0744016165	0.0468437819	-0.1260885595	0.0698411836	-0.0672721748	0.0225051554	0.0385215301	0.0319987616	-0.0523618731	0.0056297922	-0.0508273976	0.0672896215	0.0292606206	-0.0190607341	-0.0606775209	-0.0809511339	-0.0727503781	-0.0389598496	0.0085347133	-0.015308115269164	-0.0046566606027767	0.000234338393094	2.168448796945266e-05	0.032124311599432	7.261296089210167e-05	5.272642089517887e-09	0.0010319713957374	-0.2076078796802747	-0.0223456833281333	0.0431010317053394	0.0004993295634012	0.0003268254791388	-6.60203013003e-05	4.358680183782394e-09	1.068148938143062e-07	0.0012540462324612	-0.0001859963042566	1.5726319531501302e-06	3.4594625197113754e-08	0.0002787953238327	6.45779608865e-05	4.170313032258323e-09	7.772683259098005e-08	0.0	0.0	0.0
1813.380734952097	0.8800074820721875	0.7744131685030313	3288349.689895408	2500.152401978942	-8.082438969520808	65.32581969602859	6250762.033121075	1957.334358275406	2.401347723533263	5.766470889318384	3831157.7900853953	2084.2966336602235	1531.5405506408172	1.073302	28.064957	0.1678221926151767	0.0904144504950915	0.0666495822	-0.0515103747	0.0469890657	0.0143503887	-0.0340766948	-0.0546125455	0.077009933	0.0247755074	0.0177645855	-0.0689869603	0.0479713792	-0.0712279056	0.0481369018	-0.1028328014	0.1259664317	-0.0075620136	0.0676941967	0.0296294647	-0.0305983053	0.0408500708	0.0735223513	0.0026203796	0.0337187657	0.0072759867	0.0434763692	-0.0095117943	0.0251455768	0.0423344085	-0.0509159614	-0.0046065607	0.0787920283	0.0698171307	0.0115819766	-0.0456101699	0.0930343688	0.0239022968	-0.000317043	0.0409735895	0.0351710281	-0.0088520018	-0.0115898105	0.0950103686	-0.0032625498	-0.0135489635	-0.0771433837	-0.0453819017	-0.061643786	0.0924783193	-0.0091749255	0.0504816627	-0.0589472781	-0.0004695976	0.0372209837	0.0366077554	-0.0370074197	0.0097269366	-0.0030555704	-0.036532975	-0.0908970269	0.0961756203	0.0153226858	-0.1113631785	0.038901607	-0.1050788304	-0.0792489875	-0.0424934286	-0.027845511	-0.0285646261	-0.0678531789	-0.0562495829	-0.0377988242	0.0821455679	-0.0067329844	-0.0140334863	-0.05994551	-0.0539823927	-0.0799825801	0.0176554769	0.0392394607	0.0868252128	0.0010384151	0.0322194966	0.0427329232	-0.0035544923	0.0547535033	-0.0160394517	0.0122616089	0.1096666356	-0.024073581	0.0830924441	0.0615306828	0.0115953183	0.0318470315	-0.0024846096	-0.0349146866	0.0233071877	0.0832013068	0.1386536387	-0.0150271379	0.0326880846	0.0156002826	-0.0770360708	0.0164901802	-0.092758966	-0.0033419054	0.0808943251	0.0368426441	0.0855920109	0.0127098078	-0.020760198	0.0281684603	-0.0140542957	-0.0390927309	-0.0354761751	0.0527188831	0.0004482395	0.0549177451	-0.0404206103	0.0165916536	0.0092935492	0.0369983307	-0.0488369738	0.0415038364	0.0494334867	0.0762112498	-0.0610749411	-0.0427146207	0.0366063452	0.0484551287	-0.0053760968	0.0127803827	-0.0594220237	-0.0059750163	-0.0726777741	-0.0104303923	-0.0490503555	-0.0247251374	-0.0145511363	0.0668016447	0.0276578354	-0.0215451443	-0.0629121428	-0.0813979594	-0.0702792922	-0.0336000067	0.0152996203	0.0204521859063646	0.0357603011755286	0.0004182919083484	0.0012787991401645	0.0318477434285426	-0.0002765681708893	7.648995314910712e-08	0.0010142787614902	-0.2770039747726684	-0.0693960950923937	0.0767312020398571	0.0048158180140725	0.0009821128655449	0.000655287386406	4.294015587829373e-07	9.645456806688146e-07	0.0011379028597096	-0.0001161433727515	1.2948229181352858e-06	1.3489283034117093e-08	-0.0001975584805369	-0.0004763538043696	2.2691294693739117e-07	3.90293532320487e-08	0.0	0.0	0.0
1817.53627555868	4.1555406065829175	17.26851773295952	3303438.112971718	2494.401667686258	-5.750734292684228	33.070944905054375	6222039.679755985	1958.416284756397	1.0819264809911149	1.1705649102698168	3835394.3443990494	2084.525871145566	1495.5789550799836	1.148758	30.037998	0.0842930070890953	0.0436066214595007	0.0326370988	0.0946785163	-0.0213826527	0.0332475237	0.0177982889	0.084659773	-0.0778305391	-0.0298029517	0.0388000618	-0.0454978239	0.0039895891	0.0741602713	-0.0991150985	0.0254185713	0.1040039897	0.0249075437	-0.0386619988	0.0206771125	0.0378455066	-0.0099877082	-0.0785188619	0.0210724176	0.0424103914	-0.0374020773	-0.0460744273	-0.0023949324	-0.0277007789	0.0340694185	-0.0990620656	0.1193262585	0.0102948778	0.0869967543	0.0697239849	0.0698172772	0.0608432832	-0.0080170139	0.0154427145	0.0198040964	-0.0696543832	0.0416835663	-0.0326650229	0.0819949607	0.0554455035	0.0187874059	0.0413955758	0.0276278024	-0.0785424415	-0.0005190109	-0.0863382929	-0.0202606454	0.0411803444	-0.030257623	-0.0064010132	0.0061668006	0.078102654	-0.0749552566	0.048724298	0.0584088535	-0.0738698203	0.0261200397	-0.1032138252	0.0145158242	0.0142540134	-0.0290361221	0.0382365645	-0.0946081843	0.0419788834	0.0411550707	0.0206435819	0.0374739072	0.0713405506	-0.0038456004	0.0265482444	0.0053118648	0.0692630669	-0.0499012615	-0.0318569651	-0.015226759	-0.0208820995	0.0358032209	0.0449231727	0.0458805832	-0.1123834451	0.0596714547	-0.0351447142	0.0866505862	0.0671898366	0.0563787447	-0.008050687	-0.0322567704	-0.0717687998	0.0415268761	0.0263724461	-0.0107752832	-0.0252081365	-0.0508920652	0.0274180733	-0.0067951158	-0.0210934116	-0.0452132803	-0.0362323435	-0.0585757928	0.1000919283	-0.0647997037	-0.0022426626	0.0260204279	-0.0229923838	-0.0639685853	-0.047027227	-0.0213423435	0.0080748408	0.0482608219	0.0770165668	0.0252439837	0.0348956292	0.0232480083	-0.0625948769	0.0509569622	-0.0399819786	0.0210092698	0.0112699268	0.021645846	0.0158679246	-0.0086607825	-0.0093199055	-0.0352319089	-0.10044746	-0.0606926856	-0.0110189479	-0.0279395786	-0.0652100901	-0.0314485499	-0.0395053211	-0.056352466	0.0082060223	0.008746076	0.0461052006	0.0108164959	0.0663063423	0.0260429185	-0.024008292	-0.0650363955	-0.0816216788	-0.0675308461	-0.0280596966	0.0219572114	0.0182686885552243	-0.0021834973511403	0.0003337449815277	4.767660682436709e-06	0.0413495141389148	0.0095017707103721	9.0283646632487e-05	0.0017097823195243	-0.2454961249803489	0.0315078497923195	0.060268347380367	0.0009927445985353	0.0005099684042545	-0.0004721444612903	2.2292039232720203e-07	2.600677733378811e-07	0.0012390136311657	0.000101110771456	1.5351547782144133e-06	1.0223388104447669e-08	5.118407142186695e-05	0.0002487425519587	6.187285715495988e-08	2.619809167318777e-09	0.0	0.0	0.0
1816.8834367032664	-0.65283885541362	0.4261985711377654	3301065.4225666723	2502.2726164485302	7.870948762272292	61.95183441831572	6261368.247028173	1959.3541562538448	0.9378714974477588	0.8796029457249016	3839068.709629216	2092.660875834653	1557.225085496612	1.339968	35.0378	0.0467396001430988	0.0257546225522877	0.0226179855	-0.1255901316	0.0696262911	0.0160666989	-0.0378195696	0.0085099605	0.0715538153	0.0703212788	0.0041707006	0.0123761444	-0.0308862686	-0.0523268054	0.0574182846	0.0015690342	-0.0671732212	-0.0354180903	0.0817683499	-0.0189842544	-0.0305230282	-0.0059894244	0.0613754465	0.0331733152	0.0292662473	-2.73247e-05	0.0331993544	0.0745058573	0.1138194894	-0.0638853851	-0.0084197681	-0.019432344	0.0334012477	-0.0283777459	-0.0605694157	0.0102322169	0.0506553748	-0.0014722252	0.0094075863	-0.0414012184	0.0135289784	0.0102641603	-0.0571296083	-0.0316707511	0.0651603833	0.0047193659	0.0191208168	-0.0274846136	-0.0074473321	0.012490074	0.1055344972	-0.0411178095	0.0280736971	0.0492689358	-0.0087564325	0.0327994836	0.0576408387	-0.0141825251	0.0031102204	-0.0642131779	0.0210303437	0.1167448396	0.1128124561	-0.0179846467	-0.0386991124	0.0378187725	-0.0909171875	0.0860190453	-0.0823521156	-0.0292132283	-0.0918260257	-0.0218568739	-0.0845815265	-0.0116880321	0.0386337203	0.034899623	0.0112139972	0.054118582	0.0395082149	0.0482092915	0.0340830661	-0.0587416808	0.0300687048	-0.0120308481	-0.0325466834	0.0263729408	0.1681691292	-0.0581197248	-0.0590365223	0.0003631487	-0.0369456152	0.045820734	0.0011591418	-0.0348159863	-0.0564150292	0.0067677868	0.0020843576	-0.0438452705	0.0279018521	-0.0188673009	-0.0182046347	0.026839816	-0.0619226573	-0.0282009289	-0.0267351191	0.0182971088	0.015380303	-0.0623253194	-0.0713532284	0.0078618041	0.0065432915	-0.0592490381	-0.0465139893	0.0255723203	0.087926088	-0.0451613446	0.0016743967	0.0119844677	0.0607415907	-0.1095547594	0.0632744755	0.0116872654	-0.0074732521	-0.0813628517	0.0156429862	0.0141888263	0.0587432074	-0.0331847515	0.0009955118	0.0780832441	-0.0738595872	0.0207989416	0.0405808569	-0.0206375193	0.0312274965	0.01072954	0.0195239713	-0.0546296732	-0.0122395713	-0.0172126024	0.0658037687	0.0244165784	-0.0264477464	-0.0670465522	-0.0816216788	-0.0645158866	-0.0223686765	0.0284607885	-0.0009845822852554	-0.0192532708404797	9.694022764387457e-07	0.0003706884380568	0.0299834008984305	-0.0113661132404843	0.0001291885301955	0.000899004329436	-0.2417967825895957	0.0036993423907532	0.0584656840706802	1.3685134124023616e-05	0.0005104110476911	4.426434366000282e-07	1.959332119650832e-13	2.605194376051264e-07	0.0014120326055166	0.0001730189743509	1.9938360790419984e-06	2.993556548543744e-08	0.000126139927062	7.495585564013305e-05	5.6183802947444665e-09	1.5911281199206677e-08	0.0	0.0	0.0
1807.2423273240167	-9.641109379249656	92.95099006265568	3266124.8296715287	2509.425912206657	7.15329575812666	51.16964020323287	6297218.408854212	1954.1787275179165	-5.175428735928335	26.785062600672767	3818814.499083543	2086.0987073850906	1543.8483108353237	1.185892	31.008993	0.1437399062875421	0.0820020927729488	-0.0629193286	-0.0503190947	0.0084665836	-0.0710302624	-0.1129389796	-0.040217464	0.0634747616	-0.0646203079	0.1058707257	0.0478871909	0.0829163375	0.0161346791	0.1855548384	-0.0126035843	0.0482099147	0.0141950384	-0.0277300109	0.029529951	0.0084108684	-0.0898694457	0.1040142536	0.0153224024	0.0537854071	0.007579216	0.0187509881	0.0286624447	-0.0540194661	0.0142669177	0.0197594291	0.0693309875	0.0451538421	0.0133289156	-0.0225334888	-0.0535526023	-0.0096608697	0.0653536505	-0.0989782701	-0.0048444268	-0.0466967369	0.1377746326	0.0508703571	-0.0704311071	0.0537858416	0.0194319732	0.0316251234	-0.0138788716	0.0166719146	0.0187390135	-0.0656103817	0.0186619053	-0.0359585809	-0.0377532129	-0.0494920648	-0.0372010311	-0.0038599139	-0.0296477309	-0.0065663415	-0.0936079295	0.0056005219	-0.0625229498	-0.020896699	0.0737485598	-0.0387460993	-0.040110763	0.0663728971	0.1048829939	0.0584419098	0.0260214222	-0.0141250563	-0.07466759	0.0087576164	-0.1118487283	-0.0520705175	0.0050105289	-0.0333547397	0.0833865098	-0.0143965304	0.1174522263	-0.0017218549	0.0449831978	-0.0162979527	0.0508688218	0.0729106806	-0.0034525921	0.0250524092	0.0448975222	0.0455772461	0.0154065384	0.0308146209	-0.1346204262	-0.0040143728	-0.0804117824	0.0530071769	-0.0175911781	-0.0303406717	-0.036307623	0.0506620107	0.0378795876	-0.0487181503	0.0305133659	0.0218366392	0.1137404061	-0.1383228655	-0.0081097791	-0.007509901	0.0416606359	-0.0460626411	-0.1051608216	0.0234315576	-0.033692774	-0.0156256156	-0.0206042164	-0.0826142354	-0.0773432878	-0.0296269491	0.0500096817	0.0536559135	0.0684525287	-0.0219097517	0.0466527338	0.0201446111	0.0073769443	-0.1170880879	0.0924435361	-0.0431622877	0.0045185908	0.0207614903	-0.0142673886	0.0492802169	0.0073571904	-0.0158751295	0.0021657362	0.0869968141	0.0123226038	0.030907943	-0.0445377223	0.0754908729	0.0557163539	0.0652939789	0.0227795284	-0.0288611001	-0.0689390864	-0.0813979594	-0.0612463124	-0.0165575133	0.0347647336	0.0116919305473714	0.0126765128326268	0.0001367012399245	0.0001606939775957	0.0119101126412743	-0.0180732882571562	0.0003266437484262	0.0001418507831278	-0.1679563014583465	0.0738404811312491	0.0282093191995669	0.0054524166536943	0.0002732061429557	-0.0002372049047353	5.626616683053018e-08	7.46415965487304e-08	0.0015689660072619	0.0001569334017452	2.4616543319433488e-06	2.4628092583351717e-08	-0.0002627142477875	-0.0003888541748495	1.512075692978855e-07	6.901877599055194e-08	0.0	0.0	0.0
1808.3351482770288	1.0928209530120512	1.1942576353421677	3270076.008494104	2496.746494570911	-12.679417635745722	160.76763158165963	6233743.058152133	1956.4764944962628	2.297766978346317	5.279733086778764	3827800.273516386	2085.198428794029	1469.4290838508746	1.172337	30.654541	0.1223311190017627	0.0831407314895909	0.0224216531	0.0467817473	-0.0090079623	0.1121317292	0.0179824242	-0.060821089	-0.0411336265	0.0087498292	0.0746399365	-0.0281855135	-0.0113156074	-0.0638408759	0.0463916315	0.0003398569	0.0993796299	-0.0011017997	0.0217465321	-0.0286947467	-0.0827203919	-0.0069860384	-0.0725050267	0.0074710196	0.0214123853	-0.0052003637	-0.0382330836	0.0263561447	-0.0725455862	0.0452391565	-0.0055195131	-0.0056645305	0.0355212543	0.0319503817	0.009994024	0.0449113852	-0.0598575867	0.0957905191	-0.0725155502	0.0403736864	0.1300163037	0.0377117637	-0.0263044084	0.0459405574	0.0304417803	-0.0788526371	-0.0004099746	-0.0563590096	0.0100092904	-0.0285241001	0.1323122439	-0.042650733	-0.0031235941	-0.073598199	0.0142453488	0.0077318842	-0.0349803555	-0.0579936792	-0.0094009477	0.0746179004	0.0663975603	0.0241651084	0.0259520595	-0.0184373145	0.0790218367	0.0082264453	0.0916884382	-0.0477387974	-0.1013235188	0.1710062481	-0.0185719349	0.0436624524	-0.011205416	0.0160644642	0.0254244366	-0.0544001722	0.0750424995	0.063242806	-0.0193724015	0.0533198479	0.001805156	0.1392516199	-0.0226144477	0.0144253474	0.0271121865	-0.024057548	-0.0084548958	0.0237072171	0.0414791069	-0.0042298722	0.080055886	0.0676365995	0.0856984625	0.1093117993	0.0551111202	-0.0053526743	-0.0156986309	0.0581467642	0.112581736	0.0555816443	-0.030310284	-0.0624870538	0.0028939934	-0.1216071082	0.0072061369	0.0954241945	0.0589906886	-0.0353447334	0.044235868	0.0258986417	-0.0280264413	-0.0384264435	0.034730789	0.0660691491	0.0404645813	0.1592836004	0.0097361137	0.00910462	-0.0803007448	-0.0391753846	-0.0462272897	-0.0249805942	-0.0488469506	-0.0384458617	0.0141752507	0.0780004501	0.008543734	-0.0215168253	0.0492678927	0.0094748581	-0.0239776525	0.0407572135	0.0055637585	0.0344020952	-0.0185839759	-0.117401989	0.0308748415	-0.0244849875	-0.0133600426	-0.1107492325	0.064777029	0.0211324865	-0.0312459714	-0.0707106781	-0.0809511339	-0.0577350269	-0.010657419	0.040824829	0.0228416597933573	0.0111497292459859	0.0005217414221154	0.0001243164622587	0.0263621030884451	0.0144519904471708	0.0002088600278851	0.0006949604792458	-0.2484476049741673	-0.0804913035158207	0.0617262124173998	0.0064788499416759	0.0004250712492453	0.0001518651062895	2.306301050835149e-08	1.8068556693495996e-07	0.0015689819867927	1.5979530799915473e-08	2.461704474879968e-06	2.553454045854472e-16	-8.983341775219467e-05	0.0001728808300353	2.9887781393696125e-08	8.070042945040324e-09	0.0	0.0	0.0
1816.4053843744405	8.07023609741168	65.1287106679665	3299328.520384459	2499.0508530423103	2.304358471399155	5.31006796470905	6245255.166091499	1960.425479918953	3.948985422690157	15.594485868619358	3843268.062315457	2090.475804578734	1511.9510701838133	1.036951	27.114439	0.096487796008487	0.0486686914011961	0.0123652359	-0.0361488649	-0.0576795715	-0.0527066514	0.012850918	-0.0980522174	-0.0559051189	0.0659849727	0.0443009443	0.0049764678	0.0304158256	-0.026869262	0.0316170924	-0.0329486016	-0.0455305024	-0.0154767501	0.0465976778	-0.026363233	0.0385225891	-0.0046792757	0.0209686489	-0.070719877	0.0480701117	0.0459907135	0.0281866884	-0.0229955022	0.0124314892	-0.004147905	-0.0144257809	-0.0229220853	-0.0472965135	-0.0078490174	-0.0013847038	-0.0723185291	-0.019982753	0.0340623026	-0.0191055611	0.0882082659	0.0214738179	-0.0094902959	-0.0090223141	-0.0146297813	-0.0612567308	0.0057778848	0.0018928662	-0.0349803052	0.0256918682	-0.1419109194	-0.0170014642	-0.0659596118	-0.0074000972	-0.0948721415	0.0607152941	0.0204270654	0.0127879374	-0.0277993214	0.0364863791	0.0025175136	-0.059834162	0.0770907417	0.0916438847	0.0595858091	-0.0146379746	0.0935912517	0.0402003156	-0.0436380352	0.0115831629	-0.0167267778	-0.0627235003	0.0822702842	-0.0129381507	-0.0252651306	-0.0250242313	-0.0069758978	-0.0655192289	-0.0160599991	0.0456645271	0.0033797947	0.0204699148	0.0110706702	0.0160349443	-0.0033752066	0.0304174993	-0.0617929626	0.0071176244	0.0214427469	-0.0254182872	0.0622976267	0.0439905803	0.0619318483	-0.0099500758	0.005656144	0.0395317178	-0.0079131513	-0.0571482596	0.0119295096	-0.0025898581	-0.0653081305	-0.0161698843	-0.0652051661	0.0026935582	0.0656641591	0.0052932579	-1.8799e-05	-0.0658909568	-0.0074372062	-0.0188677437	-0.0543158337	-0.0262259533	0.0325101777	0.0266255255	0.0655481594	0.0013372061	-0.0583557122	0.0223080179	0.0007509491	0.0881321052	-0.0047165967	-0.0119781771	0.0406555106	0.0286497827	-0.0058761737	-0.0015343277	0.0895716086	0.0121682933	0.0700017771	0.0655614674	-0.0552824144	-0.0048028234	-0.0463671992	0.0135588349	-0.0028342469	-0.0404273593	-0.0602712587	0.0023662371	-0.0060454591	-0.004084596	-0.0028558563	0.0642529755	0.0194761753	-0.0336000067	-0.0723582192	-0.080282427	-0.0539958877	-0.0047000831	0.0465985677	-0.0090609133208516	-0.0319025731142089	8.210015020798599e-05	0.0010177741713074	0.0356805845408416	0.0093184814523965	8.683409657865763e-05	0.0012731041131761	-0.2831512822538542	-0.0347036772796869	0.0801746486420018	0.0012043452167326	0.0005328839465921	0.0001078126973468	1.1623577709192704e-08	2.839653005355721e-07	0.0016420344108989	7.305242410620013e-05	2.6962770065760978e-06	5.336656667792129e-09	0.0001405627440387	0.0002303961617908	5.308239136797613e-08	1.975788501168909e-08	0.0	0.0	0.0
1813.1094819336413	-3.295902440799182	10.862972899266005	3287365.993477677	2479.969059151252	-19.08179389105817	364.1148581008249	6150246.534347547	1958.7616303211123	-1.6638495978406809	2.7683954842345955	3836747.124418222	2078.7607833249617	1501.2466963745935	1.050812	27.476873	0.1240795613735575	0.0625495731689641	-0.0199245835	0.0534566437	0.0843601493	-0.0105695281	0.0253810252	-0.0450980465	0.0345330114	-0.0074965985	0.0119543607	-0.0588960904	-0.0695304792	-0.0071080571	0.0055172266	0.029519089	-0.0293994738	-0.0568536516	-0.0034500376	0.013220537	0.0316208288	0.0106718027	-0.0048352526	0.0481953429	-0.1156648694	0.0398051498	-0.1176967748	-0.0635421149	-0.0047296284	0.0568798901	-0.0464351835	0.0295801363	-0.0171257084	0.0226444972	0.0409286044	0.037535615	0.0091555035	-0.0177996625	0.0005904508	-0.0772790861	0.0891650421	0.0511014416	-0.0041332727	0.1794778307	-0.0540795895	0.0555232786	0.0785215753	0.0675935748	-0.0202399034	0.0128159965	0.028747937	0.0593462407	0.0148080367	0.0090297009	0.0290980658	-0.1070127206	0.0490551191	0.0904239481	0.0455268243	0.0530937618	-0.0334862385	-0.015267964	-0.0360330078	0.0241628923	0.0211578799	0.0568370817	-0.0196034484	-0.0908300634	-0.0728700718	-0.0458741217	0.0199732685	-0.0664215608	0.0104811323	0.0318523906	0.0956199726	0.0094934608	-0.0105140969	0.0650521814	0.0714366698	-0.0925062736	-0.0675857398	0.0151923561	0.0228911247	0.023612836	-0.114906681	0.01700178	-0.0132125125	0.0725109613	0.0386933075	0.0313757626	0.0328630893	-0.0428421838	-0.0241418202	0.0853273618	-0.0160634093	-0.0213010225	0.0234606211	-0.0784135659	-0.027580082	-0.0489744692	0.0488988271	0.0434372284	0.0469384813	-0.0680941417	0.0689348425	0.0636392745	0.0661192717	0.0952035689	-0.0500174036	-0.0119575153	-0.0185379389	0.0079128972	-0.0431363012	-0.0386001334	-0.0523114802	0.0645083401	-0.0013121484	0.0097219735	0.0035454403	0.0947424057	-0.0620340146	-0.0381865475	0.0198407574	-0.0944205787	0.0214520252	0.0480867548	0.0541512991	-0.0351270621	-0.0096836185	0.0227446577	0.0060737647	-0.0219512553	0.0019475187	-0.0411952182	0.0051079428	-0.0599976279	-0.006222397	0.040291398	0.0590853358	0.0378857516	0.0637218759	0.0178113211	-0.0359208828	-0.0738788195	-0.0793936715	-0.0500436514	0.0012824971	0.0520454508	-0.0220771522626819	-0.0130162389418302	0.0004874006520296	0.0001694224761908	0.0413813203009993	0.0057007357601576	3.2498388207140777e-05	0.0017124136698538	-0.2520416980399247	0.0311095842139295	0.0635250175508485	0.0009678062299635	-0.0002233666253065	-0.0007562505718986	5.719149274969597e-07	4.9892649300814374e-08	0.0021030152700882	0.0004609808591892	4.422673226224144e-06	2.1250335253890498e-07	-0.0001272658740262	-0.0002678286180649	7.173216865455409e-08	1.6196602691652606e-08	0.0	0.0	0.0
1814.26758652004	1.158104586398622	1.3412062330375232	3291566.8754972504	2489.337243091101	9.368183939848675	87.76287033083868	6196799.909840402	1956.962650809701	-1.7989795114112894	3.236327282477601	3829702.816664132	2083.770638868868	1485.666036905528	1.136817	29.725756	0.0952553316736013	0.0494685197894983	0.0330212722	0.0531149133	-0.1178476882	0.0574634103	-0.0476251998	0.0477821556	-0.0460881898	-0.0083342184	0.0322113942	-0.0089441825	-0.0150656991	0.0229504844	-0.0581664642	0.006563256	-0.0064509067	-0.0585043167	-0.0098464	0.0133051619	0.0002465959	0.014239302	-0.1215956731	0.0034388553	0.0047041357	-0.0707764835	0.0441652553	0.0783715507	-0.064285291	-0.0390931386	0.0425183775	0.0082446376	-0.0179816124	0.0217178013	0.1441526304	0.0436068121	0.0323922469	0.0918572525	-0.0189787014	-0.032860759	-0.044437719	0.0129371992	-0.0306449146	0.027901059	-0.0046144907	-0.0058249063	-0.0959390669	0.005413662	0.0005900352	0.0559279703	-0.0079919289	-0.0712999106	0.0693934458	0.0306074097	-3.25673e-05	0.0125173457	-0.0249603835	-0.1367964735	0.0276235476	0.0221918688	-0.0241768633	0.0243591322	0.1258873975	0.0176531778	-0.0219095353	-0.0087406019	0.0558708246	-0.0312491517	-0.0083991059	-0.0108363305	0.0144701577	0.0353370693	0.0652456643	-0.0002694361	0.0021758164	-0.0296394778	0.0890957067	-0.0588246883	0.0113708799	-0.043571643	0.0002408691	-0.0548766048	0.001171576	0.0791148624	0.0438091444	-0.0168424924	0.0566250516	0.0648275378	0.0686845248	-0.0496593792	0.0097050098	-0.0129206228	-0.0234043416	0.0048598491	0.0215550132	0.1053195412	-0.0105824908	-0.0339401086	0.1246116391	0.030124379	-0.0240648873	-0.0122091544	0.0245444765	0.0721478458	0.0769890116	-0.0147966757	0.1028865113	-0.0747915955	-0.064773979	-0.0047908481	0.0583972311	0.0322519468	0.045063514	0.0353846653	0.1132938157	-0.0065254711	0.0120922123	-0.0401658015	-0.0612978539	0.022786426	-0.004727659	0.148488986	-0.0440985267	0.0222575833	0.0357760788	0.0435334304	0.0033746767	-0.0236978227	-0.0200674514	0.0178706872	-0.016630749	-0.0602982753	-0.0200336646	-0.0185363182	-0.0205916208	-0.0860194457	0.0041004124	0.0183413624	-0.0571967663	0.0888341032	0.0631837885	0.0161386543	-0.0382063093	-0.0752698111	-0.0782873035	-0.0458939156	0.0072581889	0.0571272725	-0.0301935928927008	-0.0081164406300189	0.0009116530517701	6.587660850062161e-05	0.0578403584941611	0.0164590381931618	0.0002708999382439	0.003345507070733	-0.2772926223443974	-0.0252509243044726	0.0768911984066326	0.0006376091782302	0.0005320495795261	0.0007554162048326	5.706536425236886e-07	2.830767550738998e-07	0.0021739900703179	7.097480022970034e-05	4.726232825840828e-06	5.0374222676458714e-09	-4.507830816954058e-05	8.218756585665941e-05	6.7547959814427285e-09	2.0320538674280687e-09	0.0	0.0	0.0
1813.665691158196	-0.6018953618438445	0.3622780266091325	3289383.239284337	2490.3894777261435	1.0522346350426233	1.107197727183283	6202039.750769094	1956.94678263026	-0.0158681794409858	0.0002517991187713	3829640.710046926	2080.773888261551	1512.7748335456151	1.149189	30.049259	0.0729361145463686	0.0383525338730428	-0.020371709	-0.0634523217	0.0199743356	0.0198317943	0.0858574969	-0.018678929	-0.0101880017	-0.0373019439	-0.0702359142	0.0054371254	0.0251853428	-0.0135256871	-0.0066505038	0.028772518	-0.0492534171	-0.0400479881	0.0190420023	-0.0316437871	-0.0435515829	0.0059369418	-0.02230912	0.0707237038	-0.0756827563	0.039519457	0.1233992108	-0.0223596279	-0.0126384003	-0.0364938767	0.0842150373	-0.0523620224	-0.0514881847	0.0353131577	0.0030581942	0.0583612225	0.0161842998	-0.0248144656	0.1015489035	-0.033878538	-0.0192487053	-0.0492698971	0.0481634678	0.0175584746	0.0351561172	-0.043269278	-0.0037083066	-0.0620848577	-0.0556072372	0.072132092	-0.0421831197	0.1257775519	-0.0123119486	-0.0500520989	-0.0505612434	0.0323664825	-0.0516756478	-0.0783710006	-0.03820287	0.0601814628	-0.0013474361	-0.0015304231	-0.0707447297	-0.0277664152	0.0044413338	-0.0173462344	-0.0029332771	0.0020384133	0.0478159002	0.0609785407	0.0288687135	-0.0106846254	-0.0174374437	0.0352585335	-0.0935077282	0.0098035324	0.0339286267	0.053375356	0.0718390503	-0.0483034807	0.0583058611	-0.0410249746	-0.0151463848	-0.0364457981	0.042062478	-0.0190079114	-0.1184816212	0.0577620705	0.0356953001	-0.0346965017	-0.0062465888	0.0092856078	0.0067307766	0.002497412	-0.033546612	0.0727230851	0.0232802158	0.0275246877	-0.089539684	-0.0421843888	0.015168092	-0.0506753816	0.0037003382	-0.013985234	0.0081056384	-0.0418198168	0.0321228559	-0.0128557125	0.0380889174	0.0524302748	0.0270478327	-0.0796655374	-0.0556812696	0.0357044176	0.0609176962	0.0208523296	-0.0379474962	-0.0398648884	0.0025951862	-0.032983847	-0.0208243104	-0.0145941524	-0.0349442517	-0.1314801142	-0.007866003	0.0207816655	-0.0408521286	0.062831682	0.0574572079	-0.0174000162	0.0538395223	-0.0525481946	-0.0107831009	-0.0354401116	-0.0595018182	0.0335061488	-0.0152942589	0.0410270596	-0.0090562139	0.0690464824	0.0626387723	0.0144589085	-0.0404540309	-0.076528754	-0.0769663555	-0.0415630576	0.0131948967	0.0618083875	-0.0393991315180244	-0.0092055386253235	0.0015522915643745	8.474194138232467e-05	0.0430927396019598	-0.0147476188922013	0.0002174922629896	0.0018569842064023	-0.2486074897885828	0.0286851325558145	0.0618056839789803	0.0008228368297446	0.0002299362522777	-0.0003021133272484	9.127246250109882e-08	5.28706801115141e-08	0.002174004856154	1.47858360997552e-08	4.726297114581174e-06	2.1862094916882412e-16	5.875006820654248e-05	0.000103828376376	1.0780331740893562e-08	3.451570514273394e-09	0.0	0.0	0.0
1813.4889763030355	-0.1767148551605259	0.0312281400344056	3288742.267172632	2505.028413852969	14.638936126825683	214.2984509252821	6275167.354210722	1955.7265300600548	-1.2202525702052751	1.4890163350925805	3824866.260380742	2087.879458279728	1531.4896719743217	1.033676	27.028811	0.094886103313258	0.0481196286218654	-0.0481541255	0.0046587236	0.0568087004	-0.0045504394	-0.1125043401	-0.0491289264	0.0369126878	0.0261770873	0.026792657	0.049053847	-0.0348835142	-0.0124239319	-0.021417583	-0.0082622503	-0.0098900943	-0.010333215	0.0101125502	-0.0496901805	-0.0356411068	0.0284377253	0.0924284988	-0.0078913553	-0.0496846878	-0.0560361688	-0.0932285989	0.0758708765	0.0160637538	0.0248463235	-0.0191657668	0.0492590481	-0.0402449726	0.0309005853	0.0047393956	0.0036776213	-0.0598496637	0.023239685	0.0363847134	0.0249504483	-0.0122888441	-0.0991914591	-0.0115614485	0.0250627175	-0.0364564376	0.021094503	0.0159401728	0.0955089958	-0.0167170443	-0.0111422436	-0.0822368699	-0.0131775962	-0.057555946	-0.0254139518	0.0208531309	0.0241818206	-0.0198307776	0.073094897	0.0286671923	0.0241888201	-0.0687291978	0.1441945051	0.0871732721	0.0531377088	0.0091900558	0.1230159264	0.0499754097	-0.0169656818	0.0465031141	-0.0226993279	-0.0429758965	0.0092793041	-0.0593036378	-0.0177204039	0.0483477419	-0.0095576905	-0.0047797844	0.0776678526	-0.0520150533	0.0504251855	-0.0821988085	-0.0181047135	-0.0282151985	0.0387617589	-0.0105629258	0.0090825495	0.0577123375	0.0007465564	-0.0807208836	-0.0048688182	-0.0190824017	0.003449379	-0.0597980305	0.069533172	-0.1041519528	0.0692425385	-0.0348498154	0.0374545529	-0.13789557	-0.0521003257	0.0552442473	-0.0176678615	-0.0091074464	-0.0453516819	0.0836308116	-0.0443949446	-0.0634811162	0.0227351721	-0.0139655525	-0.0302355607	0.0611045347	0.0030939408	0.0715741423	0.0455128183	-0.031831453	-0.0042480483	-0.0604872316	-0.025956543	0.0984620275	0.0068318916	-0.059021956	0.0178895117	-0.07568086	-0.0101497045	0.0014527274	0.0560242082	0.0382753407	0.0238028285	0.051831201	0.0504654591	-0.0682827524	0.0129846667	0.0423391569	0.021507568	0.0281043195	0.074742433	0.0239898204	0.0174590816	0.035846964	0.0479007655	0.0620868871	0.0127728206	-0.0426618292	-0.0776534394	-0.0754344479	-0.0370681691	0.0190607341	0.066055961	-0.0437876281769007	-0.0043884966588762	0.0019173563813585	1.9258902924968444e-05	0.0164680681933475	-0.0266246714086123	0.0007088731276165	0.0002711972700207	-0.231955709805014	0.0166517799835687	0.0538034513111478	0.0002772817766211	-0.0002100146151685	-0.0004399508674462	1.9355676576666385e-07	4.4106138584373155e-08	0.0026310032914904	0.0004569984353364	6.92217831983332e-06	2.0884756989991805e-07	1.1276265745130252e-05	-4.747380246141223e-05	2.2537619201451902e-09	1.2715416915479792e-10	0.0	0.0	0.0
1809.369930503268	-4.119045799767491	16.96653830058221	3273819.545409401	2505.675834334216	0.6474204812466269	0.4191532795376139	6278411.386766468	1959.2437347652408	3.517204705186032	12.37072893818276	3838636.012216849	2090.142123570634	1551.902193436524	1.035353	27.072649	0.0648936836012391	0.0365972894399946	-0.0668997094	-0.1325579156	0.0047636658	-0.0180273212	-0.0563377103	-0.0254831616	0.0344967242	-0.0473509322	0.0796029849	0.0756296626	0.0460179696	-0.0231241269	0.1131368179	-0.017039564	-0.0512434493	-0.0453418566	0.0203179535	-0.0378299509	0.0333401329	-0.0800703778	0.0554897607	-0.0264272646	-0.0117271745	-0.0530660718	0.0282663213	-0.0244830133	-0.0328752236	-0.0519757933	-0.0291465537	0.0391073731	-0.0372654113	-0.0383634667	0.0192457272	-0.0339874058	0.0527841951	0.0264996365	-0.0378156293	0.010557685	0.042302667	-0.1216798189	0.0973016845	0.0412383502	-0.0487273737	-0.0794329081	0.0176797181	-0.0039525275	0.0304576151	-0.0263029781	-0.0658507341	-0.1752993058	-0.0066088728	0.0829066525	-0.0860523871	-0.0428653852	-0.0474873253	0.064856851	-0.1626545849	0.0825573333	-0.0275893744	-0.0600968603	-0.0769248927	0.0080395799	0.1332237655	0.0424551889	0.0190883457	-0.0113376132	-0.0489534049	0.13321367	-0.0275877324	-0.0226763081	-0.0500309898	-0.1293711725	-0.03531407	-0.0024842493	-0.0597691608	0.0290340027	0.0367446396	0.0610432419	0.0208200908	-0.0493260321	-0.0686531028	0.0006429271	0.0656172989	-0.0513589347	-0.0092465365	0.0406663495	0.0017400545	0.0852612459	0.014593214	0.0877224558	-0.1331850237	0.0309670324	0.0635965673	-0.0143794191	0.0145054558	0.0751607629	-0.0780508163	0.0319385969	0.0745770755	0.0062577355	0.0714486564	0.0421034607	0.0610209736	0.0484158392	-0.0225432241	0.054715081	0.120911746	0.0003020872	-0.1185606972	0.1315071264	0.0534560434	-0.0054484089	0.0499540956	0.0573162647	-0.0542708003	-0.0200115963	0.0426036456	0.0226907982	0.0467332129	0.0756681396	0.022927669	-0.1012165512	-0.0897747463	0.0852095661	0.0279648323	0.0572020278	0.0300814194	-0.0451253341	-0.0375592752	-0.0091191782	0.0575404284	0.0587998451	-0.0015671217	0.0040128245	0.0307068444	-0.0332458508	-0.0338537076	0.025104485	0.0615281933	0.0110811301	-0.0448275254	-0.0786418943	-0.0736957799	-0.0324269895	0.0248241955	0.0698401994	-0.0391106322985166	0.004676995878384	0.0015296415587897	2.187429044642184e-05	0.0041865950790622	-0.0122814731142853	0.0001508345818569	1.7527578356027827e-05	-0.1976828068349974	0.0342729029700166	0.0390784921181628	0.0011746318779921	-3.40026023331054e-05	0.0001760120128353	3.098022866236712e-08	1.1561769654233048e-09	0.0025430021017078	-8.80011897826001e-05	6.466859689290289e-06	7.744209403153201e-09	2.0432355920623456e-06	-9.233030153067908e-06	8.524884580746117e-11	4.174811684670364e-12	0.0	0.0	0.0
1804.875044185768	-4.494886317500004	20.204003007248748	3257573.925124578	2479.583047099497	-26.0927872347188	680.8335456763043	6148332.087463226	1949.886935977485	-9.35679878775568	87.54968355454614	3802059.063095665	2071.78527152242	1490.2671608872597	1.197526	31.313181	0.0780964679386767	0.0393181515518458	-0.0420306312	0.0503474697	0.0881134382	0.1050237705	-0.0011425523	-0.0396948551	0.0713476111	-0.0339513445	0.0055163603	-0.0833629372	-0.0979071254	-0.0581902149	0.0732110685	-0.0171403489	-0.0005469781	0.0147128989	-0.0753418561	-0.0044134667	-0.1143474149	0.0053939049	0.0354743899	0.054332857	-0.066814536	-0.0124870297	-0.0595053207	-0.0803613876	0.0234530203	-0.0333446822	0.0573733503	0.0191698029	-0.1444965788	-0.0681462636	0.0688877007	-0.0345195679	-0.0407719025	-0.0041590362	0.0483872054	0.0528589625	-0.0686228214	-0.044244549	-0.0306839674	0.0695679696	-0.0843100488	-0.065682203	-0.014541097	-0.0029133693	0.0214124612	-0.0319184551	0.0202995485	0.0013608669	-0.0380547219	0.0589217583	0.0219867314	-0.0243849897	-0.0138832941	-0.0649736776	-6.61813e-05	0.0225071844	0.02215976	-0.0455796491	-0.1084566135	0.0287552962	-0.0047540254	-0.0379099542	0.017241282	-0.0360041043	-0.0620418473	-0.0118799585	0.0654800213	-0.0999855568	-0.0442143426	0.0972485074	0.0943505486	-0.1137132495	-0.0047748492	-0.0061036804	0.0497764477	0.0285379379	0.0179084356	-0.0714253631	-0.0301890751	0.0091146159	0.0031501116	-0.0076091525	-0.0387100641	0.1188861914	0.0410901291	0.0287030362	-0.013927452	0.0130665458	0.0109440938	-0.1250886912	-0.015446579	0.0317855871	0.0152077674	0.0479804033	-0.0829412522	-0.0933630535	-0.1052832299	-0.025494896	0.0409697339	-0.0397719987	0.0198282264	-0.0141710563	0.0355464249	0.0307663106	0.0262650945	-0.0188676911	0.0224110489	0.1055746565	-0.0126078074	-0.0574234395	0.0078865404	0.0556233667	-0.0661019611	-0.0129917947	-0.0479888082	0.0078323812	-0.0650142594	-0.0518595635	-0.0589308534	-0.0838925694	0.0083864016	0.056593942	0.0826599224	-0.0525566852	-0.1049539127	-0.0054656084	0.0557602078	-0.017604354	0.0135952521	-0.0245231516	0.0132868069	0.0054156889	0.0877194256	0.0127741827	-0.0522315341	0.0970414112	0.0609627523	0.009384579	-0.0469489822	-0.0794923845	-0.0717551168	-0.0276578354	0.0304543249	0.073134559	-0.0357284412256291	0.0033821910728875	0.0012765215124132	1.1439216453519906e-05	0.0355530022467434	0.0313664071676811	0.0009838514986087	0.0012640159687569	-0.1976594422944515	2.336454054588377e-05	0.0390692551281536	5.459017549202468e-10	0.0001647281101967	0.0001987307125298	3.9493896102604154e-08	2.7135350288976136e-08	0.0021290242778828	-0.000413977823825	4.532744375814378e-06	1.7137763861888293e-07	0.0002558248023885	0.0002537815667964	6.440508364565479e-08	6.54463295171151e-08	0.0	0.0	0.0
1808.806813812177	3.93176962640905	15.45881239515276	3271782.08969336	2498.571397101742	18.98835000224517	360.55743580776414	6242859.026414951	1957.85849960207	7.97156362458486	63.54582662080451	3833209.904464069	2088.7452330142546	1476.5809319709017	1.073577	28.072151	0.0796276306707496	0.0369908915008858	-0.0648681123	0.0323201731	-0.0664092106	0.0857580899	-0.0694340946	-0.0078563651	-0.0777068496	-0.0033239376	0.0467178311	0.0378059652	0.0017013067	-0.0736200645	-0.0475500946	-0.0167989835	0.0069436264	0.0484164514	0.0031695301	-0.0779263655	-0.0035170896	-0.0419540349	-0.0228665978	-0.0207944008	-0.0067600545	-0.0477796353	0.0207850829	-0.0231457315	-0.0658037671	0.0760750215	-0.0213044322	-0.0066343766	-0.0223279801	-0.0473718156	0.0094482728	0.0380916398	0.0039106228	-0.0430066592	-0.033665536	-0.019603515	0.0309585234	0.0292088393	-0.1107366153	-0.0927181224	-0.0615835818	-0.0238937419	0.0749200893	-0.0531103842	0.0460249683	-0.1386819589	0.0445761531	-0.0390973807	-0.0216605686	0.0468492127	0.0127611278	0.0211202388	0.0467650636	-0.0030813242	-0.0205394893	-0.0375565622	-0.0214321403	0.0852806575	-0.0512923822	-0.0096163639	0.0528889812	0.0316355369	-0.0267471326	-0.0191374827	0.099299433	0.0216313786	-0.0045591945	0.0777756978	-0.05063285	-0.0486319539	0.0129374343	-0.0344141724	0.0332901867	-0.0224841567	-0.0622305891	0.0066733018	0.0085041735	-0.0292162424	0.009728295	0.0822934717	0.0173055139	-0.0098424711	-0.0565714461	0.0452932254	0.0218224673	0.030060268	0.0415425451	-0.0038666778	-0.0156912664	0.0108998488	-0.0295887076	-0.0181032715	0.0729975444	-0.0296307663	-0.0861879881	-0.0485227966	-0.0259138745	-0.0063314735	0.0134241931	0.0761927076	0.0129145328	0.0167777131	0.0109980467	-0.0415073553	-0.0507472016	-0.0514797073	-0.0975299853	0.0135507382	0.0616535349	0.0315828102	-0.0342694896	0.0505960116	-0.0781196934	-0.0259128811	0.0374194153	-0.0189388747	-0.0370251922	0.0924301804	-0.0811058489	0.036875481	-0.0229151118	0.0964025955	-0.0066839227	-0.0651160714	-0.0242496348	0.0205665621	-0.0745352558	0.0295029001	-0.0274282003	-0.0189991421	-0.020223052	0.0162146415	0.0333275294	0.0019840524	-0.0528161277	0.0571759158	0.060390626	0.0076839116	-0.0490241061	-0.0802034182	-0.0696177779	-0.0227795284	0.0359208828	0.0759159322	-0.0409351747316577	-0.0052067335060285	0.0016756885303113	2.711007380280087e-05	0.0215881479622197	-0.0139648542845236	0.0001950171551879	0.0004660481324386	-0.2263961315401559	-0.0287366892457043	0.0512552083763475	0.0008257973088041	-0.0002100980483539	-0.0003748261585506	1.404946491337995e-07	4.41411899221177e-08	0.0022209936422934	9.196936441060012e-05	4.932812759107704e-06	8.458363990089761e-09	8.823325265984131e-05	-0.0001675915497286	2.8086927540453493e-08	7.785106874935394e-09	0.0	0.0	0.0
1809.5434899217248	0.7366761095477159	0.5426916903783583	3274447.6419180958	2498.875234786578	0.3038376848357984	0.0923173387263779	6244377.439029675	1954.4068911094369	-3.451608492633113	11.913601186417033	3819706.296016054	2087.752399043417	1522.4476900135555	1.151146	30.100433	0.219442054935673	0.1295017294841291	0.0012946939	-0.0588980686	0.0043563799	-0.045709893	0.0569352091	-0.0524334607	-0.041808589	0.0467447076	-0.0014813249	0.0466621641	0.0132744605	-0.0430804882	-0.0390845714	-0.0023124847	-0.068605352	-0.08171171	0.0295608276	0.0211305907	0.0059611941	0.010883137	0.0637836104	0.013100713	-0.0322005509	0.0325643647	-0.0157888176	-0.0160047768	-0.0266674567	-0.0093419039	0.0297721841	0.0205742377	0.1178880487	-0.0725666944	-0.0100397715	-0.0080956367	-0.033111857	0.0265241451	0.1075983883	0.0076722961	0.1425206012	-0.0046956862	0.0005488689	-0.0860955029	0.0237697751	-0.0215419026	0.0100875445	0.0409989727	-0.0856931787	0.1232481624	-0.0073079596	0.0907634415	-0.0030489135	0.0329089106	-0.0063209156	-0.044648355	-0.0532268622	0.0075179627	-0.0139936289	-0.0379681828	-0.0640415826	-0.1009195274	-0.1238865244	-0.0356692182	0.0064168214	0.0253919637	0.0519441682	-0.1145385524	0.0941051863	-0.0462264872	-0.0584484755	0.0611423752	0.0221528689	-0.0398903265	-0.0377927481	0.0015591042	-0.0422698853	0.0762707251	0.0007270219	-0.0007219153	0.0102659871	-0.0872397636	0.0138429805	-0.0698751915	0.0615810237	0.0290626681	-0.069133147	-0.1244171185	0.0060163391	-0.0326429932	0.0796347895	0.1173323833	-0.0597023251	0.1103869025	-0.0412133516	0.0168969774	-0.0124857424	0.0012814041	-0.0441476007	-0.0476427432	-0.0411213988	0.0681764466	0.0143713161	0.0103615793	0.0309544688	-0.0904418939	-0.0391497736	-0.0047037143	0.0554262832	-0.0112565224	-0.0186233972	-0.0189323521	-0.0378764635	0.0127945825	-0.1092204025	0.0356420813	0.0303261703	0.045364661	0.0481759584	0.0274451319	0.0199031395	0.0013200093	0.0989039106	-0.0526379472	-0.0202711319	0.066533488	-0.0650702474	0.0551357998	0.061716558	-0.0504746507	-0.006531178	0.0496863058	0.0266130487	0.0394251983	0.0371976892	-0.0995027183	-0.020344144	-0.0477359457	-0.0105898204	-0.0163568184	0.0598118772	0.0059798738	-0.0510508491	-0.0807737477	-0.0672896215	-0.0178113211	0.041194508	0.0781648097	0.0464827168810728	0.0874178916127305	0.0021606429686459	0.007641887774015	0.0300427143889407	0.0084545664267209	7.147969346383788e-05	0.0009025646878554	-0.3150893224794302	-0.0886931909392743	0.0992812811405463	0.0078664821189905	0.0001715283046368	0.0003816263529906	1.4563867329698233e-07	2.9421959291574863e-08	0.0020209989582666	-0.0001999946840267	4.084436789314683e-06	3.99978736389795e-08	-2.76738294616031e-05	-0.0001159070821214	1.343445168590726e-08	7.658408370698916e-10	0.0	0.0	0.0
1808.8565013772345	-0.6869885444903048	0.4719532602609074	3271961.842574689	2483.423915351488	-15.451319435089772	238.7432722851829	6167394.343339715	1950.3421945646992	-4.064696544737672	16.521758000802365	3803834.675899447	2075.195010125068	1492.0596730723596	1.01886	26.641401	0.0664441569578591	0.0341478296306894	-0.0113506775	0.0778793253	0.0282340172	-0.0135751097	0.0157599993	-0.0538117439	0.0239793298	-0.0053835832	0.0161990928	-0.0578062386	-0.0880920445	0.0314907686	0.0560326174	0.0685071221	0.0075328576	-0.0667552516	-0.0491695591	0.0317682904	-0.045269364	-0.012112522	-0.0585130075	-0.0139102895	-0.0855736156	0.0048862277	-0.0946563195	-0.0246335099	0.0844322547	-0.0325103356	-0.0075483785	-0.0401985319	0.0094932975	0.016633156	0.0218408727	0.0552926327	-0.0192580118	0.0191711121	0.0447139882	-0.0575950262	-0.0181705511	-0.0046150122	-0.0424484549	-0.0296439371	-0.0559601736	-0.0378084543	-0.0231584215	0.0490603296	-0.1245521445	0.0310427887	0.0210638552	0.0543923055	0.0458697057	0.0521851479	0.0230406561	-0.0510950556	0.0090499168	-0.1088363906	-0.009817559	-0.0598813203	0.0017716296	0.1035038571	0.0036443093	0.0783930345	0.0089704812	-0.0481054305	-0.032904005	-0.1366613096	-0.0539304136	-0.0085680783	0.027715787	-0.0401925529	0.0317382115	0.0263667618	0.092155253	-0.047372336	0.0378620574	0.04737002	0.0742784271	-0.0117606284	-0.019019533	0.0071432005	-0.0338370921	0.000604829	-0.032457866	0.0354587312	-0.0075374663	-0.0366953081	0.0455997705	-0.0939306299	0.0158393335	-0.0328206899	0.0171030111	-0.0745930289	0.0138401659	-0.0049029953	-0.0489585942	-0.0803301321	-0.059308723	-0.0081380308	0.0227471592	0.0522779846	0.0589394106	0.0213168281	0.0051740769	-0.0941359589	0.0513026549	-0.0819543562	-0.0348137033	0.0420326634	0.01976454	-0.0245083456	-0.0623627984	0.0173596045	0.1083743051	0.0073297651	0.0092580993	0.0607618542	-0.0517528159	0.0686580354	-0.0506386448	-0.035236514	0.0278272062	-0.0285143223	0.0778798443	0.0550203106	0.0106175709	-0.0003461402	-0.0062007788	0.0064557756	0.0095518215	0.073812497	0.0459969312	0.041017011	0.0634962687	-0.0366302234	-0.0266679349	0.0076223031	0.0641140407	0.0139875611	0.0592265694	0.0042732129	-0.0530272111	-0.0812023727	-0.064777029	-0.0127728206	0.0462468756	0.0798654172	0.0570681568842559	0.0105854400031831	0.003256774530166	0.0001120515400609	0.0371809755045831	0.0071382611156424	5.095477175509231e-05	0.0013824249394724	-0.2880235564680617	0.0270657660113685	0.0829575690805107	0.0007325556897821	0.0001936735613531	2.214525671629999e-05	4.904123950308297e-10	3.750944836719298e-08	0.0019700336310557	-5.096532721090034e-05	3.881032507490505e-06	2.597464577714138e-09	0.0003323093831645	0.0003599832126261	1.2958791337261017e-07	1.104295261391705e-07	0.0	0.0	0.0
1813.706156851436	4.849655474201427	23.519158218451867	3289530.0234008054	2497.8481181060674	14.424202754579255	208.05762510521177	6239245.221126023	1954.1577085960569	3.81551403135768	14.558147323487333	3818732.350065392	2084.715402577621	1498.0505639702335	1.028486	26.893105	0.0741050316398205	0.0377640409504307	0.0291485508	-0.0029288057	-0.0659559401	0.0731514421	5.82764e-05	0.0549864505	-0.0712754296	0.03257649	0.0247574812	0.039172753	-0.0039334705	-0.0470171299	-0.0009973463	-0.0115386836	0.0215602523	-0.0204591876	0.024467475	-0.0078486121	-0.0396950558	-0.0025054609	-0.007779373	-0.0987826863	0.002170036	-0.0009589982	0.0166593124	0.0209110487	-0.0232009526	-0.0311207002	0.0297273436	-0.0896240137	-0.0506570121	-0.0910467632	0.0249365382	0.0450588305	0.0828693873	-0.0638659198	-0.0323920829	0.0537690768	0.0253147501	-0.0161345806	0.050309113	0.0659277939	-0.0239336125	0.0470703179	0.0023087156	0.0032258736	-0.0342646214	0.0671217594	0.0039503605	0.0171510615	0.0787623221	-0.0597969562	0.0109048205	-0.0773222861	0.0268360471	-0.0271587267	0.0157495784	0.0339822914	0.0089971082	-0.0368695947	-0.0048907188	-0.0190812071	0.0702601934	-0.0793214268	0.026271262	0.0177878641	-0.0058183587	-0.0457357404	-0.020118904	0.0862928873	-0.009820063	0.0060266752	0.0066073995	-0.0731478429	0.0192599889	-0.0495967679	0.0055937261	-0.0116976677	0.0320508364	-0.001119042	-0.0155959006	0.0207006956	-0.0002954782	-0.0909471771	0.0378487071	0.0424219279	0.0179278753	-0.0564460165	0.0377001499	-0.016312022	-0.0683782127	-0.0107898973	0.0683135416	0.1188234486	-0.0216426527	-0.0213910969	0.028549666	-0.0205880079	0.0111876362	-0.019896251	-0.0828779412	-0.0233908943	-0.0498769591	-0.0022462502	0.0144326658	-0.089032199	0.046478054	0.0791463877	-0.0127101374	-0.0126632329	-0.0250874454	-0.0263245005	-0.0313130667	-0.0779991096	-0.0003846363	0.0134605332	-0.0434066336	-0.0760628333	0.0288935291	0.0639982096	-0.0294107124	0.0021829734	0.1063089429	0.0463134228	-0.0176759704	-0.0306062897	-0.0798301526	-0.0806693166	0.0025818624	0.0153293525	0.0504913757	0.0021433958	0.0251388937	-0.0431432273	-0.0525717555	0.0167035835	0.0345249202	-0.0325659418	0.0586347667	0.0025646777	-0.0549512416	-0.0814885411	-0.0620868871	-0.0076839116	0.0510508491	0.0810058262	0.0338272856320998	-0.023240871252156	0.0011442852532356	0.0005401380965592	0.0615145253056539	0.0243335498010707	0.0005921216459211	0.0037840368235799	-0.2919893657359154	-0.0039658092678536	0.0852577897028621	1.5727643148994067e-05	0.0004406395005469	0.0002469659391938	6.099217512187574e-08	1.941631694422215e-07	0.0021740752465493	0.0002040416154936	4.7266031776584e-06	4.163298085323826e-08	0.0003320209114771	-2.88471687400003e-07	8.321591443140507e-14	1.1023788565808429e-07	0.0	0.0	0.0
1815.5536908345928	1.8475339831568365	3.413381818919365	3296235.204303112	2491.1401561283974	-6.707961977670038	44.99675389386693	6205779.277475416	1960.0089695247136	5.851260928656757	34.237254455225134	3841635.1606173296	2081.434141665982	1521.9131234618546	1.0209	26.694735	0.0587174544359136	0.0422283118598662	-0.0335930895	-0.0138513987	0.072770793	0.0134396861	0.0517938919	0.0104609769	-0.0045405164	-0.0140412738	-0.0845029367	-0.0044818984	0.0788245801	-0.0927036925	-0.0244023554	-0.0290026014	-0.0027546034	-0.0269934277	0.0242388831	-0.080001267	0.0149497177	0.017856033	0.0580774841	0.0715046685	-0.0355017596	0.0018217694	0.0250899962	-0.007582325	-0.079694612	-0.0484659835	0.049413282	-0.0401943943	0.0457937991	0.0128701357	0.1013718393	0.0469930186	-0.0242647332	-0.0950110132	0.074212432	0.0151298441	-0.0032735118	-0.0149230459	0.0122740133	0.0143132552	-0.0872924523	-0.0214124	-0.0678419474	0.037700335	0.038339572	0.0440326906	-0.0267641601	-0.0825731455	-0.036934197	-0.0041748259	-0.0381741849	-0.0767711091	-0.054730553	0.0043001354	0.0297423682	-0.0932580006	-0.0576266541	0.110979543	0.1082032869	-0.0116144667	-0.0500216792	0.0358319602	0.0054639426	0.027224184	0.0230375385	-0.0277242469	-0.00358757	0.00178491	-0.0620777481	0.0436915048	-0.0894284341	0.0367142222	-0.0649620193	0.0329242349	-0.0820886112	-0.0293878044	-0.0560017153	0.0175645733	-0.045985878	0.0014057127	-7.39189e-05	0.0311530067	-0.0565698505	0.0513519586	0.0410482153	-0.0272986924	-0.0421469513	0.0445414597	0.014664363	0.0236203702	0.0124150166	0.0080625575	0.0069691859	-0.0604536819	-0.0414421976	-0.0489478795	0.0153366203	0.0662882449	0.0879172201	-0.0364783821	-0.0015416347	-0.031315547	0.02750259	-0.0672331379	0.0418395381	0.0144908813	0.0063433509	0.074384852	-0.0203021823	-0.1053173971	0.0306616786	-0.132026504	-0.0180400168	0.0238699357	0.0675785543	-0.0260108361	-0.0277753417	-0.0213055347	0.0170571439	-0.0551603516	0.026034934	0.0153386361	-0.098974349	-0.0065427938	-0.0966407795	0.0114001218	0.0263741718	0.0561024555	-0.0387149206	0.0809237683	0.0503954375	-0.0295532985	-0.0296984897	0.0093951966	-0.0063544981	-0.1161778718	0.058036534	0.0008550176	-0.0568210419	-0.081631751	-0.0592265694	-0.0025646777	0.0555806262	0.0815780375	0.0410636951793748	0.0072364095472749	0.0016862270617846	5.23656231358927e-05	0.0205312233242835	-0.0409833019813704	0.0016796310412961	0.0004215311311916	-0.2923182219650186	-0.0003288562291032	0.0854499428927898	1.0814641941999273e-07	0.0003231300288727	-0.0001175094716741	1.3808475933149609e-08	1.0441301555927195e-07	0.0022560587876785	8.198354112919993e-05	5.089801253461384e-06	6.721301016083215e-09	0.0003281361907172	-3.884720759900011e-06	1.5091055382398118e-11	1.0767335965839465e-07	0.0	0.0	0.0
1817.8916358129104	2.337944978317637	5.465986721640656	3304729.999558539	2503.297090844633	12.15693471623581	147.79106169481946	6266496.325031204	1958.8877275121488	-1.121242012564835	1.2571836507404417	3837241.128997711	2084.7660423847733	1501.170905060948	1.050481	27.468216	0.0628274115794962	0.0285368683311402	-0.0383611125	0.070012016	-0.0820657238	-0.0127634419	-0.0376060273	0.0417406964	-0.0889629332	-0.0555393945	-0.0559936832	0.0503946134	-0.025497261	0.0542169338	0.0058460986	0.018043286	0.132293339	-0.1050987015	-0.0481010632	-0.0547220255	0.0907988039	0.0023550547	0.0337264108	-0.0302913606	0.0231649728	-0.0618776492	-0.0101426912	0.1195619829	-0.0309836428	0.009529908	0.0090005308	0.0456800411	-0.0030258964	-0.0537970633	-0.0466841265	-0.0572693208	-0.0226110617	-0.1139271967	-0.0004631284	-0.0293767562	-0.0044942737	-0.0127734664	0.0101563808	-0.1175551749	-0.0579400677	-0.0306686354	0.0403235263	0.0794117883	0.1079724551	-0.0916332154	0.0307499247	0.0719390692	0.052457776	0.0836294136	-0.0574775196	0.0382930588	-0.029419615	0.0759269187	0.0260842979	0.0114767899	0.0105642192	-0.021512364	-0.0337501897	-0.0317784779	0.0153781285	0.1114515749	0.0658167476	-0.0580065024	0.0678179151	0.0314598353	0.0637416332	0.0693226534	0.0145985212	-0.0528284073	0.0062837635	0.0705904202	-0.0229579723	0.0042620465	-0.0635152513	0.0095897199	-0.0558002242	0.0134562938	-0.0234166734	0.0405813127	-0.0419640133	-0.0630212234	-0.0237258612	-0.01575457	-0.037172663	0.067863754	0.0267099581	0.0644705418	-0.005293455	0.0095296506	-0.0264134646	0.0210179172	0.0733020392	0.1077372008	-0.0306670601	0.0151185139	0.0026082083	0.022291109	-0.0699889856	-0.0514166084	-0.1017697907	0.0458981971	-0.0684857236	-0.0895113537	-0.0402741399	-0.0047500037	-0.0058782058	-0.0189626955	0.0607140213	-0.0535529992	0.0243035246	0.0450978276	-0.0281266657	0.0344662916	0.0168937997	0.0384674984	-0.0133140673	0.0581390316	0.0176471593	0.087763693	0.0405564825	0.0118178524	-0.0770485216	-0.0166747705	0.0015726062	0.0220552078	-0.0807879304	0.0266945511	-0.0435535337	0.0348229208	0.0198547221	-0.0265104162	-0.0232026234	0.0010467226	-0.0204244076	-0.0391484024	0.057431937	-0.0008550176	-0.0586347667	-0.081631751	-0.0562039158	0.0025646777	0.0598118772	0.0815780375	0.0243372270608119	-0.0167264681185628	0.0005923006210095	0.0002797747357213	0.0278856285142978	0.0073544051900143	5.4087275698909285e-05	0.0007776082776374	-0.2758690396370653	0.0164491823279532	0.0761037270302767	0.0002705755992582	2.007718563978457e-05	-0.0003030528432329	9.1841025791554e-08	4.0309338321437166e-10	0.0021740069669893	-8.205182068920028e-05	4.726306292518014e-06	6.732501278412675e-09	0.0003889786456544	6.084245493720002e-05	3.7018043227852155e-09	1.513043867751313e-07	0.0	0.0	0.0
1815.757980332253	-2.133655480657353	4.552485710139161	3296977.043140263	2484.936752143948	-18.360338700685134	337.10203720387625	6174910.662155713	1954.1786441352424	-4.709083376906392	22.175466250656108	3818814.1731942543	2072.9135881062903	1543.7960259162262	1.174565	30.712797	0.1353675174449871	0.0674433161326896	0.0060310183	-0.0746924082	0.0342472972	0.0030202036	0.0735195239	0.0775064214	0.0556311982	-0.0693543322	-0.1522513052	-0.0557113511	0.0222334357	-0.0123293967	0.0256876918	0.0402841831	0.0764816458	0.0251806933	-0.0136287937	-0.0416723968	-0.0766851326	0.0656253448	-0.0077726578	0.1063389342	-0.0349847989	0.0443819769	0.0066002312	0.0193506904	-0.0963993326	-0.0004791531	-0.0041019473	-0.0930414905	-0.0332427635	-0.1043275452	0.0355017071	0.1105806831	0.0218632389	-0.0039059604	-0.0911796613	0.0135659941	0.0865413051	0.0163533471	0.0925501678	-0.0849308291	-0.0228700052	-0.0157781813	-0.0422941792	-0.0408111532	-0.0160856193	-0.0030029587	-0.058840673	0.0796015332	-0.0921581954	-0.0571723193	-0.0638130128	-0.0471030218	-0.0329583735	-0.0699210007	-0.0189001325	-0.0395833893	-0.0474281336	-0.0043447228	0.0030522676	0.0779366011	-0.0361790344	0.0100371521	0.034022374	0.0951525862	0.0251152732	0.0547896984	0.0780127815	-0.0701351043	-0.0337180308	0.1246907302	-0.1197496718	0.0413771817	0.0737346693	0.0145069325	-0.032017468	-0.0230327121	0.0070866747	0.0175971567	-0.0127436311	-0.005757837	0.0496962433	-0.0399030639	0.0079479233	0.021344354	0.099254092	-0.0540964492	0.0952584438	-0.0742772097	0.025036928	0.1046706695	0.0896685289	-0.0040355825	0.0436037308	-0.0443258422	-0.1610340178	0.0276304728	0.0245656359	0.0331530671	0.0855827435	0.025204532	0.0218140204	0.0371224662	-0.0675470466	-0.0644517479	0.0620863496	-0.0008084967	-0.0449542233	0.0353815154	0.1097924749	-0.000721671	-0.0917331697	-0.0093181942	-0.0085691325	0.0094238395	-0.0860134073	-0.0297985235	0.0279519797	-0.0102686091	0.0289651427	-0.1048272871	0.0012149124	-0.024786441	-0.1180160002	0.0144965481	0.0103853085	0.0313455814	0.0450671509	0.0085316329	-0.0505045757	0.0248330499	0.0826806694	-0.0327664226	-0.0353046224	0.0324131788	-0.0037807246	0.0576063416	0.0568210419	-0.0025646777	-0.060390626	-0.0814885411	-0.0530272111	0.0076839116	0.0637218759	0.0810058262	0.0152614898065905	-0.0090757372542214	0.0002329130711166	8.236900670766219e-05	0.0677383981646784	0.0398527696503806	0.0015882432488062	0.0045884905859165	-0.3009566990603147	-0.0250876594232493	0.0905749347092808	0.0006293906553369	0.0009368503302233	0.0009167731445835	8.404729986295473e-07	8.776885412395063e-07	0.002095793124988	-7.82138420013e-05	4.392348822746966e-06	6.117405080604321e-09	0.0006210186814123	0.0002320400357579	5.3842578194527534e-08	3.856642026630718e-07	0.0	0.0	0.0
1815.194530211431	-0.5634501208221536	0.3174760386544995	3294931.1825094973	2501.854838287237	16.918086143288747	286.2216387517387	6259277.631861256	1959.3980496624324	5.21940552719002	27.242194057261727	3839240.717020944	2091.40696999311	1493.8934032147465	1.225286	32.039059	0.1317462548339915	0.0633339633806899	-0.0021057687	0.089378237	-0.0220474889	0.000493697	-0.0705877538	-0.0709555555	-0.0165788437	0.1027986988	0.0097463149	0.01993385	-0.0481592235	0.0575028438	-0.0419028879	0.0028992196	0.047700626	-0.0298838625	0.0497922843	-0.024771999	0.0185484485	0.0085677918	-0.0286578836	-0.0298018372	-0.0173529478	-0.0422107398	-0.083764966	-0.0189377249	-0.0107669195	0.0667145012	0.0082079093	-0.0133277294	0.0134198848	0.0120622738	-0.052175414	-0.0209416873	0.0094814424	0.0533187015	0.0085107764	0.0026661942	0.0547582471	0.0594766457	0.0358901212	0.0528013677	-0.0236298887	-0.026128699	0.0115352006	0.0643289556	0.0318584011	0.0330020659	0.0159348225	-0.1337181341	-0.0155647108	0.0077633758	-0.0107292485	0.0261432168	-0.0931582495	0.0476557858	0.0469222352	-0.1128322759	0.1166819771	-0.0168007096	-0.0432485237	0.0115742278	0.0403405691	-0.0105507137	-0.0090928681	0.0804365672	-0.0555953009	-0.0536046014	-0.0372501377	0.0679458804	-0.0155789676	-0.0113678066	0.0832806019	0.0392499296	0.0550872252	0.0289967881	-0.0102040039	-0.0093195999	0.0392904748	0.0268151257	0.0255380587	0.0811914852	0.0175217187	0.016153974	-0.0048909165	0.0178402511	-0.0407437159	-0.009300404	0.0395053573	-0.0098603076	0.0829244576	0.0453235563	0.0399799778	-0.025505889	-0.071153869	-0.0137413474	0.0448212876	-0.0576356007	0.020721041	-0.008304299	-0.0499243174	0.0134631369	-0.0756746127	-0.0172208458	0.000886983	0.0176411932	0.0679161869	-0.0377144005	0.0817897777	0.0704854636	0.0413075324	-0.0586122506	-0.0100363358	0.1418897908	-0.0097864931	-0.002512696	0.0267876008	0.0047158335	-0.0890459248	-8.3617e-05	-0.0524046994	0.0574398202	0.0908126331	0.0834899173	-0.0237613929	0.0262628204	0.0457672035	0.0433846066	-0.021921146	0.0078109613	0.0184938214	-0.0009089587	0.0165055239	0.0164721018	-0.0656636931	-0.0206515247	-0.0884263664	-0.0877370859	0.0562039158	-0.0042732129	-0.0620868871	-0.0812023727	-0.0497051625	0.0127728206	0.0672896215	0.0798654172	0.0113100008116475	-0.003951488994943	0.0001279161183594	1.5614265277155646e-05	0.0432996886292897	-0.0244387095353887	0.000597250523755	0.0018748630353934	-0.3414967394700596	-0.0405400404097449	0.1166200230686817	0.0016434948764237	8.187714777230232e-05	-0.0008549731824509	7.30979142710387e-07	6.703867327327431e-09	0.0023960238427984	0.0003002307178103	5.740930255258411e-06	9.0138483916948e-08	0.0005199022637954	-0.0001011164176169	1.0224529911675345e-08	2.702983638995816e-07	0.0	0.0	0.0
1819.1183566729007	3.923826461469844	15.396414099730954	3309191.595584315	2496.646544007049	-5.2082942801876015	27.126329309034887	6233243.965702343	1958.842774398684	-0.5552752637483991	0.3083306185308541	3837065.0148139335	2085.8324200427783	1530.1944768907963	1.164008	30.436762	0.1287483850263551	0.0631514944064741	-0.017658268	-0.0744855744	-0.0210979517	-0.0205834656	0.0876520767	0.0107258283	-0.0292141178	-0.0474557231	0.0246926411	0.0234187834	0.0543880895	0.0099074615	0.0566104849	0.0176579137	-0.0473168104	0.0050774213	0.0010623191	-0.0289132733	0.0697370222	-0.0480944776	-0.0211624394	0.0424786462	0.026774649	0.0024011653	0.0014648784	-0.0441766226	0.0488001259	-0.1006941744	0.0357819779	-0.0013954717	0.0860728014	-0.0331970768	0.0039301903	-0.0289217974	-0.0298739533	0.0574195796	0.0152765492	-0.04963209	-0.0045066543	-0.0835852519	0.0728811155	-0.0121403593	0.0051523549	-0.0334975759	-0.0151324636	0.0299827353	-0.027426123	-0.1163727769	0.0446416004	-0.0461853422	0.055495506	0.0119645603	0.0564645833	0.0907867696	-0.0196712462	0.0650644066	-0.0752223939	-0.0746122893	-0.0119280692	0.0128528951	-0.0478239045	-0.0573701417	-0.0531157663	-0.0402712438	0.0216314209	0.0127512885	0.0247509894	0.0544632881	0.0135323041	0.0095634194	-0.0415494278	-0.0619757938	-0.0568243236	0.0226445268	-0.0087393845	-0.0357944919	0.0792037542	-0.0022341646	-0.013690945	0.060807027	-0.0437113	-0.0898321422	0.0176784098	0.0013748203	0.003699319	-0.0555145511	0.0431816517	0.0216928079	-0.0597843376	0.0819373223	0.0654519697	0.0658841728	0.0342668223	-0.0204580163	0.0216773083	-0.0362154351	-0.0656359261	0.0496882231	0.034909381	-0.0671672279	-0.1153555102	0.0207227201	-0.0206519334	-0.0350559694	0.0107097128	0.052472593	-0.0103754099	0.0379844933	0.0246893109	-0.0142616452	0.0241011776	-0.0363743928	0.0586208754	0.007759732	-0.0113908766	0.0495118175	0.0150194548	-0.0289044264	0.0739811961	-0.0121764918	0.0892707434	-0.05092044	0.0643863506	0.0025134461	-0.0089843928	0.0295944977	0.0534198783	-0.0999300607	-0.052311383	0.0204115504	-0.0226482789	-0.0310219474	-0.0341072811	-0.0251840298	-0.0148122379	-0.0267556629	-0.048224497	-0.0122842896	0.0555806262	-0.0059798738	-0.0637218759	-0.0807737477	-0.0462468756	0.0178113211	0.0704959515	0.0781648097	0.0328699787695825	0.021559977957935	0.0010804355043128	0.0004648326495466	0.0344199539023151	-0.0088797347269745	7.884968882143865e-05	0.0011847332266374	-0.310967616581344	0.0305291228887156	0.0967008585622817	0.0009320273443543	0.0002210655326012	0.0001391883848288	1.937340647127732e-08	4.8869969704252223e-08	0.0013190733646	-0.0010769504781983	1.7399545411971643e-06	1.159822332491762e-06	0.0006593543898227	0.0001394521260273	1.944689545353397e-08	4.34748211378465e-07	0.0	0.0	0.0
1816.0712953785792	-3.0470612943215656	9.284582531352614	3298114.9498980306	2497.511993992831	0.8654499857816518	0.7490036778894613	6237566.160138046	1952.6960141640009	-6.146760234683143	37.782661382681965	3813021.723731976	2083.019234126658	1506.9492935245714	1.110849	29.046732	0.079260443010418	0.0451316272225837	0.0228191656	0.0873708368	0.0560622716	0.0166080022	-0.0036408235	-0.0341981546	0.0493316296	0.0707809522	-0.0133929016	0.0136648138	-0.0586299049	0.0037605419	0.0488326793	0.0424923597	0.00114514	0.0642954366	0.005722941	-0.0029459267	-0.0570951283	0.0854971348	-0.0487238109	0.0477490433	-0.0113048922	0.0039409944	-0.0425651542	-0.0619315325	-0.0365311771	0.0804808097	-0.020943839	-0.0356757018	0.053641586	0.0378653699	-0.0027721227	-0.0861150778	-0.0469574453	-0.0332096395	-0.0603120648	0.0651899938	-0.0875965653	0.0537774886	-0.0103252814	0.0516227574	0.0105725751	-0.0311352977	-0.0082106409	-0.0017280716	-0.1406536746	-0.0046031921	0.0625516041	-0.0836342051	0.0474052969	-0.100703728	0.0230093794	-0.0498936347	0.0757744758	-0.0352221324	-0.0752232305	-0.0075413513	0.1529328843	-0.1297234792	-0.0893600373	-0.0172288633	-0.0114824573	0.0175906376	-0.0152460596	0.0185816104	0.0702650064	-0.005197103	-0.0221442437	-0.0125166612	-0.0218928174	0.0501291769	0.0641048581	0.0046955168	0.0578995603	0.0714958146	0.0261574508	-0.008831957	-0.0608036966	0.0140168275	0.013681782	0.0480503519	0.1219283338	0.0385422521	0.0303588749	-0.0125071835	0.0663750808	-0.0440965089	-0.0520473138	0.0204846948	0.034566918	-0.105730841	-0.0433954615	-0.0352529041	-0.0084130903	-0.1023719012	0.0376907869	-0.0925304168	0.0261926618	-0.1083967575	-0.1005230549	-0.144001717	0.0170793125	-0.0303262388	-0.0324344744	0.0104744456	0.0136892646	0.0458706971	-0.0362863644	-0.0315144155	0.032551628	-0.0445103899	-0.0151458236	-0.0791862915	0.0061789978	0.014875576	-0.0393293827	0.0051138733	-0.0713385393	-0.0881788163	-0.0170060861	0.0144961654	0.1211741443	0.0123585204	0.0310079571	0.0170207499	0.0101138371	0.0083371292	-0.0154511196	0.0223880561	0.0011519427	-0.0012922634	0.042748764	-0.0121399908	-0.0193074152	-0.0091639188	-0.029036004	0.0328202666	0.0549512416	-0.0076839116	-0.0652939789	-0.0802034182	-0.0426618292	0.0227795284	0.0733236445	0.0759159322	0.030369556858858	-0.0025004219107245	0.0009223099838034	6.25210973163117e-06	0.0330919743796016	-0.0013279795227134	1.7635296127463686e-06	0.0010950787683402	-0.355396453996839	-0.044428837415495	0.1263066395135273	0.0019739215940924	0.0002910115841984	6.994605159719997e-05	4.89245013403816e-09	8.468774213766244e-08	0.0017640805509027	0.0004450071863027	3.111980190073174e-06	1.9803139586104609e-07	0.0005542435444929	-0.0001051108453297	1.104828980594512e-08	3.071859066120533e-07	0.0	0.0	0.0
1818.6678688743125	2.5965734957333098	6.7421939187447	3307552.8172758333	2489.6761397438486	-7.835854248982287	61.40061181129376	6198487.280809832	1959.1337383600671	6.437724196066256	41.44429282461692	3838205.004780692	2088.178263793712	1526.666717723865	1.053244	27.540468	0.1222433740644262	0.0555314493423573	0.0152708234	-0.0034476281	-0.0270710355	0.0092522679	-0.0181091911	0.065654674	-0.0782089798	0.0136273529	0.0809187462	0.007815642	0.0135579049	-0.0161190526	-0.0219371895	0.0374504649	-0.0393398781	-0.0438187812	0.0126491922	-0.0438500172	0.0682165524	0.069487348	-0.0354623795	-0.0619608375	0.0514269986	0.0227345527	0.0348746753	-0.0870454304	0.007152976	0.0091899967	0.0073603721	0.0144375047	0.074562506	0.0503573894	-0.054246087	-0.1429927598	-0.0664277463	0.0267269839	-0.0613064998	-0.0207269423	-0.0210125581	0.0543000439	-0.0647797974	-0.0185223882	0.0691187515	-0.0103115605	0.1185114294	0.0540431698	0.1138652009	0.0616469852	-0.017867335	-0.081739822	-0.041156213	-0.0225070472	-0.0974357991	0.0858535493	0.0383679475	0.0070998838	0.001901104	0.0103904859	0.0011269302	-0.0056930664	0.0984126423	-0.010876883	-0.0262990933	-0.1458915439	0.0894622188	0.045896279	-0.0210078747	-0.0512905158	-0.0231965805	0.0805923203	0.0065730615	-0.052796079	-0.0248858346	0.0132569753	-0.0160472312	-0.0358488903	-0.0145942647	-0.0611458938	-0.093404204	0.0363490855	0.01344863	-0.0400005404	0.042413698	0.0330202198	0.0802118211	0.0203928549	0.0225352944	-0.013258348	-0.0512909286	0.0040136882	-0.0478974196	-0.021847276	-0.0043295563	-0.1058950539	-0.0163527699	-0.0034710869	0.0324660447	-0.0362590076	-0.006742176	0.0378798496	-0.0314028428	0.0516870331	-0.1271269021	0.028284153	-0.0349119198	-0.040079683	-0.0548111107	-0.0487821556	0.0651741605	-0.0202049708	-0.1565981962	0.0054284553	-0.0044930246	0.0180135779	0.0152942353	0.0006793079	0.0529048937	-0.0295246478	0.0765288566	0.0468614819	0.0491849817	0.0163229118	0.0764443423	-0.0269502178	0.0101712703	-0.0027721158	-0.042587025	-0.0508586759	-0.1056719552	-0.0510902906	-0.0053223872	-0.0448233993	-0.0115097244	-0.0728589269	-0.0013962409	-0.0004050477	-0.0507666011	-0.0702646104	0.054315831	-0.009384579	-0.0668016447	-0.0794923845	-0.0389598496	0.0276578354	0.0757575129	0.073134559	0.0086699978811992	-0.0216995589776588	7.51688632599986e-05	0.0004708708598248	0.0607795826813344	0.0276876083017327	0.0007666036534701	0.0036941576709171	-0.3815160472047836	-0.0261195932079446	0.1455544942747626	0.0006822331493485	0.0006510550153923	0.0003600434311938	1.2963127234587657e-07	4.2387263306746805e-07	0.0013127213059207	-0.000451359244982	1.723237227018148e-06	2.0372516803072123e-07	0.0006775731398588	0.0001233295953658	1.521018909311661e-08	4.591053598581129e-07	0.0	0.0	0.0
1818.5339487433764	-0.133920130936076	0.0179346014699357	3307065.722732177	2479.0933512837496	-10.582788460098982	111.99541159120416	6145903.844379293	1955.17155804972	-3.962180310347094	15.698872811702191	3822695.82140657	2073.8318622071247	1526.1573665075268	1.008477	26.369888	0.1278451440988625	0.0663909820433188	-0.0073973162	0.0373100775	0.0737334826	-0.0015504933	0.0560152483	0.0344934426	0.0610706184	-0.0538416267	-0.0720772197	-0.0781530673	-0.0689887738	0.0370723558	-0.002715182	-0.0960602482	-0.0429292789	-0.0423248158	-0.0289000939	0.0093193053	0.0165304611	0.0842576128	-0.0260363953	0.1128132146	-0.0235555138	0.1270766303	0.0138927803	-0.0192644084	1.97255e-05	-0.0402314058	0.0758546546	0.0174737114	0.0002646028	0.0463134379	0.0309717419	-0.0588120124	-0.0106251502	0.0807554212	-0.0111542013	-0.0004643838	-0.0046445272	0.0173334252	-0.0324015947	-0.0412766912	-0.0281867905	0.0469832086	0.0231578146	-0.0054793223	0.0302639684	0.110778555	0.0716507815	-0.0177818148	-0.029963974	0.0072777829	0.0506531614	0.0478194949	-0.0001086231	-0.0216342055	0.0024453414	-0.0243572664	0.0369833072	-0.0344413092	0.0379742987	0.0506778472	-0.0875202182	0.0122672306	-0.013788623	-0.0099114146	0.0597417749	-0.072273346	0.0827170691	-0.0963379362	-0.0138642736	0.0969667482	-0.0015873921	0.0318946088	-0.0158685552	-0.0474737505	0.0508622676	-0.0868910049	-0.023084641	0.0543071631	0.0442725334	-0.0383179885	0.0433996641	-0.0005500821	0.0285194388	0.0380430576	0.0071339759	-0.0145316746	-0.0358992647	0.0482582138	-0.0265155147	0.018001425	0.0043980564	0.033135362	-0.0106561218	0.0400437242	0.0779329064	-0.0745536933	-0.0146719177	0.0311341841	0.0133265044	0.066644862	-0.0227337527	-0.0452832337	0.0350050618	-0.0323656769	-0.0419294292	-0.0056949165	0.0227536414	0.0590469075	-0.0976492744	-0.0276719311	0.0057502043	-0.0116947256	-0.0064512712	0.0137937672	-0.0169353232	0.0598854929	-0.0146559853	-0.0384949002	0.053191816	-0.0574587526	0.0655811672	-0.0392885841	-0.0362017353	-0.0477427716	-0.1083953479	0.0328972486	0.0461271198	0.0070439126	-0.0581668734	-0.0048326645	0.052645892	-0.0262669531	0.0044426055	-0.037020476	-0.058702627	0.0291142757	0.0536744641	-0.0110811301	-0.0682433853	-0.0786418943	-0.0351510839	0.0324269895	0.0777844842	0.0698401994	0.0313654966169849	0.0226954987357857	0.00098379437803	0.000515085662866	0.0587541655638403	-0.002025417117494	4.102314499838106e-06	0.0034520519711031	-0.3401219909593109	0.0413940562454727	0.1156829687341255	0.0017134678924533	0.0004347697559526	-0.0002162852594396	4.6779313450898324e-08	1.8902474069108333e-07	0.0018965544277163	0.0005838331217956	3.5969186972903025e-06	3.40861114105596e-07	0.0002430880810919	-0.0004344850587669	1.8877726629167655e-07	5.909181516894215e-08	0.0	0.0	0.0
1818.271592197532	-0.2623565458443408	0.0688309571473737	3306111.5829925486	2504.745695501452	25.652344217702197	658.0427638634792	6273750.999133051	1958.6554132897083	3.483855239988316	12.137247333194043	3836331.028009078	2090.9153633190613	1510.2347361324184	1.103675	28.859165	0.0642418301866722	0.0329642654859448	0.0230927745	0.0151492884	-0.0860237105	0.0683043991	-0.0676093261	0.0808303747	-0.0575858805	0.0217176285	0.0480831985	0.0844667989	-0.0111979593	0.0205750237	-0.0887811226	0.0132567861	0.0180529087	0.0838341371	0.010517202	-0.0465074266	0.0279892796	0.0250179141	-0.1302157674	-0.0443045844	-0.0114454062	-0.0187953508	-0.0192950918	0.0348664252	-0.0191087658	0.0231791077	-0.0300558304	-0.0287732122	-0.0952229152	0.049968996	0.0546943868	-0.0151387748	-0.0828120395	0.0127608454	0.0355825625	-0.0517580337	0.0518884555	-0.0681290943	-0.0127760504	0.0416604854	0.0692102937	0.0093543255	-0.0141694562	-0.0238836562	0.0197908631	0.0748647619	-0.0768763767	0.0478571592	-0.0470570093	-0.0827413713	0.0251945605	0.078401233	-0.0347674303	-0.166193967	0.0843399966	0.0109841686	-0.055103082	-0.0521065551	-0.1026782201	0.0216282652	-0.032557045	-0.0925608444	0.090439779	0.0581640819	0.0230180183	-0.0479046386	-0.0080775167	0.093464934	-0.0075452402	-0.0457344961	0.0233915293	-0.0278442291	0.1121271095	-0.0576527221	0.0059351147	-0.0354242143	0.0213426162	-0.0469408338	0.039716609	0.0419129027	0.0195643349	-0.0458611195	-0.0054723087	0.1319449996	0.0613225727	-0.0390555298	-0.0336758561	-0.0317923229	0.0468346264	0.0388797425	0.0033989965	0.0188076382	-0.0652690377	-0.0082398851	-0.0037295597	0.0240193411	-0.1464606288	0.0837286509	-0.0304125694	-0.0360694229	0.0504213144	-0.030253935	-0.0099249757	-0.0103436733	0.072191115	-0.0395644868	0.0765426195	-0.0193238229	0.0006202248	0.0198631527	-0.0531871467	-0.0438885574	-0.0084580152	-0.0229324863	-0.0269183622	-0.0638647341	0.0035853746	0.0592926425	-0.0352698627	0.0804637533	0.0736471466	0.0088256086	-0.0560862577	-0.038235492	-0.0288859024	-0.010882026	-0.0289633431	-0.0370202257	-0.0391704562	-0.0322625806	0.0063708554	0.0137814694	-0.0455710466	0.0160873592	0.0058895007	0.1043822822	0.0530272111	-0.0127728206	-0.0696177779	-0.0776534394	-0.0312459714	0.0370681691	0.0793936715	0.066055961	0.0199262966570472	-0.0114391999599377	0.0003970572984646	0.0001308552957234	0.0583494111357225	-0.0004047544281177	1.63826147080966e-07	0.0034046537798855	-0.3627143535632626	-0.0225923626039517	0.1315617022808154	0.0005104148480284	0.0006941516801158	0.0002593819241632	6.727898258260405e-08	4.818465550075879e-07	0.0017221405934244	-0.0001744138342919	2.9657682235201444e-06	3.0420185592402396e-08	0.0004054025865301	0.0001623145054382	2.6345998675647463e-08	1.6435125716529524e-07	0.0	0.0	0.0
1821.6901005400364	3.4185083425043103	11.686199287771569	3318554.822405568	2495.634529201464	-9.111166299987872	83.01335134603468	6228191.703342613	1960.0006889283188	1.3452756386104738	1.8097665438388184	3841602.7005994846	2085.2426620104115	1532.4704736995348	1.1184	29.244183	0.0490186000554436	0.0285024134433474	-0.0502031622	-0.0432697594	0.0293572762	-0.0461131058	0.0920838743	0.0131976053	-0.0595398857	-0.0329780287	-0.0345791444	0.0461503434	0.0280292875	-0.0076865521	-0.0186498741	0.0191585791	-0.0342322629	-0.0178967165	0.0181302955	-0.0546189727	0.0509886705	0.0025583359	0.0690861254	0.0727223873	0.0222085851	0.0591899978	0.0388829849	0.0648929537	-0.0057640996	0.00347119	0.0729739157	0.0361581956	0.043595851	0.0009591423	0.0972501268	-0.0802672725	-0.004691517	-0.0459260248	-0.0694871216	0.0334874397	-0.0330039859	-0.0139096167	0.09959376	-0.0518962073	-0.0540359357	0.050314955	-0.0302257783	0.0042603772	-0.0524620485	0.0284217033	-0.0602702056	-0.0344163968	0.049389494	0.0145863788	0.0283834313	-0.0661407441	-0.0273550636	-0.0118540058	0.0695060607	0.0069989205	0.0996522918	-0.0590843921	-0.0188079581	-0.0487067896	-0.0870294733	0.063469047	0.0069937912	0.0819004044	-0.0141879062	0.0449325718	0.0288156402	0.0301869958	-0.0280288529	-0.0229979627	-0.055526122	0.0824938991	-0.0481521356	0.0860493928	0.0406679934	-0.0272108473	-0.0054496966	0.0008988607	0.0118732371	-0.0309975538	-0.0244859483	-0.0356510207	-0.038773	0.0010124504	0.0666858993	-0.0064649273	-0.0897261141	0.0908542568	-0.0559315873	-0.0154958246	-0.0339026263	0.053520373	0.0072808832	0.0325475218	0.0418986468	0.0079882003	0.0346387204	-0.0341594482	0.0119596447	0.014324829	-0.0013140596	-0.0430835574	-0.009580117	-0.0415249965	-0.0341733676	-0.0563644266	0.109943289	0.0491419912	0.073674332	-0.1072182453	-0.0288135576	0.0086946563	-0.030624432	0.0064294759	0.080006599	-0.0103245618	0.0168087898	-0.0413211247	0.0846801329	-0.0509578607	-0.0076096135	0.0009331062	-0.111121208	0.0128922882	0.0201213593	-0.031507859	-0.0182562104	-0.0255163869	-0.0362778486	-0.0121854707	-0.0120058198	-0.0162227006	-0.0302065804	0.0505195234	-0.009832405	0.0236884359	0.0523741431	-0.0144589085	-0.0709234662	-0.076528754	-0.0272552159	0.0415630576	0.0805764318	0.0618083875	0.0098799521276049	-0.0100463445294423	9.761345404376458e-05	0.0001009290384042	0.059653899273897	0.0013044881381744	1.7016893026379711e-06	0.0035585876985802	-0.3460686674241557	0.0166456861391068	0.1197635225727308	0.0002770788670416	0.0002911358659461	-0.0004030158141697	1.6242174647086617e-07	8.476009244018553e-08	0.0017220616047799	-7.898864449996068e-08	2.9654961706571245e-06	6.239205959941167e-15	0.0004227494086903	1.7346822160200007e-05	3.0091223905760605e-10	1.787170625479983e-07	0.0	0.0	0.0
1821.7907569547683	0.1006564147319295	0.0101317138266862	3318921.562125828	2491.597070686662	-4.037458514801983	16.301071258747037	6208055.962654355	1955.408799058809	-4.591889869509714	21.08545257370594	3823623.5714366143	2078.121689105353	1512.8410595976334	1.061494	27.756182	0.0451916413157981	0.0221969471981668	-0.0439033355	0.0821592123	-0.0122868123	-0.0664286888	0.0227274133	-0.0192859147	0.0065489833	-0.0212070447	-0.0489850092	0.0040721675	-0.1314585205	0.0551427583	0.0611218938	0.0868058777	-0.0217550978	-0.0171387218	-0.0625912441	-0.021881731	0.0240183121	0.0396652948	-0.0085773368	0.0141095847	0.0670986842	0.002395345	-0.0241173326	-0.0255957618	-0.0359664536	0.0722190572	0.053437199	0.0064499794	0.0325767835	-0.1742755511	-0.072084646	0.089050584	-0.004958783	0.0385652916	0.0265034276	0.0102818315	-0.0326780452	0.0156782015	-0.0304520599	-0.0831617726	0.0572127665	0.0509641328	0.0692990971	-0.0880818274	0.0251625284	-0.0562222602	-0.0105685908	0.0153572827	-0.0354638155	0.0502789349	-0.0107204511	0.000811275	0.0597357981	-0.0136094228	0.0551307347	0.0128587748	-0.0913076996	0.081450824	-0.0025015739	-0.1054168585	-0.0148359903	-0.0303063377	-0.040136315	0.0266565465	-0.0521740143	-0.0120033174	0.0853958832	-0.0123388001	0.0219509296	0.0196416713	0.0646952002	0.0506891576	0.0260701192	0.0628164586	0.0654870247	-0.0605436675	-0.0969137075	-0.0353925138	0.0408087803	0.0283993931	0.0210736522	0.0200687131	0.0325987339	-0.1364941596	0.0529323134	-0.0352628028	0.0308481176	-0.0098323276	-0.0801945948	-0.0848660667	0.0502209908	0.0099262419	0.0491837771	-0.0669156271	-0.0102542548	0.0032142982	-0.0832129346	0.0121595403	-0.0540853765	0.0219078351	0.0159448677	0.1172981581	-0.0261312233	0.0035870933	-0.0097136438	-0.0233642296	-0.0165080739	-0.0620690713	-0.0127099597	0.0660256276	0.0358249012	-0.0239040765	-0.0317853076	0.0032321087	-0.0259390409	0.0931663966	-0.0192731264	-0.0200812404	0.0485969969	0.0064300823	0.0993674149	-0.0026551704	0.0488556073	0.0027762219	0.0412634849	0.0501960667	-0.021831722	-0.0213644901	-0.0475808526	-0.0338083399	-0.0371029197	0.0476173811	-0.0403091956	0.0605279123	-0.0138659277	0.0545586515	0.0517153317	-0.0161386543	-0.0721591615	-0.0752698111	-0.0231897558	0.0458939156	0.0813264124	0.0571272725	-0.0015075723837441	-0.011387524511349	2.2727744922278683e-06	0.0001296757144965	0.0761522926807458	0.0164983934068488	0.0002721969850071	0.0057991716805339	-0.3362447184012254	0.0098239490229303	0.1130605106527193	9.650997440513364e-05	0.000217071398936	-7.406446701010001e-05	5.485545273490193e-09	4.711999223603206e-08	0.0017220549055634	-6.699216499898505e-09	2.9654730977749707e-06	4.487950171251239e-17	0.0004983137299571	7.556432126679997e-05	5.709966648512158e-09	2.483165734637576e-07	0.0	0.0	0.0
1821.6573626859647	-0.1333942688036131	0.0177940309496506	3318435.547027984	2502.1103681659333	10.513297479271388	110.52942388765408	6260556.294483462	1956.068500428688	0.6597013698788032	0.4352058974199695	3826203.978369336	2084.7596442549	1530.6121798897486	1.056693	27.630659	0.0720382880126992	0.0439138676075202	0.0230766965	-0.0328163957	-0.0418191593	0.0070019911	0.0463627811	0.0429220396	-0.0233486046	0.0403120935	-0.0222008163	0.0559486289	-0.0100760846	0.0274907322	0.0457186378	-0.0020964826	-0.0544332267	0.046578547	-0.0017037528	0.0182925159	0.0197412401	-0.0184466895	-0.0132429262	-0.0453602168	0.0179266113	-0.0744908805	0.0626129558	0.0305537595	0.1571204887	-0.0795443941	0.0169103012	0.0219180205	0.0262927667	-0.1017991628	-0.0037902973	0.0374860439	0.0115314869	0.0379757838	-0.0097077234	0.009950049	-0.0423277523	-0.0375557908	0.0390092225	-0.0374267918	0.0612928206	0.0968203706	0.0114710744	0.0173274192	0.0514484736	0.0487969155	0.0425329181	0.0072068427	0.0637972713	-0.0541301031	0.0792557817	0.0380534526	-0.0692157651	0.0466894871	0.0454098859	-0.0337818025	0.0700063832	0.0686569392	-0.0714317345	-0.0886172984	0.0297309345	-0.0097053931	-0.0361714157	0.0656793005	-0.0349712832	0.0337632285	0.0118283198	0.0409082848	0.0100295094	-0.0145939586	-0.0136945227	0.0122153993	0.020356992	-0.0830429185	0.0666046432	0.0004062697	0.0840087586	0.0113786458	-0.0570054087	-0.0531107099	-0.0152917777	0.0156067406	0.064503764	-0.1112191341	0.0004453327	0.0282679112	-0.053353661	-0.0053663618	0.0252272934	-0.0191809037	0.0058084721	0.1042433022	0.0154361214	0.0137480128	-0.0259140684	0.0416424875	-0.0083453133	0.1029877778	-0.1089318332	0.0090947923	0.0138196343	-0.0033118586	-0.0425675172	-0.0057393565	-0.010799061	0.0204893753	0.0726446164	0.0132701548	0.1151584261	-0.0240844772	0.0093195679	-0.127903695	-0.010071231	-0.0391149026	-0.0369079881	-0.0455866127	0.0357986249	0.0092093372	-0.0125246665	-0.0090764074	0.104609461	-0.0380902431	-0.0207315199	0.0110260192	-0.0127814309	-0.0592536444	0.0415784626	-0.112834021	0.0433362288	-0.001771347	-0.0156054678	0.0148885218	-0.0057713535	-0.0207726772	-0.0186738005	-0.0405643872	0.0510508491	-0.0178113211	-0.0733236445	-0.0738788195	-0.0190607341	0.0500436514	0.0816395852	0.0520454508	0.0097468706884029	0.011254443072147	9.500148821644762e-05	0.0001266624888641	0.0758475340296911	-0.0003047586510546	9.287783539267946e-08	0.0057528484183851	-0.363963494633488	-0.0277187762322626	0.132469425425821	0.0007683305558142	0.0008386005870138	0.0006215291880778	3.862985316326493e-07	7.032509445398899e-07	0.0017221959402777	1.410347142999542e-07	2.9659588567089915e-06	1.9890790637669712e-14	0.0004647777516045	-3.353597835260001e-05	1.1246618440660564e-09	2.160183583865343e-07	0.0	0.0	0.0
1821.6869175653208	0.0295548793560556	0.000873490893751	3318543.22562864	2488.094715571495	-14.015652594438508	196.43851764799084	6190615.313654798	1958.214577021561	2.146076592872987	4.605644742477328	3834604.32965973	2078.312091309527	1528.953015577198	0.991517	25.926428	0.0863702393783918	0.0430472679756352	-0.0199464009	0.022614089	0.0852230703	0.0031767602	0.0421659223	0.0028403272	0.0518424654	-0.0176634684	-0.0555403468	-0.0310301564	-0.0090211356	-0.0143260431	-0.0682675388	-0.1091209118	0.0144327872	-0.0006305805	0.0147970378	-0.0267103691	0.0474511948	-0.0395531647	0.0538901328	0.0198540558	-0.0531310336	0.0621818493	-0.0008206036	-0.088576671	-0.0208514951	-0.0167780226	-0.0076543995	-0.01847579	0.049504958	-0.0347433109	-0.0034453048	0.0023461366	0.0069986423	-0.1449508265	-0.009485211	0.0257344239	0.0157585741	-0.0010918921	-0.020382793	0.0832412953	-0.0391537144	0.0446465648	-0.0829752359	-0.1011856511	0.0149881995	0.0109993215	-0.0498216475	0.023268763	-0.0269414568	-0.0731319376	0.0745296377	-0.0606500751	0.1120560292	-0.0570826514	-0.0058438654	-0.0242455927	0.020383707	0.0212693359	0.1361828951	-0.1233744171	-0.0847860466	-0.0135119638	-0.0882030142	0.0526200948	0.0123372	0.0010678864	0.0377312581	-0.0609348531	-0.0630639214	0.0515781422	-0.0037363925	0.0182898608	-0.0860568903	-0.0455884031	-0.0250788576	-0.1047134025	0.0132965106	0.0695983944	0.0020429682	0.0188298538	-0.0261333933	-0.0051069658	-0.061232114	-0.0053082795	0.0104916699	-0.0388502562	0.0234384433	0.0162469131	-0.0402203047	-0.0167111537	-0.0337095492	0.0098855992	-0.02236834	-0.1184208308	0.0332551543	0.0362221706	-0.038804309	0.0398267507	-0.0325565558	-0.0231759086	-0.0509590087	-0.0746701966	-0.0240520309	0.0028669006	-0.0079614042	0.0410129471	0.0476785336	0.0407138529	-0.0419606619	-0.0324189243	0.0229259704	-0.0575327453	-0.0222876381	0.0018312495	0.0663835288	-0.0030124596	-0.0094635594	-0.0654987675	0.0481411768	-0.0185073187	0.0729057231	-0.0405610009	-0.0259930245	-0.0280752051	-0.0989785969	0.0440249085	0.0316448247	-0.0318181015	-0.0254021325	0.0123171082	-0.009440489	0.0276913932	-0.0117726461	-0.0106769511	-0.0619468734	0.0390291109	0.0503807682	-0.0194761753	-0.0744157659	-0.0723582192	-0.0148794683	0.0539958877	0.081514268	0.0465985677	0.0217728264827883	0.0120259557943854	0.0004740559730496	0.0001446236127685	0.0591804722782427	-0.0166670617514484	0.0002777909474265	0.0035023282990758	-0.394240395419196	-0.0302769007857079	0.155425489380284	0.0009166907211876	0.0004809363449233	-0.0003576642420905	1.279237100701718e-07	2.3129976786818337e-07	0.0017221625336727	-3.3406605000081e-08	2.965843792385973e-06	1.1160012576314366e-15	0.000655086523846	0.0001903087722415	3.621742879206714e-08	4.29138353724636e-07	0.0	0.0	0.0
1819.34412930874	-2.3427882565806613	5.488656815172254	3310013.0608501774	2492.319392529484	4.224676957989232	17.847895399365147	6211655.954378536	1954.6479831004704	-3.5665939210905435	12.720592197960018	3820648.7378387367	2079.980810453513	1522.4211486904687	1.106022	28.920525	0.0547700190860536	0.0303995373623818	-0.0030548063	0.0694983171	-0.0863339968	-0.0242079002	-0.0570114792	0.0785327927	-0.0342377499	-0.0644226963	0.0264776728	-0.0074199444	0.014142128	0.0341692086	-0.0633186722	0.0438901815	0.029132006	-0.034996281	-0.0653500167	-0.0026742421	0.0374824272	0.0164120277	-0.0347431512	-0.0885144929	0.0334259775	-0.0192915272	0.0857605424	0.0185784602	0.0320324365	0.1241441338	0.0437833272	-0.0137397681	0.0131853855	-0.0141455709	0.0224850165	0.0173288203	0.0106985021	-0.0352086599	0.0281775143	0.0558848498	0.0286289736	-0.0351750472	0.0406133502	-0.0810138719	-0.0001561894	0.0672239524	0.0508947699	0.0112053379	0.0171722145	-0.0111514316	0.0416181359	0.0586260672	0.0445736439	0.0586847309	0.0221431023	0.020957912	0.0198318176	0.0174288606	0.0951820521	-0.1146844883	-0.1037663723	-0.0343488447	0.0921653608	0.1260636486	0.0739485087	-0.0167385832	-0.0680795046	0.0199887861	-0.0249383586	-0.0542610983	0.064840455	0.0098576293	0.0613094614	-0.0440099225	-0.0041880219	-0.0258004647	0.0317751395	-0.0433389641	-0.0454041066	-0.0806442319	-0.0090582945	0.0107307949	0.0548799596	0.0797082041	0.0044281278	0.0107808561	0.0130562544	-0.1103055699	-0.0131320788	0.1003974907	-0.0032666632	-0.0007792444	0.0359853399	-0.005732038	-0.022214134	0.0425309521	-0.0841489793	0.0581369752	0.0169225379	-0.0067853827	0.0226709064	0.0784992574	0.0727524196	0.0380985246	-0.1112432345	0.0668478277	0.052407145	-0.0028134048	-0.0065811207	-0.0200744412	0.0016159304	-0.0102022143	0.0076168666	0.0867548078	-0.1113663809	-0.0243443538	0.0095966049	-0.0013975222	-0.068089556	0.0893861231	-4.1787e-05	0.0983147082	0.0451559571	0.079136678	0.0137574003	0.0004725806	-0.058397679	-0.0077005316	-0.0213697934	0.0548331812	-0.0615966565	-0.0281910571	-0.0543837634	-0.0028428616	0.0042786035	0.0623004178	-0.0422373268	-0.0407349241	-0.0409460582	-0.002356404	0.0497051625	-0.0211324865	-0.0754344479	-0.0707106781	-0.010657419	0.0577350269	0.0809511339	0.040824829	0.0242214475196078	0.0024486210368195	0.0005866785199451	5.995744981955005e-06	0.0765972235877683	0.0174167513095256	0.0003033432261778	0.0058671346613545	-0.3955358184655395	-0.0012954230463435	0.1564485836892042	1.67812086899788e-06	0.0002220752604484	-0.0002588610844749	6.700906105552131e-08	4.9317421303224695e-08	0.0013200720362072	-0.0004020904974654	1.7425901807762231e-06	1.616767681520532e-07	0.0006438536319191	-1.1232891926900085e-05	1.2617786104141709e-10	4.145474993354159e-07	0.0	0.0	0.0
1817.04237503278	-2.301754275960093	5.298072746900571	3301642.992664766	2506.1532078300856	13.8338153006016	191.37444577115892	6280803.901117029	1954.879629901075	0.2316468006047216	0.0536602402304036	3821554.367402164	2086.123792367501	1547.8436557709372	1.249622	32.675396	0.0845707669314502	0.0444910389940375	0.0243670731	-0.1186300296	0.0131755668	0.0217848834	0.0368411607	-0.0248031455	0.0443021384	0.0530751624	-0.0125011588	0.0725391694	0.0754244644	-0.0209368961	-0.0111461263	0.0151593435	-0.0573804647	0.0269039473	0.0592557158	-0.0056856792	-0.0529048122	-0.0318894552	0.0340160075	0.0510454546	0.0199552939	-0.0745647151	0.0432746824	-0.0125650679	0.0816181055	-0.0210565996	-0.0253868489	0.0233927435	-0.0535563495	0.0465800953	-0.0769425108	-0.0649182654	0.045322717	0.0192876954	0.0221963115	0.0694259251	0.0343776991	-0.0054171714	0.0567329299	0.0205196423	0.2008562304	-0.0124663538	0.0752707299	-0.0290268511	-0.0945003003	-0.0444782115	0.085992391	-0.01357705	-0.0381839784	0.0084377039	-0.042064983	0.0252164234	0.0192830532	0.0004751003	0.0937126917	-0.1079300067	0.0418076604	0.0358490301	0.027600613	0.0746056829	0.0731522587	0.0026870462	-0.0024699208	-0.0372716487	0.0882569817	0.053433901	-0.0407883007	-0.0104626477	-0.0537321993	0.0150265115	-0.0498651578	0.0010965288	0.0243315473	0.0573051416	0.085433403	0.0283756824	0.0929741792	-0.0745404982	0.0426750842	0.0235141502	0.0315515181	0.0047299991	-0.0114613633	-0.0003465196	-0.0608727817	0.071893306	-0.0637072259	0.0026049418	-0.0487516028	0.0022404139	-0.0535160941	-0.009050571	-0.1256081743	-0.045984605	0.0341956714	0.0115622602	0.0788519513	-0.065025848	-0.0401893812	-0.006259559	-0.0663753551	0.0599976306	-0.0637384271	0.0944038804	0.0273319878	0.0162011358	0.0393208495	-0.0740567333	-0.0854802288	-0.0016997938	0.0522745411	0.1005509923	-0.0024273954	-0.0170966879	-0.0283263271	-0.1180307686	0.036555493	-0.0747024866	0.0131674929	-0.0215282332	0.0083521315	0.0070459816	-0.0050905186	0.0296173421	0.1063047678	-0.0266125055	0.0336939416	-0.0481416681	-0.0135263419	-0.0162390152	-0.0265857677	0.0731860929	-0.0569678117	-0.0383851944	-0.0408634763	0.042415202	0.0490241061	-0.0227795284	-0.0763786853	-0.0689390864	-0.0064061583	0.0612463124	0.0799532077	0.0347647336	0.0388021485214977	0.0145807010018899	0.0015056067298843	0.0002125968417065	0.0642915118656191	-0.0123057117221491	0.0001514305409886	0.004133398497967	-0.3970547442529906	-0.0015189257874511	0.1576524699338077	2.3071355477839703e-06	0.0009577204588147	0.0007356451983663	5.411738578793929e-07	9.172284772322394e-07	0.001036258786575	-0.0002838132496322	1.0738322727538917e-06	8.05499606667895e-08	0.0005400035115184	-0.0001038501204006	1.0784847507239885e-08	2.916037924522027e-07	0.0	0.0	0.0
1813.6703470944456	-3.3720279383344405	11.370572416908017	3289400.1279296866	2483.2779636894606	-22.875244140625	523.2767944931984	6166669.444945674	1952.0928771251768	-2.786752775898321	7.765991033977	3810666.6009228495	2080.409902306405	1543.5988399723997	1.19529	31.254728	0.2149953503925422	0.12092254719569	0.0407791673	0.0470499981	0.0876963411	-0.0823019278	-0.0498413903	-0.0847321805	0.087821417	0.0577673946	0.0341949697	-0.04127448	-0.0582877424	0.0264379641	0.0205223073	-0.0035829328	-0.0313770373	-0.0302962929	0.0439718135	0.0677985066	0.0098134923	-0.0682140362	0.0784315739	0.0094642528	-0.0274274256	0.0063530099	-0.0655376744	-0.0562600499	0.0248416394	0.0011155095	-0.0056415895	0.048926998	0.0884642834	-0.0517609136	0.0372344464	-0.0489809767	-0.0771581709	-0.0279232835	0.1605772137	-0.0289471879	-0.0664662483	0.0394383202	0.0045529469	-0.0524059906	0.0382164099	0.0545316722	0.0247182829	-0.041581615	0.0221166767	-0.00854801	0.0938098202	0.0510099393	0.0080124022	-0.012787522	-0.0093730432	-0.0109916564	0.0586695814	0.0979612598	0.0265083795	0.0232704073	0.037123984	0.0069587332	-0.0254277668	0.0546968955	-0.0931723558	0.0370463953	0.0120427218	-0.1183025081	-0.0485314121	0.0300491711	-0.0606879485	-0.0871051119	0.0052828364	0.0070719688	0.0795418952	-0.0042782055	-0.0542169323	-0.0192046062	0.0204130948	0.0592047157	-0.0789700642	-0.066143146	-0.0171091222	-0.0281558898	-0.0301795021	0.0484029574	-0.077988306	-0.1682349079	0.0470705516	-0.0154879293	-0.06080629	-0.023602711	-0.0531456681	-0.0528245953	-0.0141188371	-0.0588662434	0.0148430499	0.0812924202	0.0015510535	-0.0146489658	-0.0808761147	0.0608446064	0.0180552215	-0.0344033793	0.0067094287	-0.0221766472	-0.0317960143	0.0371320503	-0.1157830951	0.0043879943	-0.0116175508	-0.0653223364	-0.0152541702	-0.1261952563	-0.0808832392	0.0394948613	0.0521472835	0.0854395638	0.0554353343	0.0033863197	-0.012665806	-0.1463610188	0.0480579616	0.1378876664	0.0104013743	-0.0471366554	0.1151629737	0.0124465905	0.0049478001	0.0049359961	-0.0310480433	0.0380274342	-0.0416092584	0.0149638394	0.0305690082	0.0434857655	0.007147848	-0.0013376321	0.0909778212	0.0358427395	0.0483376736	-0.0244165784	-0.0772475461	-0.0670465522	-0.0021373389	0.0645158866	0.0785258491	0.0284607885	0.0718749461661474	0.0330727976446496	0.0051660078863865	0.0010938099440439	0.0627722174438787	-0.0015192944217403	2.308255539931488e-06	0.0039403512828215	-0.4664743326466478	-0.0694195883936572	0.2175983030181354	0.0048190792527447	0.0013691433682623	0.0004114229094475	1.6926881041832806e-07	1.874553562856636e-06	-0.000286798036196	-0.001323056822771	8.225311356588212e-08	1.7504793562808932e-06	0.0010251971779497	0.0004851936664313	2.354128939450476e-07	1.0510292536760287e-06	0.0	0.0	0.0
1814.018804814404	0.3484577199583327	0.1214227825985598	3290664.224220278	2476.96978034827	-6.30818334119067	39.793177066075486	6135379.292758557	1950.4923712062084	-1.600505918968338	2.561619196652684	3804420.4901336175	2077.9963336893525	1522.90543039301	1.213653	31.734875	0.2008401077775686	0.1178969339280278	-0.002776051	-0.0315592942	-0.0933600838	0.0228555072	-0.028231616	0.0646261984	-0.0306258954	-0.1115034847	0.0988982359	-0.0636939366	-0.0153434183	0.0015918433	0.0589686469	-0.0051789804	-0.0852159691	-0.0097861605	-0.0764220643	0.0715994307	-0.0079285182	-0.0812919315	-0.020903298	0.0007020556	0.0516092427	-0.0945796156	-0.0269486166	0.0616333543	-0.001540636	0.0309986921	0.0411700382	0.1164218162	0.0606630496	-0.0269231487	-0.1065951798	-0.0134388441	0.0490074898	0.1106022843	0.0398350212	0.0044374209	-0.044732292	-0.0189677992	0.0456142642	0.0193345714	-0.0432674541	0.0373987878	-0.0202994766	-0.0573359576	-0.0937482688	0.0969185928	-0.0118160576	0.0086033603	-0.036577067	0.0128728185	-0.0380907669	0.1286435665	-0.0287873586	0.0443606175	-0.1232654218	-0.01023809	-0.0058217591	0.0334788107	0.0959733054	0.0357328815	0.0411426412	-0.0760880398	0.0353134722	-0.0385194569	-0.0792739361	0.0806808781	0.0380116749	-0.0369279937	0.0723588203	-0.0581928822	-0.0335518193	-0.077373236	0.0144655346	-0.043906505	0.0539338039	0.0453266456	-0.0373278468	0.0424624092	-0.01641621	0.0452963215	-0.0100639227	0.1046325247	0.074970216	-0.1090755466	0.0008663632	0.0102376218	-0.0140978109	-0.0318765511	-0.043564486	0.0080314165	0.0319395462	0.0813943752	-0.0965877042	0.1098346817	0.0272316754	0.0553528114	0.0437746228	0.0084401362	-0.0639066369	0.0522839575	-0.0029868176	-0.1160748702	0.0675729151	0.0678924772	0.0602570503	0.0400676389	-0.1268123748	-0.0405364051	-0.0016694097	-0.0090375674	0.0805100619	0.0061420528	0.0159602426	0.0403024773	-0.1177504868	0.0162586028	0.1182205629	0.0762069881	0.0796382603	0.0283919432	0.0297233577	-0.0223185314	0.029170844	-0.0140346181	-0.0111429599	-0.0528414594	-0.0510403671	0.0237768849	-0.0310543735	0.0069880499	-0.0042079925	0.0577821971	-0.0167016321	0.0010523886	0.0058522603	0.0146998176	0.0476459404	-0.0260429185	-0.0780401729	-0.0650363955	0.0021373389	0.0675308461	0.0766767246	0.0219572114	0.064569794802594	-0.0073051513635533	0.004169258400849	5.336523644442598e-05	0.0570123323837918	-0.0057598850600869	3.3176275905412275e-05	0.0032504060438399	-0.3815350028412894	0.0849393298053584	0.1455689583931027	0.0072146897477834	0.0005532864237297	-0.0008158569445325	6.656225539420698e-07	3.061258666836012e-07	0.0006196917934087	0.0009064898296047	3.840179188180909e-07	8.21723811176758e-07	0.0006908291211156	-0.000334368056834	1.1180199743101193e-07	4.772448745813523e-07	0.0	0.0	0.0
1810.365165318388	-3.653639496015785	13.34908156684648	3277422.0317982747	2487.583892939191	10.614112590921197	112.65938609275184	6188073.624410502	1942.7739690345104	-7.718402171698017	59.57373208407267	3774370.6947581046	2072.9707771140806	1539.351122550639	1.327204	34.704041	0.0787377769681659	0.0387728394574923	-0.0069333119	-0.0608529103	0.0228029993	0.0097832387	0.0051757784	-0.0203332096	0.0561865798	0.0028681092	-0.11170615	-0.0508908491	0.1110065382	-0.077057898	0.0283998306	-0.0466191976	0.0836141641	0.1305272952	-0.0274770024	0.0310029734	-0.2339429765	0.0456544967	0.1423797103	-0.1654041402	0.4129966385	0.3403452087	-0.0934567452	0.1702333031	0.0489775148	-0.0162980928	-0.0309980737	-0.1681540538	-0.0550252555	0.0902117107	4.74208e-05	0.1432984474	-0.0390971182	0.000635174	0.0057830599	-0.0566431738	-0.0052381597	0.0073756822	-0.0392026933	-0.054649481	-0.018940628	0.0477169909	-0.1388597654	0.1605098408	0.0510299118	0.0082809919	-0.0029901659	-0.0376634162	0.108506439	0.0260054922	-0.0043068998	0.0293782282	-0.0061745314	0.0776780103	-0.0475772213	0.1431091162	-0.0024388349	-0.0119230522	-0.036817475	-0.0491183946	0.0591990346	0.0252210861	-0.0698389214	0.0539182486	0.0027558799	-0.018338006	-0.0016698519	-0.0505532826	-0.0293552967	0.0918542689	-0.1212091284	-0.0884563826	-0.0351219394	0.0146439057	-0.1365731599	0.2754999975	-0.0821001854	0.0707108693	0.4248156108	-0.2823403062	-0.0812884758	-0.2291238303	0.1256620159	-0.0799594656	-0.1143064361	-0.1962478319	0.0180042672	-0.0843482199	0.0541174484	0.0134950441	0.1135501899	-0.0031045625	0.1047234884	0.0815792153	0.0376769066	-0.0807312348	0.0354717823	0.0075470712	0.0940772858	0.0165860017	0.0820433763	0.1151912577	0.04449058	-0.1064451235	-0.0329508119	0.0945893075	-0.0202222433	0.0739171774	0.0660556285	0.107886575	0.048963497	-0.045059759	-0.0376621829	0.0394714853	-0.007896701	-0.2132492378	-0.3168913554	0.1164227656	0.2490136875	0.0341173079	-0.1895222139	-0.2120765374	0.000467175	-0.0739867955	0.0782447312	-0.0038786335	0.1310869032	0.177307668	0.2306972059	-0.1398617165	0.0338851502	0.0979125862	0.099156053	0.2564992922	-0.0936602762	-0.0673284779	0.0469489822	-0.0276578354	-0.0787557834	-0.0629121428	0.0064061583	0.0702792922	0.0744157659	0.0152996203	0.0582994263702545	-0.0062703684323395	0.0033988231151007	3.931752027727976e-05	0.0683079289363775	0.0112955965525856	0.0001275905014787	0.0046659731555771	-0.4173639285734651	-0.0358289257321757	0.1741926488742765	0.0012837119191217	0.0005986118254865	4.532540175679995e-05	2.054392044415324e-09	3.583361176122799e-07	0.0007987915271219	0.0001790997337132	6.380679038017371e-07	3.2076714616139176e-08	0.0009732617106669	0.0002824325895513	7.97681676406531e-08	9.472383574502606e-07	0.0	0.0	0.0
1817.74211790372	7.376952585331992	54.41942944623636	3304186.407201102	2482.4718539066243	-5.112039032566827	26.13294307048678	6162666.505438592	1952.259230245756	9.485261211245644	89.97018024556115	3811316.102079752	2079.850703164678	1500.8380724155363	1.433783	37.490902	0.1041997299155173	0.0504952825041349	-0.0363144885	0.0965352707	-0.027174433	-0.0823645478	-0.0459458696	-0.084289882	-0.0092691671	-0.059842255	0.05510822	-0.0455174116	-0.0434975172	-0.002924218	0.0321039904	0.0601030618	0.004823354	-0.0124368912	-0.0885126102	0.0852065144	0.0379687167	0.0165029739	0.0531621568	-0.0682187437	0.0269028608	0.0433705141	0.0199427072	0.0154947172	0.1943267656	0.1462729864	0.0085197492	-0.0034687522	0.0876754385	0.0279459998	-0.0843851023	-0.0339148361	0.0022166983	0.0153050462	-0.1078387622	-0.0957756977	-0.0037112951	0.0380396654	-0.0918856345	0.027669064	-0.0281218614	-0.0026597935	0.0399538531	-0.0636909331	-0.0397487797	-0.1171308083	-0.0688825698	0.0397702723	0.0711275924	-0.0774393843	0.0477396744	-0.0374564083	-0.0161685382	-0.0595376718	-0.0013919997	0.059857814	0.0001874861	-0.0419171789	0.0053420463	0.0979649468	0.023832274	0.0391024671	0.0377174526	-0.0309376292	0.132187894	0.0562398256	0.0321323006	-0.0075675008	0.085852809	-0.0588470309	0.0735976694	-0.0296054188	-0.1062242169	0.0754570797	-0.0333339886	-0.0097088329	0.0914992421	0.0482283516	0.0734258873	0.0633181036	-0.0391910526	0.0233079741	0.1227215861	-0.1094672508	-0.0210327961	0.0632164071	0.0179789041	0.0020095784	0.1682669872	-0.0193524945	-0.0457074846	-0.0012907346	0.0266301368	-0.0321675446	-0.0383283514	-0.0203959012	-0.0022888713	-0.0105261678	-0.0383367935	0.0535035052	-0.0035870578	0.0155776934	0.0177713589	-0.0307854117	-0.0444977264	0.000225003	-0.0192297631	-0.0079335603	-0.0317712769	0.135963216	0.0395442128	0.012956629	0.0027931463	0.0587405796	0.0228093551	0.0913106444	0.0193274352	-0.0203013126	0.0745356057	0.1076652254	0.0334072648	-0.01914478	0.0086877291	-0.1249736639	0.0695219198	0.0688896972	0.0252148428	-0.003705446	0.0834040136	0.0039185869	-0.035901574	0.1299483457	0.0065216879	-0.0617608225	0.0323412547	-0.116917387	0.0462468756	-0.0292606206	-0.0793936715	-0.0606775209	0.010657419	0.0727503781	0.0717551168	0.0085347133	0.0512572868761083	-0.0070421394941461	0.0026273094578996	4.9591728655013687e-05	0.05130813095694	-0.0169997979794374	0.0002889931313416	0.0026325243022945	-0.3801648063942764	0.0371991221791886	0.1445252800207976	0.0013837746909022	0.0002581335020343	-0.0003404783234522	1.1592548874082093e-07	6.663290487249196e-08	0.001045090560706	0.000246299033584	1.0922142800767812e-06	6.066321394446156e-08	0.0007008656624483	-0.0002723960482185	7.419960708510985e-08	4.912126767990945e-07	0.0	0.0	0.0
1819.4738868901627	1.731768986442603	2.9990238224044403	3310485.2250751965	2489.542805054178	7.070951147553842	49.998350131093	6197823.3781970255	1955.8881434643365	3.6289132185804647	13.169011147988028	3825498.429744369	2078.5300540960543	1514.1208884347225	1.102468	28.827589	0.1153384809185544	0.056346615213709	-0.0318629061	-0.0240122145	-0.0956179316	0.0217368831	0.0216294075	0.0724993583	-0.0813285785	-0.0824932338	0.0009420583	-0.0156092187	-0.0067717721	0.028573767	-0.0194117933	0.0125009832	-0.0209417869	-0.0112280972	-0.1102186374	0.0632266472	0.0691545017	0.0158883469	-0.1190596578	0.0227408303	0.0108788781	0.0729586184	0.1504375618	-0.115078403	0.0367876596	0.0163921464	0.0719627932	0.0456813656	-0.0293874929	-0.0101954402	0.0618743424	0.0230290962	-0.0008482509	-0.0580929043	-0.0469350425	-0.015528742	0.0401112338	0.0592526526	-0.0643690827	0.0238197353	-0.0382321183	0.0546232474	-0.0508643609	0.0244369411	-0.0132972741	-0.0819677848	-0.0387518919	-0.0017276565	0.077354286	0.1245708236	0.0976278118	-0.0417009996	-0.0949954338	0.0484805126	-0.0327916145	-0.0424370596	0.0579382536	0.0070260173	0.1018739538	0.0616784159	-0.005307069	0.0135380532	0.0891087841	0.0091370894	-0.0076690169	0.0356197424	0.0868468445	0.0220315514	0.1183625566	-0.0407202647	-0.0286582724	-0.0277015614	-0.0035766912	-0.0448497315	0.0419436584	-0.120909556	0.0821268202	0.0743085184	0.069465007	-0.0150865698	-0.0014512237	0.0608684853	0.0350564553	0.0415129306	0.039294971	0.0779344835	0.0266024081	-0.0753815516	0.0549278914	0.0320401299	-0.1033494533	0.0474108183	0.11388274	-0.0556393752	0.0368157515	-0.0903212087	0.0608987653	-0.022075236	0.0385104219	-0.0059676884	-0.0402383082	-0.0196514165	0.0361246758	-0.0429983005	-0.0257960169	-0.056931965	0.0999516378	0.050697044	0.0362135583	0.0044290623	0.0781624364	-0.0150241285	-0.0253251268	0.0217152215	-0.0964398946	0.0050883684	0.1175504192	0.0190671035	0.0175834449	0.0346261513	0.051934023	-0.0261532109	-0.048079696	-0.1215318261	0.0130764585	-0.0524255444	0.0396266361	-0.0527954672	0.0017959787	-0.0453488487	-0.0241566565	0.0628705898	-0.0709318751	0.0140945439	0.0641660973	0.0594433178	0.0455396975	-0.0308505711	-0.0799532077	-0.05833645	0.0148794683	0.0749343514	0.0687090676	0.0017099414	0.0426127666646607	-0.0086445202114476	0.0018158478828168	7.472772968612616e-05	0.0954851824862998	0.0441770515293597	0.0019516118818277	0.0091174200744419	-0.3545735406989294	0.025591265695347	0.1257223957637753	0.0006549128798898	0.0007581007198891	0.0004999672178548	2.499672189294691e-07	5.747167014963717e-07	0.0009488201928744	-9.62703678315999e-05	9.002597584062136e-07	9.267983722431544e-09	0.0008431409464099	0.0001422752839615	2.0242256426353907e-08	7.108866555129819e-07	0.0	0.0	0.0
1817.0477091513903	-2.426177738772367	5.886338420114595	3301662.377332316	2498.893072018678	9.350266964499951	87.42749230741913	6244466.585382947	1957.584610225648	1.6964667613115123	2.8779994722347726	3832137.5061923023	2085.285468136148	1548.9705350413535	1.121037	29.313133	0.1018756955023385	0.0672283302179628	-0.0016545297	-0.1001424526	0.0351120966	0.0165414602	0.0417513173	0.041445382	0.0198552741	0.0073899936	-0.0691431164	0.0500904969	0.0826064257	-0.0551170609	-0.00503104	0.0151551624	0.0205228507	0.0111177697	0.0388086111	-0.0312078994	0.0105656898	-0.0172349677	0.0252437971	0.0631364933	0.039420628	0.0152689369	0.0563886158	0.0743782628	0.0516111026	0.0130439851	0.0005709179	0.0057427827	0.013692529	0.0496967046	0.0184295028	-0.0648954614	-0.0175848041	-0.015870682	-0.1128087099	-0.0876686357	-0.0092060391	-0.0715300792	-0.0901443133	0.0667468582	0.0433704716	-0.0595502116	0.0115912403	-0.0423490213	0.0004607453	0.0345840884	-0.0958036248	0.0666646484	-0.0949618947	0.0920221891	-0.0039487971	-0.0176443389	0.0059401354	-0.0600860079	0.0473520892	0.039251989	0.0185820574	0.0360642276	0.1209321212	0.0541723178	-0.0353240558	-0.0672723203	-0.0556643943	-0.0249329812	-0.0165814557	-0.1335969311	-0.0112370897	0.0017495388	-0.0433723688	-0.0073352033	-0.1117561913	0.0409867234	0.0054852022	0.0615127783	-0.0332840184	-0.0157098909	0.0490961478	-0.0371872306	0.0444400295	-0.0005194509	-0.0312152524	0.0578275592	0.0370582427	0.0368377609	0.0354214184	-0.0536052956	-0.013591983	-0.0156916016	0.0417336762	-0.0436862607	-0.077805731	-0.0226410746	-0.0429087026	-0.0129286464	0.0270430832	0.0945899851	-0.0050301098	0.0180543115	0.0677203095	-0.015385998	-0.0685856767	0.0047055232	0.041780373	0.023667457	-0.0988114525	-0.0648125859	0.0559613166	0.0467290049	-0.1109729914	0.0482768349	0.0263829231	-0.0770173812	-0.0042238138	-0.0052667095	0.0035632073	-0.0945428868	0.0690554686	-0.0528765244	0.0431121377	-0.0045968918	-0.0330898937	-0.0187168011	-0.0344881952	0.0080053915	0.0015169889	0.014009831	0.0447812114	-0.0097303141	0.065076938	-0.0130115394	0.0234492277	0.0602170008	-0.013322977	0.0171470285	-0.0407052362	-0.061850179	0.0448275254	-0.0324269895	-0.0804338397	-0.0558930371	0.0190607341	0.0768225931	0.0652939789	-0.0051268245	0.0444269512110793	0.0018141845464186	0.0019737539939116	3.2912655684640662e-06	0.0738223243796341	-0.0216628581066656	0.0004692794213495	0.0054497355768119	-0.4149678883084036	-0.0603943476094742	0.1721983483271357	0.003647477223174	0.000666079352588	-9.202136730109998e-05	8.467932039963952e-09	4.436617039440492e-07	0.0008398349023654	-0.000108985290509	7.05322663231101e-07	1.1877793547331132e-08	0.0010022203933954	0.0001590794469855	2.5306270453212524e-08	1.0044457169376304e-06	0.0	0.0	0.0
1818.815143126728	1.7674339753375534	3.1238228571775077	3308088.5248671	2487.34678725904	-11.546284759638183	133.31669175065298	6186894.040087868	1957.924251045768	0.3396408201199392	0.1153558866917449	3833467.3728331313	2080.9352892552915	1516.9339813994432	1.127032	29.46991	0.0899104979640628	0.0556768345222627	0.0070883956	0.0667660696	0.0712293682	-0.0454569368	0.0699930193	-0.0661799686	0.0355318693	0.0085113257	-0.0675236494	-0.0568693551	0.002883378	0.0082468519	-0.0465219822	-0.0462795051	0.0901726671	-0.010201984	-0.0072908017	-0.0080216185	0.0487910849	2.19737e-05	-0.0222652107	0.060872991	-0.0555205595	0.0089694345	-0.0286255327	-0.0788436692	-0.0666639926	0.0261919146	-0.0632031849	0.0105949565	0.0603314366	-0.0332649805	-0.0341110262	-0.0359800085	-0.0801778234	0.0525953362	0.0206740056	0.0326612027	0.0461708917	-0.075683373	-0.0689140912	0.14303451	-0.0477660918	0.0845432206	-0.0127845499	-0.0916308884	-0.0577604287	9.91056e-05	-0.048538677	-0.0180535493	0.0999815117	-0.0286330727	0.0071116199	0.0305394606	-0.012276181	-0.0040882995	0.0235184296	0.0222077999	0.0576130612	0.0056966897	-0.1300073221	0.0042530697	-0.0405147182	-0.0658337482	0.0073363587	0.0653118025	0.0013593315	-0.0465957169	0.0070162084	-0.0333068456	-0.0030309137	0.0375560336	0.015844519	0.0501484313	-0.0319153584	-0.0489348484	-0.079291758	-0.0490283202	0.013469451	0.0959452047	-0.0573359618	-0.0058073092	0.0078520537	0.0517253711	-0.0590739088	-0.107615677	0.0342310393	-0.0726993727	0.0842104245	0.0754421731	0.0041566725	0.018147896	-0.1248223754	-0.0805281523	-0.0180760379	-0.0581662674	0.0261394755	0.0017817595	-0.0906935442	0.0701908105	-0.042852388	-0.0332973429	0.0715638509	0.0066445509	0.1066291455	0.1042740024	0.0426981698	-0.0931696985	-0.0806006985	0.0367910604	0.0334722899	-0.0372537426	-0.0003325162	0.0562406578	0.0237514237	0.0242982618	0.0489009509	0.0345587119	-0.01639222	-0.1329970457	0.043938737	0.064347928	-0.0307460593	-0.064064925	0.0474051712	-0.0035253459	-0.0376810322	-0.0071516211	0.0450672084	-0.0051705757	-0.0571805339	0.0157938251	-0.0070845777	-0.0158370866	0.0006267703	-0.0035181627	-0.0388479984	0.0196275989	0.0441104375	-0.0339891844	-0.0808350932	-0.0533515689	0.0231897558	0.0784076511	0.0615281933	-0.0119276293	0.0449872223167915	0.0005602711057122	0.0020238501717804	3.139037118959756e-07	0.0753424695487012	0.0015201451690671	2.3108413350380666e-06	0.0056764877176969	-0.4478432700502921	-0.0328753817418885	0.2005635945293388	0.0010807907246748	0.0011648447576118	0.0004987654050238	2.487669292485553e-07	1.3568633093356932e-06	0.0002941153408961	-0.0005457195614692	8.650383375042911e-08	2.9780983977024506e-07	0.0010568294258502	5.4609032454799866e-05	2.982146425649385e-09	1.1168884353428632e-06	0.0	0.0	0.0
1816.824711552386	-1.990431574341983	3.961817852137505	3300852.0325074103	2492.781191303356	5.434404044316125	29.53274731687945	6213958.067715779	1954.472024992695	-3.452226053072991	11.91786472151592	3819960.8964790455	2081.1195861933106	1537.4659355433066	1.098777	28.731075	0.1217514038341771	0.0620723887349494	0.0087019932	0.0229169803	-0.0247198615	0.0117836833	-0.0541357068	0.0508245707	0.0160253531	-0.0440656031	0.0388437718	0.0094279812	-0.035334298	0.0334360296	-0.0611798896	0.0555358755	0.0161793519	-0.0173606468	-0.0139562828	0.0258199815	-0.0093953443	-0.0732069312	-0.0846456098	-0.0335756327	0.0083090472	0.065901439	-0.0459439615	0.0289271502	0.0397482038	0.0283743978	-0.0456309791	0.008156321	0.0247878413	-0.0581924824	-0.0830824098	0.0345396618	0.1074939779	-0.0816893909	-0.0415997689	0.0459059074	0.0060750444	0.0203900385	0.1183689055	-0.024201524	-0.0108548245	-0.0183750238	-0.1052404816	0.0376489428	0.017514701	-0.0633040215	-0.0982687964	0.0519322737	0.0069079152	0.0114278303	-0.0551183142	0.0146645691	0.0629455193	0.0444711863	0.0287552491	0.0531830618	0.017192453	-0.010491107	0.0546566492	-0.0325991414	-0.0016132793	0.0586653762	-0.0738684552	0.0090215435	-0.0100592508	0.0001747259	0.0330857624	-0.0341297894	0.0356103347	-0.0354682966	0.001060783	-0.0183522011	0.0961686996	0.0257956985	0.0337887576	-0.046451896	-0.0141721671	0.0588736569	0.0103406596	0.0113584369	-0.034328145	-0.0501447754	0.0015577664	-0.0621620227	-0.107149359	0.0432738079	0.0348381743	0.0089329059	-0.030276234	-0.0665230565	-0.0022450522	-0.0288461829	0.0105348041	0.0237923391	-0.0051157426	0.0971117973	0.0555908455	-0.0606293937	-0.0176573401	0.0280125029	-0.0673730558	-0.0020710352	-0.0436782467	0.0152649097	0.0930227687	0.05673964	0.0229146615	-0.0096385384	0.0321561366	0.0043916219	-0.0103732372	-0.0574262258	0.008459622	-0.0422569124	-0.0894672079	0.0354947087	0.0220909161	0.016938969	0.0080675375	0.0841678206	-0.0969166035	-0.0579215801	-0.0276819487	0.0122106823	0.0161635511	0.05674868	-0.0948690773	0.0046560539	-0.0260928779	0.0541356507	0.0417238705	0.0071475895	0.0118022255	-0.0699212486	-0.0251884745	-0.0433740665	0.0433885123	-0.0355364705	-0.0811565722	-0.0507165039	0.0272552159	0.0796832699	0.057431937	-0.0186447705	0.0340152163682745	-0.010972005948517	0.0011570349445805	0.0001203849145342	0.0997291507801918	0.0243866812314905	0.0005947102214863	0.0099459035153382	-0.4118767573945376	0.0359665126557545	0.1696424632818388	0.0012935900326165	0.0010117509028768	-0.000153093854735	2.343772835762128e-08	1.02363988947202e-06	0.0007538352046889	0.0004597198637927	5.682675158283557e-07	2.113423531656706e-07	0.0006611190644097	-0.0003957103614405	1.5658669015137118e-07	4.37078417325957e-07	0.0	0.0	0.0
1812.4220064148728	-4.402705137513067	19.383812527883958	3284873.529336913	2502.3738534276968	9.592662124340675	92.0191666317602	6261874.90231858	1951.9459572138749	-2.5260677788201065	6.381018423193146	3810093.0198835903	2085.162453470905	1555.0291749998364	1.078344	28.196791	0.1367707936957765	0.0700557668571952	0.0472565017	-0.1009648928	0.0149385355	0.0088566363	-0.0246990367	-0.0635631044	0.0598220739	0.0456467666	0.0114154232	0.0511881983	0.0583568696	-0.071555432	-0.0034085558	0.0135424668	-0.0179147312	0.0545986078	0.0302201378	0.007945316	-0.0832000023	-0.0573935293	0.0141358639	-0.0215586518	-0.0509434278	-0.0702475892	0.1046654342	-0.0151100821	-0.0553940334	-0.082095226	-0.073458479	-0.0404890829	-0.0062894234	-0.0381528696	0.0233114776	0.03006942	0.0237841719	0.0809916026	0.0063566015	0.0276101327	0.0105688849	0.0400414601	-0.0572856023	-0.0345984681	0.0730186239	-0.0659016992	0.0656710031	-0.0653483028	-0.0594286568	0.0413860707	-0.0360621123	-0.0369740242	0.0427371981	-0.1338348624	-0.0458743025	-0.0803584933	-0.0342358216	0.0051763544	-0.0397223663	-0.0455034677	0.0844231689	-0.0523660791	0.0506589825	-0.010829171	0.0064592387	-0.0003293697	-0.0277492614	0.0005842755	-0.1065347534	-0.0415920033	-0.07495279	-0.0246195363	-0.0346129402	0.0013817374	-0.0340021643	-0.0524913819	-0.0028493476	0.0256750637	-0.0033322527	0.0568831935	0.0595156796	-0.1460501413	-0.1029977512	-0.0662326587	-0.001965409	0.0317471358	-0.0136525453	-0.0059439159	0.0014444446	0.0429171754	-0.0037440238	-0.0949995075	-0.0042718107	0.0147333653	-0.0126109103	-0.080082656	-0.0211298001	0.0598557858	0.1191493807	0.0579006542	-0.0483586768	-0.0587178067	-0.0439591209	-0.0870625559	0.0547077512	-0.0123397265	-0.0549686637	-0.0422911631	0.0672368635	-0.0258319472	-0.0432637849	-0.017294207	0.0102997385	0.0510711597	-0.0157203085	-0.0296657802	0.0252194053	-0.0311154707	-0.0202144879	-0.0930144424	0.033104422	-0.0874260132	-0.001464573	0.0503878285	-0.1034909407	-0.013551409	0.0473207374	0.0481344646	0.0668072613	-0.0110031472	0.0311056063	-0.0286826169	-0.0041431759	0.0269276528	0.024693689	-0.0009590721	-0.0107904357	-0.021999052	0.0115066061	0.0699899465	0.0426618292	-0.0370681691	-0.0813979594	-0.0479924649	0.0312459714	0.0806444153	0.0530272111	-0.0252311319	0.0541141194181022	0.0200989030498277	0.0029283379203966	0.0004039659038063	0.0858302535820598	-0.013898897198132	0.0001931793433242	0.0073668324299606	-0.4533346064504044	-0.0414578490558668	0.205512265405543	0.001718753248339	0.0015609597314386	0.0005492088285617	3.0163033737022454e-07	2.4365952831728663e-06	0.0001379678725512	-0.0006158673321376	1.903513385630417e-08	3.79292570794408e-07	0.0005998923372702	-6.122672713949992e-05	3.748712116214777e-09	3.598708163155034e-07	0.0	0.0	0.0
1812.3359098863	-0.0860965285728525	0.007412612232296	3284561.450263403	2485.727590743609	-16.64626268408756	277.098061347646	6178841.655384028	1949.3554297019173	-2.590527511957589	6.710832790209176	3799986.5913083465	2078.468674960601	1531.2501566383928	1.060937	27.741638	0.1133034927466451	0.0639763247375669	0.0570820208	0.04936182	0.0808245099	-0.027125136	0.0042490142	-0.0722821993	0.0706803388	0.0579575254	0.0412172671	-0.067229653	-0.0529173348	-0.0014701924	0.0529474628	0.0276647375	0.047373933	0.060584181	0.0123578493	0.0650034586	-0.0771788096	0.009894362	0.0518708152	0.0464093825	-0.046893114	-0.0512017697	-0.0814532409	-0.1042828901	-0.079385448	0.0564572731	-0.065770679	-0.0324844374	0.07345036	0.0397538873	0.075485572	-0.1463349819	0.0127975985	-0.0519775582	0.0627654483	-0.0615240964	-0.0200430013	0.0879766014	0.004229374	-0.0661043888	0.0446603826	0.0294368764	0.0942421778	-0.0246873951	-0.0510521308	-0.0082328569	0.031167903	0.0769736557	-0.0387650842	0.055865831	-0.0593959262	-0.0447333769	-0.0061849319	0.1122910799	-0.0381919645	-0.012252468	-0.0334320271	0.0032879926	0.0507807268	-0.052693572	0.0513671398	-0.0073154145	-0.0119822147	0.0191906032	-0.0485728589	-0.0519082815	-0.0410858167	-0.0633217979	-0.0152129	0.063635875	0.102905756	-0.0656051318	-0.0435922497	-0.0125837839	-0.0261712171	0.1006623087	-0.0317435515	-0.0021881964	0.000349069	0.0350771355	0.032165391	0.0883363859	-0.1193839958	-0.04305967	0.0634993214	0.0160579667	-0.0211676588	0.011709395	-0.055934568	0.0086805794	-0.0423753443	-0.1232498018	0.121241479	0.0203172464	0.0571402573	0.0807036815	0.0471350648	0.0019860726	0.1295341948	-0.0559096372	-0.0915098033	-0.0579658018	0.0302969772	0.0986792286	-0.0284107619	0.0122365057	-0.1086870182	-0.1914081526	0.0651163461	-0.1025311856	-0.0480173259	-0.0437459429	0.0760850337	0.0316247217	0.0005945073	0.0224829636	-0.0294102649	-0.109540726	-0.0083654289	0.0665055035	-0.1061277931	-0.0479718326	0.1156433419	0.0107122801	-0.0271323469	0.0252793873	0.0095457268	0.0312766141	-0.0396647583	0.0023093876	0.0063313857	-0.0409831009	0.0683473334	-0.0429873412	0.0894933075	0.0080820421	0.0419304676	-0.0385836084	-0.0815590168	-0.0451842308	0.0351510839	0.081287294	0.0483376736	-0.0316405151	0.0627425702658968	0.0086284508477946	0.0039366301235709	7.445016403280738e-05	0.0911378376113418	0.0053075840292819	2.8170448227889324e-05	0.0083061054444713	-0.504027548621238	-0.0506929421708335	0.2540437697691344	0.0025697743859354	0.0017291115386008	0.0001681518071622	2.8275030251913693e-08	2.9898267129224257e-06	-0.0002070833399092	-0.0003450512124604	4.288350966794927e-08	1.1906033922039213e-07	0.0010601796316223	0.0004602872943521	2.1186439334197681e-07	1.123980851306796e-06	0.0	0.0	0.0
1817.4222000589668	5.08629017266685	25.87034772056737	3303023.4532671752	2480.7260555106564	-5.001535232952847	25.015354686468687	6154001.76248946	1953.8031208909404	4.4476911890230895	19.781956912913625	3817346.6352031785	2083.1203429475568	1509.894002039743	1.038149	27.145752	0.0622553746726584	0.0334975977950985	0.0775806531	0.0689959308	-0.0857390435	-0.0065922369	-0.0126948356	0.0108785819	-0.0659856299	0.0345274849	0.0571038974	-0.0903473972	0.0121730173	-0.0033096028	-0.0149013186	-0.0501594268	-0.0449534356	0.027783733	0.000623162	0.0821734331	-0.0142238954	0.0031983224	-0.0848540565	-0.06000018	0.1032128108	-0.0414606262	-0.0190690235	-0.0206725038	-0.0210226504	0.101618527	-0.0415732302	0.0176473855	0.0100782961	-0.0284867692	-0.0851423601	0.013937706	0.0913315648	0.0065315001	0.0625703246	0.0690616144	-0.0571572823	0.0429225387	-0.0210364763	-0.0502206315	0.0633438469	-0.0448515917	0.0376148522	0.0401941296	-0.0142826068	-0.0200179858	0.068265351	0.0333124629	-0.0890385273	0.0210549975	-0.086773211	-0.0653236072	-0.0742083266	-0.0595537201	0.0592303247	0.0620585385	-0.1026675168	-0.0392558081	-0.1149623847	-0.0706972825	0.0068384706	-0.0360216526	-0.0233883762	0.0210746139	0.0233631921	-0.0289967067	-0.0278395757	0.0510422	0.1009062335	0.0016171965	0.0002646583	-0.0305275829	0.0402129874	-0.0385955497	0.0123854228	0.0573771659	-0.0380043828	-0.0182613373	0.0546469252	0.0394722532	-0.0164181852	0.0074469975	-0.0129068522	-0.0281079954	-0.0498088771	0.053874725	0.0233471914	0.0343997218	0.0308127155	-0.0999320333	0.0789112851	-0.119764125	0.0449672669	0.0680573346	-0.048225905	0.0971502978	-0.0961748258	-0.0332387836	0.0088454694	0.011550456	-0.0569708384	0.1020735763	-0.0530410721	-0.0210525837	0.0224935255	0.0035277253	-0.023792277	-0.0728647941	-0.0689648983	-0.003046569	-0.0008345101	0.030259986	0.0911659836	0.0116964249	-0.0871790732	0.0209255209	0.0148297069	0.0327005832	-0.0596978287	0.0983749218	-0.1023741644	-0.0530005913	0.1013012576	0.0477827894	-0.0090190113	0.0330362067	-0.0408825789	0.0055443991	-0.0605270494	0.0352198259	-0.0621415926	-0.0861115613	0.0356200049	-0.0639414777	0.0491874227	0.0271942397	0.041194508	-0.0400821236	-0.0816395852	-0.0422967282	0.0389598496	0.0816093689	0.0433885123	-0.0378279629	0.055378685149023	-0.0073638851168738	0.0030667987688346	5.42268040145155e-05	0.101706566615519	0.0105687290041772	0.0001116980327637	0.010344225692717	-0.5335232519596005	-0.0294957033383624	0.2846470603815473	0.0008699965154246	0.0019370750969238	0.000207963558323	4.3248841590363844e-08	3.752259931122349e-06	-0.0001349580586242	7.212528128500002e-05	1.8213677587613003e-08	5.202056200440373e-09	0.0010766319362792	1.6452304656899884e-05	2.7067832852344957e-10	1.1591363262162993e-06	0.0	0.0	0.0
1818.73326277949	1.3110627205230685	1.7188854571453496	3307790.681140529	2486.087631751751	5.3615762410945536	28.746499789069603	6180631.7127490295	1953.273444228285	-0.5296766626554472	0.2805573669618124	3815277.1479274263	2080.9244078422826	1540.0771984792657	1.052401	27.518438	0.0673265509369137	0.0422826324505976	0.0572848315	-0.0651510551	-0.0176070069	-0.0018272573	0.0710916265	-0.0173733941	-0.0132456701	0.0078934034	0.0198146894	-0.0259739918	0.0199647132	0.0051472105	-0.0126326689	-0.0117835976	-0.060884047	-0.0593755677	0.0363789488	0.0346995533	-0.1086258688	-0.021923551	-0.0191828355	0.0738414211	0.0439239043	0.0076494113	-0.0687392773	-0.0983395894	0.0676184449	-0.075546132	0.0237118942	0.0885495995	-0.0595727705	0.0304644433	-0.0922916717	-0.0189722084	0.0667495856	0.0664885291	-0.0212512473	-0.166733805	0.0443877907	0.0291476465	-0.0442245617	0.0665096784	-0.0012691201	0.0723940515	-0.1151718449	0.0494451601	0.0582287681	-0.0301197893	0.0673082526	-0.0190205642	-0.0472273452	0.0997595482	-0.0421789025	0.0541228469	-0.0435937094	0.0272163777	0.0912135503	0.0456370259	0.0475205363	-0.0539512356	-0.0303989682	-0.0026064637	0.0360824156	-0.0013476984	-0.0026075406	-0.0079140997	0.0693616155	0.0057846974	-0.0216649488	-0.0105237658	-0.0134402898	0.0396539084	-0.0284120925	-0.0436893418	0.0122607036	-0.0518809339	0.1263734639	0.0720695733	-0.0060531617	0.0101869268	-0.0062126963	-0.1101174358	-0.0670119997	0.0310308547	0.010973246	0.0404708862	-0.0625622673	0.0087249007	-0.018579578	0.0129829703	-0.0316927578	-0.0115015193	-0.0916523996	-0.0519987018	0.0590709046	-0.0446877396	-0.0289724013	-0.0189383209	0.0263585652	0.0731069219	0.0437508414	0.1065135518	0.0444868331	0.0724955622	0.0656182339	0.0455278242	0.1079258316	-0.0087599877	0.0584699845	-0.0638667513	-0.0337355466	-0.0243207429	0.0731820562	0.0764694531	0.0500402901	-0.0128912633	-0.0489600238	-0.0701027591	0.0643235239	-0.0549302608	-0.0331100759	-0.0017129204	-0.0431975839	-0.0711932468	0.0962230705	0.0854126063	0.0447687569	-0.0557445559	0.0346216535	-0.0222145887	0.0143751327	-0.0096368471	-0.0259826765	-0.0254725282	0.0264738308	-0.0586327667	0.0416855138	-0.0555268342	0.0404540309	-0.0415630576	-0.0816395852	-0.0393350228	0.0426618292	0.0816093689	0.0382063093	-0.0437500746	0.0442281231050998	-0.0111505620439232	0.0019561268733998	0.0001243350338953	0.0997044474257649	-0.002002119189754	4.008481249981606e-06	0.0099409768364771	-0.4924521213730841	0.0410711305865164	0.2425090918448507	0.0016868377676546	0.0018041266827994	-0.0001329484141244	1.7675280818192975e-08	3.254873087588767e-06	-0.0002239930833842	-8.903502476000002e-05	5.0172901403961176e-08	7.927235634013817e-09	0.0011167032797292	4.007134345000002e-05	1.6057125658878599e-09	1.247026214957952e-06	0.0	0.0	0.0
1816.650724393929	-2.082538385560838	4.336966127334342	3300219.854440987	2494.638384471908	8.550752720157107	73.11537208127416	6223220.669280611	1956.65809727466	3.3846530463749787	11.455876244335425	3828510.909630492	2084.0150283609246	1540.3144605894472	0.958705	25.068451	0.106291409399784	0.0447929389894851	0.0663661168	0.0020060965	0.0787459403	0.0108466537	0.0306502434	-0.0080560963	0.0540821728	0.0740527706	-0.044232194	-0.0182098184	0.0356879012	-0.0106511559	-0.082296453	-0.1450120963	0.0999775944	0.0460336862	0.0927579603	-0.0043562447	-0.0523105336	0.0227171336	0.0096614634	0.0662078059	-0.0138966935	-0.0459174789	-0.0017997098	-0.0562512322	-0.0661206024	-0.0803480086	0.0031142218	-0.1101860698	-0.0139543561	0.0924457867	0.0450219966	-0.0590582888	0.003539181	-0.0069252248	0.0037609883	-0.0570119294	-0.0060290022	0.0280472348	-0.0309660822	-0.1109876091	-0.0238845646	0.0210284522	-0.0355568634	-0.0280316227	0.0154823651	0.0009326027	0.0478139983	0.0456673013	0.0199286143	0.0150328491	0.0677287594	0.0126718613	0.0551105986	0.0193469379	0.0020901271	0.1093503037	0.0110775352	-0.0182199841	0.014944839	0.0089647962	-0.0055773896	0.0249238297	0.0364237558	0.0461476003	-0.0507635895	-0.055552013	-0.0643425733	-0.0242073321	-0.0595990449	0.0735157187	0.0086770477	0.0285159359	-0.0172637051	-0.1155629212	-0.1127844086	0.054106492	0.031591202	0.0119545611	-0.0586962624	-0.0309518905	0.0552802167	-0.0332786873	-0.0987657258	-0.0261341603	0.0213401766	-0.121522431	-0.0158562946	0.026069266	0.0472284148	0.0150102806	-0.1196967003	-0.0690968228	0.053972459	-0.0430421766	0.0739062503	0.0961156548	0.0095895089	-0.0100919717	0.1016602325	0.0808960875	0.0543125384	-0.0039554008	0.0524500502	-0.0935975613	-0.021620094	-0.0349693572	-0.0713059328	-0.0660042449	0.0157551935	-0.0049059073	-0.0659916387	0.0250896168	0.0572395764	-0.0289647085	0.0290922373	-0.0513887731	-0.0080812334	-0.0833418048	-0.0738818656	0.0314078874	-0.0610847094	-0.0896381031	0.0448677177	0.0037825234	-0.1068994074	0.0415496773	0.0619004812	0.0170632697	-0.0244736563	0.019079694	0.0166700084	-0.0854766791	0.025213443	-0.0580303636	0.0244167132	-0.0025339637	0.0397091175	-0.0430257605	-0.0815590168	-0.0363043104	0.0462468756	0.081287294	0.0328188985	-0.049365311	0.0533144722278393	0.0090863491227395	0.002842432948933	8.256174038030887e-05	0.0906885752134911	-0.0090158722122738	8.128595174805094e-05	0.008224417674253	-0.5172555785076298	-0.0248034571345457	0.2675533334972628	0.0006152114858252	0.0024089347941378	0.0006048081113384	3.657928515407224e-07	5.802966842407724e-06	0.0001640140111554	0.0003880070945396	2.690059585528367e-08	1.505495054130621e-07	0.0008418038670027	-0.0002748994127265	7.55696871173746e-08	7.086337505006994e-07	0.0	0.0	0.0
1819.3605403957783	2.7098160018492763	7.343102763878397	3310072.775949219	2495.0801450064355	0.4417605345274751	0.1951523698660005	6225424.930005335	1959.175561138964	2.5174638643040907	6.337624308076886	3838368.8793641743	2086.815345195238	1527.832438381813	1.033088	27.013435	0.0579346756403533	0.0364980870957142	0.03742838	0.078037044	-0.0247976668	-0.0828856424	-0.059562986	-0.0595289418	0.0158429796	0.0450581165	0.0684304515	0.0129402023	-0.0175472785	0.02282639	-0.0454673525	0.0877763787	-0.0333291227	-0.0056585858	0.0380008834	0.0321221832	0.0527835916	-0.0203138198	0.068934439	-0.0399844483	0.0133972353	-0.0754406323	-0.0113247271	0.0305945841	0.0381549033	-0.0047183948	-0.035499581	0.0340325378	0.0801359303	0.0112383783	0.1166436202	-0.0993078826	0.0005934773	0.0073896743	0.0701237282	0.0555336194	-0.0521868501	-0.0506308562	0.0239671831	-0.0323380037	0.0071594707	0.07629674	-0.0210127553	0.0965227973	0.1038874632	-0.1010516889	0.0746536029	-0.0127402734	-0.06168055	0.1067282576	-0.0046597889	-0.0042405382	0.045727827	-0.0358448742	-0.025359808	0.125833944	0.0165546579	-0.0927883719	-0.0630418683	0.0356754434	-0.0584119387	-0.0099924003	0.0124894571	-0.021083096	-0.0877766493	0.0395635633	-0.0579466809	0.0033553864	0.0153333352	-0.0309794518	0.0624250031	0.0212369298	-0.0403018094	0.0120035701	0.0065831269	0.0033198345	-0.0898233234	-0.0330008094	-0.03405459	0.0634167441	-0.0901668476	-0.026865358	-0.0109431589	-0.1062878642	-0.0075164237	0.0081675854	-0.0773807714	0.0728661447	-0.031045299	-0.0537232072	0.0085034094	0.0035405208	0.0023044728	-0.065399775	0.0295146355	0.0071865388	0.06954991	-0.051881787	0.096631987	0.012465172	0.0854746934	-0.0044651011	-0.0159019363	0.0034003238	-0.063226931	-0.1065651544	0.038036671	0.0125212972	-0.0574252621	0.0380389331	-0.0104146641	-0.003763596	0.0651554405	-0.0056522547	0.0364794199	0.0561276979	-0.0152816575	-0.0247020541	-0.032794382	0.1181113052	-0.0682405746	-0.0272147902	0.0709472392	0.0417229703	0.0094202445	0.0539191839	-0.0326649683	0.0342034991	0.0050108803	0.0198863036	-0.0097276587	9.02385e-05	-0.022101941	-0.0418906694	0.0578896948	-0.0686203948	0.0389598496	-0.044469591	-0.0813979594	-0.0332099078	0.0497051625	0.0806444153	0.0272552159	-0.0546342852	0.0556330483843652	0.0023185761565258	0.0030950360725371	5.375795393610411e-06	0.0839137610369391	-0.0067748141765519	4.5898107126809946e-05	0.0070415192913645	-0.5117003959132944	0.0055551825943354	0.2618372951778222	3.0860053656407055e-05	0.0017303972203905	-0.0006785375737473	4.604132389868726e-07	2.9942745403351686e-06	0.0002721602666018	0.0001081462554464	7.407121071676286e-08	1.1695612567078008e-08	0.0007627656419376	-7.903822506510005e-05	6.247041021441409e-09	5.81811424520479e-07	0.0	0.0	0.0
1816.751694532328	-2.608845863450369	6.806076739242104	3300586.719586085	2481.623533519292	-13.456611487143618	181.0803927159256	6158455.362116776	1952.3379725658988	-6.837588573065204	46.75261749451186	3811623.559122724	2081.36069536665	1533.114662258692	0.99318	25.969908	0.0461591617795543	0.028208523084709	0.0579984046	-0.0098795532	-0.0575007766	0.0074305449	-0.0073012041	0.0321965445	-0.0140522662	-0.0333896855	0.0456283758	-0.0430366115	0.0171215583	0.0151661263	-0.040408214	-0.0139388953	-0.0532135108	-0.0169666965	-0.0116254523	0.1042943845	0.0278126475	-0.0389181046	-0.0116515702	-0.042796121	0.0020399729	-0.0071032242	-0.0416920796	-0.09456525	-0.0401027342	-0.0218978928	-0.0629410736	0.1206272357	-0.0693098794	0.0234577443	-0.0772188617	0.0856142126	-0.0254603332	-0.0216874221	-0.0555285849	0.0641089381	-0.092512489	-0.0333899378	-0.0374296829	0.0434393624	-0.0296505093	-0.0664587969	0.0225151041	-0.0166718797	-0.0362132474	-0.0034980467	-0.0348894126	-0.0106636357	0.0279391926	0.0479734213	-0.0460074315	-0.0064959492	-0.0207180883	-0.0045522777	0.0510073867	-0.0113954576	0.0132077062	-0.0050212436	-0.0089860042	0.0173739847	-0.2147831789	0.0566116715	-0.020985156	0.036516286	0.0505634743	-0.0344179532	-0.0228489549	-0.0139013902	0.0758854722	-0.0424255225	0.0076181972	-0.0324649954	-0.008887819	-0.0488275097	0.0154726585	-0.0254172861	-0.0103540757	0.0298149604	0.0171242766	-0.0624073535	-0.039690437	0.119751582	0.0537710831	0.0690610027	-0.0433143417	-0.0062127334	0.0561893333	-0.0880393112	-0.0927960362	-0.0546935567	-0.0452871092	-0.0471540729	-0.0387380144	0.0197354757	-0.043072485	0.0142381048	-0.0242966869	-0.0664108396	-0.0643340209	-0.0537138431	0.0031231562	0.0598187145	-0.0223539112	0.0708801448	-0.0883248492	-0.0367788356	0.01975368	0.0695788893	-0.0101035626	-0.0062818823	0.0218928382	0.0330360878	0.0514126641	-0.0389226081	-0.0570034654	0.0244758524	0.0983697736	0.0228091608	-0.0301803901	0.0463681138	-0.0372496646	-0.0886852426	0.0863106366	0.016509114	0.0076276474	-0.0549955022	0.0232012253	0.0095330924	0.0332863344	-0.0120443194	-0.0102277051	-0.0302584985	-0.0095394955	-0.0348574931	0.0920465555	0.02296543	0.0382063093	-0.0458939156	-0.0811565722	-0.0300572439	0.0530272111	0.0796832699	0.0215451443	-0.0595200392	0.0520237655486397	-0.0036092828357254	0.0027064721818598	1.3026922588262663e-05	0.0781871700747416	-0.0057265909621974	3.2793844048321994e-05	0.0061132335642965	-0.4853575114641231	0.0263428844491713	0.2355719139346463	0.0006939475611023	0.0016484145567211	-8.198266366940001e-05	6.72115714232996e-09	2.7172705508100205e-06	0.0002720240038049	-1.3626279689999118e-07	7.399705864604826e-08	1.856754981900824e-14	0.0006352764977547	-0.0001274891441828	1.6253481884488252e-08	4.035762285994774e-07	0.0	0.0	0.0
1821.0192685748184	4.267574042490423	18.212188208138056	3316111.1765207667	2500.753569270459	19.13003575116727	365.9582678409379	6253768.414218941	1957.225119763472	4.887147197573313	23.884207730748685	3830730.169433138	2089.109607178668	1532.0348639543397	0.9768730000000002	25.543497	0.1399102428511164	0.072402329098287	0.0782745113	-0.06427473	-0.0635879727	-0.0130022343	0.0366955317	-0.0254044043	-0.0326430589	0.1165251408	0.0288468995	0.0365261746	0.0349683301	0.0033256364	-0.0311130495	-0.0606912193	-0.0589750824	0.107759062	0.0620848025	0.0908069934	0.0362964135	0.0545972648	0.0325150881	-0.0854968304	-0.0340688686	0.0147238462	0.0765377995	-0.0306086555	-0.0194367782	-0.0801793396	0.0508390462	0.0007241858	-0.0490664304	0.0149819667	0.0697874093	0.0163945116	0.0318417547	0.0466795929	0.0664241622	-0.0541197279	-0.0759768617	0.0986892857	0.0231688968	0.0385518247	0.0214648343	0.0073084536	-0.0017551062	-0.0043970636	0.0156190451	-0.0499742712	-0.0700097003	-0.0706545586	0.0176284427	0.0224151519	-0.0155586849	0.0290764208	0.0514701638	0.0815564203	-0.0475141725	-0.0105703208	-0.0986899551	0.0613355097	0.0326507262	-0.1349204942	0.0108170477	-0.0452009265	-0.0302182017	0.0188644338	0.0603095568	0.0096613192	-0.0980406326	0.0675929147	0.0437300263	0.0048068358	0.0105956155	-0.0029238241	-0.0881263238	-0.0597183987	-0.0033096027	0.0185360031	0.1051201489	-0.0517464407	0.0059482052	-0.0585058553	0.048106019	-0.003140309	-0.0478759131	0.0821413044	-0.0296644008	0.0289222422	-0.0855554771	-0.0153088319	0.0244664535	0.0177017229	0.032237005	0.0074353901	0.1029715482	-0.0011471823	0.0124988078	0.0263502581	-0.0059474813	-0.0629410115	0.0168566662	0.0005241562	-0.0165326141	-0.0104231769	0.0520372517	0.0747626925	-0.0157558312	-0.0251536156	-0.0386389323	-0.0467724768	0.0023289062	0.0397547479	0.0078457496	-0.0859513621	0.0734071794	-0.0551928971	0.0535764328	-0.0632073017	0.0582540984	-0.0042498469	-0.1053181965	0.0453432746	-0.113346558	-0.0413175709	-0.0012937768	0.0435879574	0.0568335182	-0.0019285358	-0.0050923376	0.0114115738	0.030521549	-0.0800113258	-0.0931866446	-0.0698634647	0.0005956936	0.0210087438	0.1355876194	0.083334069	0.0374485793	-0.0472981097	-0.0808350932	-0.0268518493	0.0562039158	0.0784076511	0.0157193527	-0.0639883028	0.0311798601456985	-0.0208439054029412	0.0009721836787053	0.0004344683924467	0.0992885449262104	0.0211013748514688	0.0004452680206222	0.0098582151535641	-0.5373797132514895	-0.0520222017873663	0.288776956214253	0.0027063094788054	0.0023499643683941	0.000701549811673	4.921721382584217e-07	5.522332532721881e-06	0.0001108130926374	-0.0001612109111675	1.2279541499864992e-08	2.5988957879455583e-08	0.000691370991101	5.609449334629992e-05	3.146592183778086e-09	4.779938473359789e-07	0.0	0.0	0.0
1827.1262727310384	6.10700415622	37.29549976408836	3338390.416504017	2498.155859936243	-2.5977093342162334	6.748093785074147	6240782.70053379	1963.3500614917184	6.124941728246313	37.51491117441293	3854743.463959535	2090.414586317015	1560.6909356250833	0.930546	24.332138	0.1480228631801602	0.0776624724691266	0.041100734	-0.0620375751	-0.0119774776	-0.0447765319	0.0102946643	0.0357852674	-0.0277136076	0.0409786562	0.0131522564	0.0371002136	0.0540303037	0.0621477871	-0.0435570243	-0.0518898654	-0.0977418393	-0.0188908936	0.0399162502	0.0228330185	0.1327295067	0.0261118212	-0.0168719828	0.0099083246	-0.0216494346	-0.0084626068	0.0896507728	-0.0112766982	-0.0123435345	-0.0363175851	0.0026675972	-0.0433773911	-0.0454963524	0.0092336797	0.0269883922	0.0767904138	-0.0280590246	0.0493170652	-0.0128998643	-0.0323668603	0.0203340279	0.0898212651	-0.0302016974	0.041475611	0.024803812	-0.0350389837	0.0601483677	-0.0298928762	0.0220518307	0.0154277636	-0.0650347763	0.0207065223	0.0437019171	0.0073927975	0.1082921761	0.0415506554	-0.0587055261	0.1363303782	-0.0251544542	0.0637103639	0.0054523538	0.0817210629	-0.0384214954	0.105626245	0.0286169579	0.1031731647	-0.0536109153	-0.0067592588	-0.097313107	-0.0116150462	-0.0575882448	0.0334941602	0.0443429365	-0.0505751446	0.0131488856	0.0599800569	-0.076856806	-0.1036459381	0.0332603555	-0.0768310097	0.0349337955	-0.0307487521	-0.0126736477	-0.0185941476	-0.0162294583	0.0121514055	0.0276750319	0.0844532319	-0.0338636043	0.0068620192	-0.0501523756	-0.0762758399	0.0257536895	0.0916545941	0.0805919801	-0.0704021818	0.0803697122	0.0571801286	0.0857956793	-0.0109193948	-0.0766696847	-0.0588313083	-0.0394801575	-0.0514494514	0.0971720056	-0.0024620643	0.048055004	-0.0013194848	-0.0067677718	-0.0597248849	-0.03923639	0.020372608	0.0158181773	-0.0798697625	-0.0282089987	-0.0596811432	0.0523943327	-0.0505484605	0.0860837448	0.0183150711	0.0906701423	0.0134175208	-0.0394825717	0.0327297085	-0.0256362305	-0.0616122317	0.0241773381	0.0222406484	-0.0143901001	-0.0261418962	0.0002240596	0.011479847	0.0291185389	-0.0746766374	-0.0507015517	0.0347249713	-0.0300089323	-0.0011569242	0.0500293591	-0.0084397485	0.0366867426	-0.0486815572	-0.0804338397	-0.0235993474	0.0592265694	0.0768225931	0.0098091318	-0.0680077345	0.0231310061503506	-0.0080488539953479	0.0005350434455275	6.478405063842784e-05	0.0644411496843702	-0.0348473952418402	0.001214340955141	0.0041526617726434	-0.5123329577053823	0.0250467555461071	0.2624850595511451	0.0006273399633864	0.0012902773123874	-0.0010596870560066	1.1229366566681466e-06	1.6648155428616525e-06	0.0005999806038903	0.0004891675112529	3.599767250445692e-07	2.392848540653561e-07	0.0007441135917787	5.274260067770001e-05	2.781781926247321e-09	5.537050374697978e-07	0.0	0.0	0.0
1820.9939016228047	-6.132371108233656	37.60597540909888	3316018.789747445	2507.3766086622218	9.220748725978863	85.02220706764086	6286937.457666464	1958.161625298928	-5.188436192790505	26.919870126658427	3834396.950793339	2084.877227374746	1591.3678406914028	1.001568	26.189224	0.0999076767173932	0.0660393007608504	0.009188703	-0.0928077457	0.101072538	-0.0361546124	-0.0257720025	0.0584301997	0.094460965	-0.0504638721	-0.0593137154	0.0553121998	0.1391381754	0.0765932271	0.0272900716	-0.0621821699	0.03183682	-0.0226581399	0.0334535832	0.0564009128	0.0847982281	0.0016580563	0.0341068353	0.0026280767	-0.0511459837	0.0561170296	0.0679101927	0.0123200076	-0.0595034361	-0.0217554075	-3.45311e-05	0.0017710726	-0.0407581407	0.027495416	-0.0588159698	0.0395228914	0.0191639207	0.031751162	-0.0832334081	-0.021334003	-0.114423734	0.0217857312	-0.0274377521	-0.0341473282	0.0466571469	0.0671234725	0.0607383589	0.08621614	0.0565316974	0.0004992311	-0.0455328769	-0.0999873645	-0.0352845664	-0.1044998575	0.0109612806	-0.0936664227	0.038224368	0.0158034666	-0.0156451347	-0.0477294447	-0.0479667344	-0.0119350081	-0.0320126283	-0.0308905896	0.0300042718	-0.067824835	-0.0213774423	0.0574516074	-0.1376537278	-0.0112444756	-0.0321891846	-0.0979939799	0.0202055622	-0.0528383303	-0.079240598	0.0758402817	-0.0437926564	0.0245308612	-0.061191095	-0.0435284933	0.0311271556	0.0161216639	-0.0240121131	0.0125127605	0.0394652555	-0.0646952949	0.0087952105	0.0954543713	-0.0448872319	-0.0153494774	-0.0936799349	-0.1672720699	-0.0114237574	-0.059196373	0.0182000386	-0.0526738162	0.132688927	-0.0201617551	0.0127571392	0.0069379882	-0.008692147	-0.0105380265	-0.0096678581	0.0569428379	0.0276864787	0.0298035287	-0.0687077161	0.0175922066	0.0307132072	-0.0232997619	-0.0208031034	0.0348052841	-0.0158970771	0.0761960364	-0.0859901611	0.0949310322	0.0289663392	-0.0708435481	0.0143607159	0.0780035765	0.0689749969	-0.0174384699	-0.0004065866	-0.0626762044	-0.115587765	-0.0437720682	-0.0545026816	0.0154374528	-0.0610988647	0.0565163879	0.0344518895	-0.0015915375	0.0375738305	-0.0062000668	0.0478777759	0.052756568	0.0064587952	-0.0063582275	0.0057148794	-0.0610289138	0.0359208828	-0.0500436514	-0.0799532077	-0.0203054443	0.0620868871	0.0749343514	0.0038462256	-0.0715501408	0.0221194918118072	-0.0010115143385433	0.0004892719180126	1.0231612570788916e-06	0.069132375227781	0.0046912255434107	2.200759709914992e-05	0.0047792853046347	-0.4566249440415433	0.055708013663839	0.2085063395209425	0.0031033827863704	0.0011967980725263	-9.34792398611e-05	8.738368285009065e-09	1.432325626402667e-06	0.0009562539617176	0.0003562733578272	9.144216393006052e-07	1.2693070549753932e-07	0.0004239277260351	-0.0003201858657436	1.0251898862197865e-07	1.7971471690129077e-07	0.0	0.0	0.0
1813.778098949588	-7.2158026732167855	52.0678082188025	3289790.9922291813	2504.9325802390144	-2.444028423207328	5.973274933445299	6274687.231542886	1955.840897087037	-2.3207282118908097	5.385779433465915	3825313.614718226	2087.9246364615387	1512.660195484231	1.312366	34.316055	0.1263189817900354	0.0622689456200322	0.0698636505	0.0774749795	0.0032219385	0.0213962114	-0.0769837319	-0.1026789202	0.0563971408	0.0773492483	0.0900046218	-0.0029667663	-0.022737048	0.023994	-0.02269534	0.0158791281	0.1073483987	0.1292087473	0.0609788667	0.0512060797	-0.0015516205	-0.0286588805	-0.0835216019	-0.0225270886	-0.0659506899	-0.0006021968	-0.0441653575	0.0613730945	0.0237442418	-0.0518923832	-0.0372816666	-0.0215797863	0.0023717267	-0.0174375431	-0.0300743572	-0.0592172789	-0.0075062419	-0.0078578714	-0.0043624661	-0.0341546003	-0.000724225	0.0066625889	0.0345398684	0.0109817388	0.0176770703	-0.1074857676	-0.0296922533	0.0448300572	0.0500640402	0.0169896314	-0.0528329887	-0.0433543038	0.0582612906	0.0196653532	0.0567663573	-0.0107302809	0.0534456614	-0.0269905923	-0.0636128959	-0.005923639	0.0771771733	0.1183686033	-0.0295414987	-0.0388314902	0.0494673466	0.1438643581	0.010067773	-0.002617951	0.017260046	-0.0819082119	-0.1072706242	-0.0150312593	0.0448006605	0.0010328827	0.0839520507	-0.0157920768	0.0653609353	0.0051328381	-0.0284316681	-0.0141748665	0.0462481581	-0.00742137	-0.066457479	-0.0092190967	0.0307055911	0.0173623947	-0.0033578197	0.0752776364	-0.1137408077	-0.0345211903	0.14192135	0.0803760019	0.1287198996	0.0279965938	0.001135852	-0.018451522	0.0162717323	-0.0054381236	0.0339087055	0.0719766556	0.0867163426	0.0025229073	0.0283619897	0.0654781349	0.028333557	-0.0686345218	-0.0327586819	0.0773541261	-0.0459784024	-0.0419695911	0.0652241682	0.061535182	0.0889048774	0.0145984473	0.0256185412	-0.1083934146	0.0563593903	-0.0793774402	-0.0433511126	0.0313093994	-0.0558132115	-0.0566112154	-0.176955148	0.0249374635	-0.0337107295	0.0742123671	0.0347569034	0.0387843233	0.0533969479	0.037312726	0.0603321714	0.0583983165	0.0976672181	-0.0564655699	-0.017690422	0.0030393195	-0.0541935573	-0.0620690013	-0.0394769408	0.0024353719	0.0351510839	-0.0513837948	-0.0793936715	-0.0169759185	0.064777029	0.0727503781	-0.0021373389	-0.0745906743	0.0302860989432929	0.0081666071314857	0.0009172477892029	6.66934720400331e-05	0.0973105739434601	0.0281781987156791	0.0007940108828602	0.0094693478012056	-0.511860264161129	-0.0552353201195856	0.2620009300271007	0.0030509405887131	0.0014326086157032	0.0002358105431768	5.560661227338457e-08	2.052367445787039e-06	0.0011659828291703	0.0002097288674527	1.359515957919977e-06	4.398619784299221e-08	0.0006731654318712	0.0002492377058361	6.211943401044234e-08	4.5315169866633924e-07	0.0	0.0	0.0
1819.266889193486	5.488790243897938	30.126818341509185	3309732.014115744	2484.6836094180285	-20.24897082098596	410.0208193091409	6173652.638910602	1957.0743117445093	1.2334146574721672	1.5213117172671835	3830139.8616902446	2086.7687005066737	1531.668639012289	1.161118	30.361185	0.0893720261284553	0.0469283332957439	0.0554433213	-0.0280703635	-0.0429043187	0.0198645696	-0.0094098322	0.0252303847	-0.0667156595	0.0449372613	0.0847069136	-0.0436341216	0.0358582682	-0.001617587	-0.0272579473	-0.0141823899	-0.0012328902	0.0022517998	0.0559302044	0.0382783074	0.0396153803	-0.0130573769	0.0162646926	-0.1211974562	-0.0833296538	-0.0861110163	0.0227069261	-0.0134854739	0.0076921475	-0.0201563385	0.000408979	-0.0378231457	0.001501807	0.1200549681	-0.0638916388	0.0772583938	-0.0460392978	-0.0615919302	-0.0903545251	0.0114383077	0.011896363	-0.0699381314	-0.015701888	-0.0033229888	-0.0448358747	-0.0252745721	0.0148776518	0.0415957738	0.0752010136	0.0528070533	-0.1071304646	-0.0204582373	-0.0127287782	-0.032134713	0.0335389727	0.1101964119	-0.0276471584	-0.0610132385	0.0058273914	0.0698679316	-0.017812312	0.0098035325	-0.0806484246	0.0199459874	0.0569647095	0.0272836887	-0.0423057378	-0.0125568513	0.0608357798	0.0748493783	-0.0926098842	0.0650639892	0.0365568131	-0.0294841952	0.0104491016	-0.0331607088	-0.0919068329	-0.0653810738	-0.0383583411	0.0194711721	-0.0179950157	-0.0234824978	-0.1184358634	0.0041211069	-0.0352238465	0.0273066249	-0.0467101584	0.1013577374	-0.0212197474	-0.0407203483	-0.041329386	0.0017978218	0.0002331872	0.0245422363	0.0491002697	-0.0162933603	-0.0010718287	0.0743911022	-0.0320891284	0.0045614108	0.0162806177	-0.0227283913	-0.0992088852	-0.0787043442	-0.0335682593	-0.0215860044	-0.062724934	-0.0849481279	0.0800086924	0.0735644735	0.0165328764	0.1321992621	-0.0301519467	0.1250745742	0.0215384372	0.0774631245	0.0619850038	-0.0862704122	0.0991215152	0.006155805	0.1051521177	0.0671467585	-0.0989613115	-0.0158700833	-0.0662312072	0.0087800286	0.0351699651	0.0477627024	-0.0682299409	-0.0255921665	-0.0403754328	0.0549197439	0.113084741	-0.031653244	-0.0707398329	-0.0692929722	0.0100396604	0.0824180448	-0.025189194	-0.0608295864	0.0343774302	-0.0527013995	-0.0787557834	-0.0136166111	0.0672896215	0.0702792922	-0.0081094236	-0.0771080077	0.0079012124926975	-0.0223848864505954	6.242915885475904e-05	0.000501083141406	0.0782873895859808	-0.0190231843574792	0.0003618815430986	0.0061289153681871	-0.5462386683906146	-0.0343784042294856	0.2983766828451518	0.0011818746773659	0.0013130207155258	-0.0001195879001773	1.4301265868839751e-08	1.724023399399884e-06	0.0011740419884662	8.05915929589997e-06	1.3783745906816688e-06	6.495004855669089e-11	0.0008172293942158	0.0001440639623446	2.0754425246426327e-08	6.678638827703235e-07	0.0	0.0	0.0
1823.340904697013	4.074015503527107	16.59760232297923	3324572.054741322	2480.191837939266	-4.49177147876253	20.176011017424525	6151351.552980554	1956.105635275052	-0.9686764694572504	0.9383341024801632	3826349.256354815	2075.876624492113	1528.777046840171	1.058173	27.669359	0.1329911316319541	0.0821967462537265	0.0239590463	0.0069183815	0.0035928367	-0.0254932137	0.09088135	0.0153207092	-0.0586180884	-0.0107833959	-0.0667984518	-0.0869927115	0.0934017522	0.0093965072	-0.0013452652	0.0140048323	-0.0189348332	-0.0037968049	0.0092281021	-0.0014225782	-0.0201902609	0.0429312041	-0.0155646359	0.0266428077	-0.1038269661	-0.0117850545	0.0238077161	0.0997434454	-0.0362706902	0.0180872013	-0.0083162617	0.0004657505	-0.1002822229	-0.0447760347	-0.0550312424	0.0112772875	-0.1138102072	-0.0303137705	-0.0081153635	-0.0401680937	-0.0248513927	0.0476620848	0.0240326033	0.0594031278	0.0324567986	-0.0850916717	-0.0054371902	0.0141426276	0.0697598526	0.0985070393	0.0672878239	-0.0525856315	-0.0284621054	-0.0223890574	0.0145262566	-0.0009145289	-0.0439679679	-0.0082533059	-0.0724546204	-0.035897594	0.0516757145	-0.0240708455	-0.054240299	0.0048306595	-0.0297788551	-0.0456065152	-0.0608982585	-0.0735751509	0.0633795644	0.0976323471	0.0217415851	0.0215592683	0.0509457049	0.0864195313	-0.0774133656	0.0378044613	-0.013719977	0.1066600114	0.0302576812	-0.0568255654	-0.0664162053	-0.0292627527	-0.0639282853	0.0555823114	-0.0126994227	-0.0026034637	-0.044696626	0.1053732467	-0.0263273156	-0.0571427121	0.0131641615	-0.0916934243	0.0495941104	-0.0125641561	-0.0237641371	-0.0212562881	0.0313419102	0.0677375939	-0.007077698	0.0267490689	-0.0162847573	-0.0004961515	-0.0557517046	-0.0319208368	0.0293404169	0.0033629014	-0.0225850526	0.0394205241	-0.0188142905	0.1275502614	0.017641097	0.0267762974	-0.055160067	-0.0197190642	-0.0459665827	-0.0303585712	0.0350850552	-0.1079858831	0.0159212314	0.1144657221	0.0180965774	0.0098536161	-0.0561565287	-0.0801792826	-0.0903180746	0.0105224804	-0.0684704069	0.0797895198	-0.0564983824	0.0498487447	0.1068237533	0.0585008087	0.0205824951	0.0159671629	-0.0634143749	-0.0390496496	-0.0283104985	0.1350624592	-0.0392668569	-0.0647288878	0.0336000067	-0.0539958877	-0.0780401729	-0.0102334157	0.0696177779	0.0675308461	-0.0140379523	-0.0790844839	0.0013600393350117	-0.0065411731576858	1.849706992779067e-06	4.278694627882922e-05	0.0770581250888824	-0.0012292644970983	1.511091203826577e-06	0.0059379546422138	-0.4792756494657197	0.0669630189248949	0.2297051481707874	0.0044840459035358	0.0009270674427332	-0.0003859532727926	1.4895992877931918e-07	8.59454043375875e-07	0.0016592442524876	0.0004852022640214	2.7530914894131347e-06	2.354212370114925e-07	0.0005232314299843	-0.0002939979642315	8.643480297226637e-08	2.737711293234154e-07	0.0	0.0	0.0
1820.024159451256	-3.31674524575692	11.00079902525113	3312487.940986251	2488.4600259481263	8.268188008860307	68.36293294986136	6192433.300741749	1957.6634410948263	1.5578058197743303	2.4267589721227734	3832446.1485992367	2081.369206094833	1527.411130902828	0.989687	25.878574	0.0790885213699197	0.0436470010890657	0.0379120271	0.0285954837	0.0059159119	0.0510461129	-0.0079642104	0.0171344006	-0.0069812269	0.0765391631	-0.0431068613	-0.0009943132	-0.0809807337	0.0298856038	-0.0194981585	0.0250634414	-0.0056210684	-0.0608842614	0.0557859857	-0.0203504857	-0.0343190446	0.0321003661	-0.0887279605	-0.0561664299	-0.1190667687	-0.0073971376	0.0539987069	0.0196966473	-0.076062157	-0.0449636821	-0.0744779943	-0.0990448407	-0.0354887189	-0.0654769307	0.0054092451	0.0358096353	-0.0270535684	-0.0616036257	0.023346516	0.1120127438	-0.0886605563	-0.035663957	-0.0147983353	-0.0094747279	0.0027515878	-0.066602844	0.0278011412	0.0034786035	0.0904445903	-0.0265047386	0.0239323325	-0.0262644063	-0.0154493854	0.0152116072	0.1218387436	0.0610110787	-0.1133471969	-0.0096732282	-0.0450709018	0.0664970961	-0.0254884348	0.0621493657	0.0771846811	-0.0202752198	-0.0038446591	-0.0258994527	0.0117681703	-0.0384971039	0.0285643067	-0.0048219474	-0.0115375829	0.0488992131	0.0078000861	0.0902720668	0.0310918743	0.0083586868	0.0689957665	0.0227327811	0.0075068181	-0.0700361841	0.0395004285	-0.0018377488	-0.1380098282	0.0414578284	0.0037985524	-0.1629378012	-0.0610707795	0.0021859212	-0.0790097311	0.0297732845	0.039785398	-0.042236099	-0.041218157	0.0052546558	0.0467786592	-0.0391251198	0.0284068832	0.0763563009	0.0177914213	0.027176164	-0.0087572542	-0.0540423271	0.0436141166	-0.0140675834	-0.055758834	0.0289332855	0.1122253496	-0.0516890353	-0.0098077626	0.0459353493	0.050523907	0.1366654206	-0.0053218501	0.1266418791	-0.0562215409	-0.0395160722	0.0087909637	-0.126927786	-0.0358830165	0.0062096931	-0.009471222	-0.010771904	-0.1508984768	-0.0289290158	-0.0316288395	0.0201209629	-0.0645613685	0.038624103	0.0526666663	0.0774774356	-0.0302975402	0.0260293285	0.1168803101	-0.0080626676	-0.0295034393	0.0379347608	-0.0471117557	0.0151574076	-0.0530255215	-0.0284183545	0.0328188985	-0.0552666915	-0.0772475461	-0.0068322673	0.0717551168	0.0645158866	-0.0198910824	-0.0805062393	0.0230721161783975	0.0217120768433858	0.0005323225449494	0.000471414280853	0.1015993272623632	0.0245412021734807	0.0006022706041196	0.0103224233001647	-0.4833000143807879	-0.0040243649150681	0.2335789039004698	1.6195512969631802e-05	0.0009279168706946	8.494279613999655e-07	7.215278616081013e-13	8.610297189196589e-07	0.0018040439365383	0.0001447996840506	3.2545745249606057e-06	2.096694850118252e-08	9.266299323670092e-05	-0.0004305684367475	1.8538917872327122e-07	8.586430315584882e-09	0.0	0.0	0.0
1819.5281002765423	-0.4960591747137641	0.2460747048177007	3310682.507695963	2489.976673111605	1.516647163478865	2.3002186184884867	6199983.832639937	1960.5508466104825	2.8874055156561558	8.337110611841588	3843759.62214508	2084.4613195240613	1540.3498459884513	1.026833	26.849869	0.1116015667290257	0.0525442096289876	-0.0149854865	-0.055030029	-0.069550234	-0.0117922635	-0.0216254276	-0.021014388	0.0082471058	-0.0156025813	-0.0438598312	0.0173173306	0.0914595689	0.0070547313	-0.0253033378	0.0638757604	-0.0057288033	-0.0644993061	0.057749933	-0.053176748	0.0223435755	-0.0442418877	0.006369191	-0.0200387355	-0.0535098181	-0.0582923005	0.0272657817	0.1295046947	-0.0728836927	0.0747545498	-0.033128942	-0.051637209	-0.0669691295	0.0262515535	-0.060349491	0.0914550536	-0.0649877151	-0.0543084369	-0.0492613448	0.0226706554	-0.0097699304	-0.0411045412	0.0535848807	0.0440668835	0.0003688647	0.0451976077	-0.0162474584	0.0305824893	-0.0757422742	-0.0353484444	-0.0197832744	-0.046833329	-0.1034325719	0.0673732737	-0.0754571097	0.0053815429	-0.0146521292	0.0423948311	0.0594845182	0.009612033	-0.0377781555	0.0096027709	-0.0128163682	-0.0067120441	-0.0309937552	-0.0652131695	-0.0480810005	-0.0246179624	-0.0779769518	-0.019168452	-0.0190419633	-0.0049234484	-0.0387200591	-0.0369555926	-0.1065494341	0.044297922	0.0146116699	0.013294086	-0.0315207347	-0.0449760423	-0.0706185008	-0.0526310633	-0.0877833212	0.1012854162	-0.0296835491	-0.0384464111	0.0099710147	-0.0336856017	-0.0628627869	-0.0807963273	-0.0105435471	-0.0608845737	-0.0838060255	0.0177084648	0.0046197742	0.0182563751	-0.0170603027	0.0579111584	-0.0139138308	0.0058697354	0.0921063379	0.01830517	0.0333856602	-0.0279504116	-0.0079068386	0.0822919149	0.0355903543	0.0927430141	0.021088599	0.0393224421	0.0222190961	0.0613337379	-0.0204645427	0.0207383542	-0.0131351816	0.0309238917	-0.0047816022	-0.1133426391	0.0549644327	0.0633730809	0.052542957	0.0640240526	-0.0468667635	-0.0014389173	-0.0576686646	0.0700299776	-0.0682040186	0.0880771191	-0.0471202256	0.0199779878	0.0583727925	0.0620638034	0.072380071	0.0675097168	-0.008043953	0.0643044961	-0.0366390297	0.09080504	-0.0917980125	0.0652899242	0.0320341914	-0.0565132535	-0.0763786853	-0.0034191328	0.0736957799	0.0612463124	-0.0256373767	-0.0813633012	0.0052885198515468	-0.0177835963268506	2.796844222020459e-05	0.0003162562983163	0.076555645307252	-0.0250436819551112	0.0006271860058687	0.0058607668284097	-0.458363195970449	0.0249368184103389	0.2100968194202442	0.0006218449124302	0.0005110824155483	-0.0004168344551462	1.7375096299711273e-07	2.6120523548268524e-07	0.0019216126930226	0.0001175687564843	3.69259534198557e-06	1.3822412501264654e-08	0.0004350091823406	0.0003423461891038	1.1720091319396265e-07	1.892329887206374e-07	0.0	0.0	0.0
1817.467346502306	-2.0607537742362183	4.246706118028818	3303187.5556021337	2486.8901119305256	-3.08656118107956	9.526859924547248	6184622.428817822	1953.322230421652	-7.228616188830529	52.2528920054228	3815467.735859418	2079.9743937680187	1549.3052654620649	1.059322	27.699396	0.1089530614024088	0.0518748932212853	0.0465204065	0.0373496732	0.0365600291	0.0540088452	-0.0290644938	0.0881161527	0.0060067476	0.0074707774	0.0256864793	0.0083921525	-0.037055247	0.0566194666	-0.1185618444	0.0497080085	0.0729748324	-0.0700799249	-0.006382689	0.038533912	-0.0191279235	-0.0518083755	-0.11872333	-0.0458965562	-0.064223985	-0.0246304853	-0.0203536667	-0.0242745784	-0.0783671477	0.0490640347	0.0025248813	-0.0504089218	-0.0516722495	0.0444510271	0.00188732	0.0507894522	-0.0223113304	-0.0232828355	-0.1137643808	-0.0462505765	0.0527575597	-0.0374023186	0.0026118988	-0.0224000463	0.0363972335	-0.0154310055	0.1046129605	-0.0307637934	-0.0861012274	0.0758721189	0.0359813156	-0.0026633684	0.0011958825	-0.068298009	-0.0947578847	0.0205888752	0.0012856398	0.0480996876	-0.0654595859	0.0115718095	-0.0176502866	-0.0112885788	0.006778565	-0.0897690421	0.067055599	0.0324907795	-0.0065756691	-0.0886980177	-0.034261068	-0.0001220993	-0.0131993868	-0.002672908	0.0566376149	-0.0263569809	0.0248653013	-0.0591394575	0.0951938125	-0.0380340835	0.0065765991	-0.0923407984	-0.0188976464	0.0014037115	-0.0378571208	0.0216912647	-0.0337442712	0.0307731428	-0.0489009654	0.0709555056	0.0313076385	-0.1027431062	0.0282012887	-0.019659663	-0.0443027225	0.0272327262	-0.0174690833	0.0410275158	-0.0279210129	-0.0424069381	0.0117333015	0.0056255131	0.0989098917	-0.0093389826	-0.0117675896	-0.0393581939	-0.0459285974	0.1359694268	-0.0078171894	-0.0283544199	0.0126524343	0.067961098	-0.1339082518	-0.0039802875	-0.0121951625	-0.007314927	0.0059925287	0.0362038075	0.0356499169	-0.1070468365	-0.0571750801	0.1290294026	0.0127053359	0.0157019613	-0.098423927	-0.0468191882	-0.0330729614	0.0145222632	-0.0363429777	0.0299626235	-0.1417858918	-0.0694509114	0.0459832431	0.012317322	0.1135660972	-0.0104624642	0.0367693843	-0.0091636768	0.017864587	0.0248763067	-0.0553544107	-0.0168916118	0.0312459714	-0.0577350269	-0.0754344479	-0.0	0.0754344479	0.0577350269	-0.0312459714	-0.0816496581	0.0270339400834274	0.0217454202318806	0.0007308339164343	0.000472863301061	0.1107593865891232	0.0342037412818712	0.0011698959176771	0.0122676417175988	-0.448959506656152	0.009403689314297	0.2015646386169353	8.842937271982407e-05	0.0009867698866462	0.0004756874710979	2.2627857015951545e-07	9.737148091917544e-07	0.0016861370127967	-0.0002354756802259	2.843058025922979e-06	5.544879597785036e-08	0.0002741681221772	-0.0001608410601634	2.5869846634486473e-08	7.516815921817207e-08	0.0	0.0	0.0
1818.024205175387	0.5568586730807965	0.3100915817853054	3305212.0106035974	2482.7248848516824	-4.165227078843145	17.3491166183282	6163922.853861799	1957.910554660587	4.588324238935002	21.052719321598463	3833413.7400513273	2082.2988370527046	1525.7405457676691	1.083526	28.332279	0.1212021295559276	0.0535597967710919	0.0129574103	-0.0411694666	0.0471983668	0.0898430175	0.0250336222	-0.057618211	0.0342868763	0.0536815823	0.0061698361	-0.0453642097	-0.0409021115	-0.0304412172	0.0014263527	-0.0043671195	-0.0880374583	-0.0318554421	0.0401387684	-0.027884821	-0.0052451439	0.0239599317	0.075050888	0.041445245	-0.0916723606	0.0387012674	-0.018383035	0.0438713869	0.0158999319	-0.0292494917	-0.074577766	-0.0048339876	0.0687812284	0.0478442113	-0.0188172787	-0.007420319	-0.0474469068	0.057185237	0.0369257838	0.0250255047	-0.0270701485	-0.0334866245	0.0404947796	0.0022783458	-0.1572805371	0.0357829026	-0.0062441398	0.091390741	0.0294014497	0.0497775322	-0.0218138214	-0.0125098292	-0.0901939579	-0.0525225319	-0.0458982549	-0.0313179214	-0.0161427062	-0.0486185466	-0.0284377571	0.0497831753	-0.0087620255	-0.008368457	0.0791403341	-0.0085582411	-0.0764132896	0.018583006	-0.0108638956	0.0188891171	0.0940216271	0.0071757693	-0.0427220477	-0.0126514932	-0.0586278598	0.0597784421	0.065097628	-0.0157427054	-0.0464005183	0.0391547396	-0.0162503759	-0.0444085775	-0.0001177559	-0.0757918263	-0.0562348728	-0.0085713122	-0.038878014	0.0100921305	0.0250654897	0.0333323962	-0.0465875468	-0.0354793403	-0.0781299391	0.0602672122	-0.0404339441	0.0699228406	0.0550319464	-0.0448136501	-0.0486234172	0.0772176651	-0.0206567472	-0.0973545334	0.0241710676	0.0248979048	-0.0047848942	0.027480856	0.008140815	-0.0723558064	0.0293287668	0.0571988818	0.0066058094	-0.0429702812	0.0334760178	0.0681440969	0.0971366309	0.0330317956	0.0120118467	-0.0558584396	-0.0028704274	-0.0516191073	0.0398617933	-0.0469923366	0.0240179352	-0.0093830176	-0.0400174283	-0.1005599941	0.0665732755	0.0534124688	0.0613260457	-0.1029168883	0.0079921656	0.03050312	-0.0012995129	0.0369692832	0.0013920694	0.0163085294	0.0236191033	-0.0840504995	0.025033728	0.0038344155	-0.0412291015	-0.0259879487	0.0304543249	-0.0589314758	-0.0744157659	0.0034191328	0.0769663555	0.0539958877	-0.0366867426	-0.0813633012	0.0552601032997301	0.0282261632163027	0.0030536790166968	0.0007967162899133	0.1015202809757767	-0.0092391056133464	8.536107253457073e-05	0.0103063674494006	-0.4306508341380635	0.0183086725180884	0.1854601409438098	0.0003352074893746	0.001433935930387	0.0004471660437407	1.9995747067479905e-07	2.0561722524548317e-06	0.0009630976872443	-0.0007230393255524	9.275571551753194e-07	5.227858662952695e-07	0.0001358097273066	-0.0001383583948705	1.9143045431168863e-08	1.8444282031093058e-08	0.0	0.0	0.0
1823.9170764601563	5.892871284769399	34.72593197885974	3326673.501802964	2492.934138857085	10.209254005402729	104.22886734683162	6214720.620679117	1958.426634540708	0.5160798801209694	0.2663384426656741	3835434.882878444	2081.593251040515	1510.9163481309265	1.142958	29.886326	0.1252400205241097	0.0617361027203293	-0.0408163907	0.0112542665	-0.0906885763	-0.0245777112	0.0526025869	-0.0455355902	-0.1023049001	-0.0601458221	0.0120546446	0.0043379237	0.0439404869	0.0437722926	0.009733254	-0.0705279764	-0.0715546214	-0.0335415214	-0.0437554183	-0.0241641493	0.0677849114	-0.0266852315	-0.0121762573	-0.0063865733	-0.0294623576	0.0049047088	0.038329939	-0.0679972337	0.0241981817	-0.0152107891	0.07184927	0.0815737753	-0.0512944028	0.066917381	-0.080074481	0.0625296749	0.0286447531	0.0964053626	-0.0131811101	0.0562612559	0.0841539382	-0.0659184069	0.0913723764	0.0496467511	5.96522e-05	-0.106570672	-0.0376917383	-0.0523280264	0.1011159646	-0.008394453	0.0519307972	0.0565659777	0.1165190751	-0.0446199188	-0.0225968497	-0.0683884815	0.0665547548	0.0401653024	-0.0736683515	0.0019912393	-0.0325603373	0.0479451242	-0.0633451076	0.1141396761	0.0227986593	-0.059974315	0.1133619697	-0.073295255	-0.1102322135	-0.0623142707	0.0482929514	0.0519442392	0.0242392603	-0.043715302	-0.0507826413	-0.0131412096	-0.0686403617	-0.0219305908	0.1249873735	-0.0730534884	-0.0338214431	0.0495010745	0.0124274906	-0.02337791	0.0247651951	-0.0056017297	-0.0485391699	0.0285333798	-0.0603962653	0.0598234038	0.0194104576	-0.017190291	0.0427993321	0.0478632422	0.0365610965	0.0119505124	-0.048567859	-0.0574574835	-0.0286243667	0.0622232176	-0.1005325964	-0.0304971369	-0.0437581059	-0.0247223938	0.1585710827	0.0737307985	-0.0031320751	-0.0523495585	0.0116881984	0.0780042349	-0.0876265619	0.0234911964	0.0701557345	-0.1332107177	0.0153053878	0.0360338974	-0.0226989879	0.0049025281	0.0394135795	0.0673173531	0.0162105349	0.0503087703	0.0375893262	-0.0161156377	0.0714275632	0.0434241729	0.0058370165	-0.0587285109	0.0791674891	-0.0996228131	0.0265474131	-0.0522379339	-0.1110475777	0.0412944497	0.0107592465	-0.0345051208	0.0361817772	0.020176898	-0.0344632521	-0.0218630904	0.0296593388	-0.0601020755	-0.0733236445	0.0068322673	0.0782873035	0.0500436514	-0.0419304676	-0.0805062393	0.0445838146182211	-0.010676288681509	0.0019877165259119	0.0001139831400109	0.0858333554854908	-0.0156869254902859	0.0002460796313377	0.0073673649138986	-0.3870189002183437	0.0436319339197198	0.1497836291262162	0.0019037456575747	0.0007952841725005	-0.0006386517578864	4.078760678515165e-07	6.324769150298051e-07	0.0008621993567066	-0.0001008983305376	7.433877307052749e-07	1.0180473105294956e-08	0.0005011570875343	0.0003653473602277	1.334786936253488e-07	2.5115842638586204e-07	0.0	0.0	0.0
1821.9070587478457	-2.010017712310628	4.0401712038024495	3319345.330715226	2501.378895258995	8.444756401909672	71.31391068759439	6256896.377647109	1957.0151802123064	-1.4114543284015326	1.9922033211634216	3829908.415581406	2083.191575292876	1539.8257158862543	1.166794	30.509613	0.0635025204860394	0.0337938967174381	-0.0076718338	0.0614006951	0.0853039644	0.0704241608	-0.0122007002	0.0569965358	0.0072341444	0.0372971837	-0.0337903206	0.0941268617	-0.042879366	-0.0183128433	-0.0458503508	-0.0191587949	-0.0333580054	-0.0398333032	-0.0006138195	-0.0299359164	-0.0163120239	-0.0307074272	-0.095379665	-0.0460795795	-0.0177100578	-0.0158797757	-0.0226055703	-0.0057008747	0.0642176838	0.0563927157	-0.0002437463	-0.0122928893	-0.048760814	0.0636181246	0.0475191105	0.0222729646	0.0858751013	0.0139231964	0.0493697863	-0.0421408965	-0.1169896564	0.0260817529	0.0318304594	-0.0621847863	0.0250553516	-0.0673969941	-0.0172010438	-0.087658224	-0.026275792	-0.0307103437	0.0378952305	0.0920438548	-0.0400302316	0.0315820992	0.0277420946	0.0440872895	0.0201019628	-0.1214292253	-0.1033601788	0.0603690463	-0.0376830583	-0.0551787185	0.0499120733	-0.0116206031	0.0155829156	0.0063039557	-0.0240980859	0.0561562347	-0.0012164229	0.0173141325	-0.0016862424	0.0446874853	-0.0063980351	0.0009962498	0.0361279939	-0.0304521101	0.0922564414	0.0186212455	-0.0362100503	-0.0333569281	0.0885796673	-0.0088283078	0.0075027199	0.0064708245	-0.0309219455	-0.0316689413	-0.0692001626	0.0290458502	0.0167918939	0.0672001429	-0.0647332308	-0.081732295	0.0552186915	-0.1415888333	0.0484055177	0.0175779815	-0.0644303348	-0.0107291135	-0.037378618	0.0443332074	-0.0078756558	-0.0610447617	0.0272757202	0.0842146702	0.0114918657	-0.0206234646	0.0322259747	-0.0806523779	0.0233729074	-0.006226962	-0.028174159	-0.0829517795	-0.0417551568	-0.0314474329	0.0565658334	0.0109070024	-0.0393888663	-0.041849192	-0.0301347981	0.0182014206	-0.1112405602	-0.0620660995	-0.0687588098	-0.0421839855	0.0236036704	0.0500700259	-0.0870421749	-0.0410710391	-0.0275996326	-0.0855808099	-0.0385778185	-0.1173939712	-0.0638419146	0.0479169057	0.0022262376	0.0289912282	0.0520243179	-0.0211129601	0.007423754	0.0504526836	0.0288611001	-0.0612463124	-0.0721591615	0.0102334157	0.0793936715	0.0458939156	-0.0469489822	-0.0790844839	0.0266356210980092	-0.0179481935202119	0.0007094563112767	0.0003221376506389	0.1146311356314981	0.0287977801460073	0.0008293121413377	0.0131402972561669	-0.3894204840582489	-0.0024015838399052	0.1516483134041609	5.767604940094004e-06	0.0006662577582481	-0.0001290264142524	1.664781557483194e-08	4.438994004257837e-07	0.0008052012125185	-5.699814418809999e-05	6.483489926412627e-07	3.2487884408874366e-09	0.0006022317886921	0.0001010747011577	1.0216095214138564e-08	3.626831273112861e-07	0.0	0.0	0.0
1817.2896631223152	-4.617395625530435	21.3203423626676	3302541.719691218	2483.999975211776	-17.3789200472188	302.02686200762344	6170255.876852104	1953.978067473164	-3.037112739142458	9.224053790261404	3818030.28816616	2081.338854233576	1530.5523798033032	1.093376	28.589851	0.0827697232364661	0.0367240055384918	-0.0408132232	-0.0094906509	0.0099082485	0.0156554718	-0.0428382897	-0.0869246228	-0.0003775448	-0.0161135786	0.0369806628	-0.0115489139	-0.0211535425	-0.0546971556	0.0265103326	0.0317554253	0.0031301087	-0.0720201766	-0.0337546095	-0.0295373258	-0.0295523446	0.0129350784	0.0731477086	-0.0260524599	-0.0373085608	0.0029239547	-0.0861365307	0.0361148147	-0.0528845151	-0.0226895501	-0.0152825219	0.0624969727	0.0330987829	0.0469115913	-0.0506259668	-0.0103313172	0.0576378158	-0.0573981311	0.0437388327	0.022200085	0.0881491891	0.0252979636	0.0001715651	-0.0245154794	-0.0195548044	-0.0304903336	-0.020386525	0.0211900135	-0.0387577652	-0.0447518351	0.1093893271	0.0147384519	-0.0494414484	-0.0186853196	0.0173766563	-0.0910062141	0.0084258462	-0.048064851	0.0009441697	-0.1390688771	-0.016043273	0.0102800368	-0.0123919558	0.0310934811	-0.0584263837	-0.0255363431	0.0506250343	0.1027136064	-0.0906264517	0.0035267461	-0.0131936044	-0.0001741733	-0.0273580645	-0.0364815284	0.0143518186	-0.021821123	-0.0381200845	0.08543356	-0.0391630535	0.0326086045	-0.0479789878	0.00214308	-0.049093197	-0.0670908099	0.0478136908	0.0263957673	0.0335453734	0.0061782837	-0.0870940373	0.0148281716	0.0853503366	0.0419941697	-0.012455389	0.0499975019	0.0214204412	0.0089935086	-0.0517948852	-0.0947317047	-0.0566858388	-0.0542193405	0.0248539593	-0.0028784748	0.066769239	0.0266092179	0.0256612577	-0.0426245972	-0.0017411549	-0.0267415496	-0.0177265351	-0.0458401742	0.0233227218	-0.0799461452	-0.035567515	-0.1176874474	-0.029990763	0.0238014946	-0.022987962	0.0099531169	0.047298748	0.0303493225	0.0076763796	-0.0130161269	0.0271429687	-0.0300438834	0.0322549137	0.0930911791	0.0353031725	-0.0530363766	0.115526319	-0.0061134277	-0.0973332809	0.0128921141	-0.054443295	0.055406813	0.0033160141	-0.0027300722	0.0193242541	-0.0070106883	0.0022996105	-0.0040097997	0.0280596966	-0.0623636846	-0.0709234662	0.0136166111	0.080282427	0.0415630576	-0.0517153317	-0.0771080077	0.052441128590047	0.0258055074920378	0.0027500719677978	0.0006659242169216	0.1014479103949383	-0.0131832252365597	0.0001737974276378	0.0102916785234994	-0.3867500158203754	0.0026704682378735	0.1495755747370606	7.131400609491387e-06	0.0008544326665922	0.000188174908344	3.5409796130310426e-08	7.300551817398576e-07	0.0005071140519714	-0.0002980871605471	2.571646617068518e-07	8.885595528303261e-08	0.0002662834121834	-0.0003359483765086	1.1286131167883123e-07	7.090685560403451e-08	0.0	0.0	0.0
1823.146067579565	5.85640445724971	34.297473166894264	3323861.583730832	2477.835008409288	-6.164966802487925	38.006815675778185	6139666.328898657	1958.213126114973	4.235058641809019	17.935721699561253	3834598.647288975	2075.777101243203	1504.896794290113	1.044154	27.302792	0.0632231684514543	0.0306177285192305	-0.0029860137	0.0020198559	-0.0590936094	0.043536752	0.0894194337	-0.0111875933	-0.0487647384	-0.0311789752	-0.0882671937	-0.0731064562	0.0907610261	-0.0628788644	0.0165576438	0.0900284147	0.0126319692	-0.0052119863	0.0051626229	-0.0051189234	-0.0417573079	-0.0354266443	-0.033514804	0.0891376305	-0.0325926684	-0.0100775328	0.0373445218	0.1233875959	0.0102558356	0.0494609513	-0.0184457032	0.0667863904	0.067566234	-0.0870451372	-0.0330781524	0.0609296784	0.0309844958	0.0091861166	0.0952266394	-0.1197785414	0.0104492107	-0.0462356392	-0.0675469962	-0.0106170989	-0.014891453	-0.0426160194	0.0031627449	-0.0684459699	0.1018171855	0.0573054006	0.0298152929	0.0491091999	-0.0745093279	-0.0512229142	0.0063514091	-0.0802149497	0.0786965972	-0.0673156147	0.0860111878	-0.0512089834	-0.0756247769	-0.131573626	0.1291207008	0.0291095133	0.0061780167	0.1023151119	0.0223384326	-0.0396731576	-0.0113664855	0.022806167	0.0400109578	0.0107877949	0.0121018094	0.0831842859	-0.1250177487	0.0133134799	0.0713450043	0.0638661128	-0.0195695232	-0.0180056886	-0.0072333289	-0.0328807229	-0.0321286199	0.09143812	-0.0932598577	0.047681296	-0.0150603546	-0.0253835148	-0.0004127959	0.0086851321	0.0145941217	0.0239060626	0.0560387337	-0.015471778	0.0648629984	0.0163615601	0.0402025692	0.052765261	-0.0388944138	0.0366637793	-0.051499184	0.1384347553	-0.0673894308	-0.0224768318	0.0510143479	-0.0339160668	-0.0753314275	-0.0268078632	0.0445838396	0.027740079	0.0006489893	-0.0735539322	-0.0496787848	0.0391940728	0.0495244578	0.0162594259	-0.0009265242	-0.0119928897	-0.085425477	0.0127188085	-4.19761e-05	0.0398636067	-0.0100965492	-0.0559876454	-0.0099913788	0.0686035906	-0.0568436773	-0.0038348411	-0.0003898656	0.0468911861	0.0667098524	-0.0174591774	-0.132390981	0.101284034	-0.0652440645	-0.0446165663	0.0447708969	0.0299749943	-0.045734334	0.0693258158	0.0272552159	-0.063453702	-0.0696177779	0.0169759185	0.0809511339	0.0370681691	-0.0562039158	-0.0745906743	0.0409726769507585	-0.0114684516392885	0.0016787602565112	0.0001315253830026	0.1153009219303413	0.0138530115354029	0.0001919059286	0.0132943025979866	-0.4092358223698582	-0.0224858065494828	0.1674739583107341	0.0005056114961807	0.0008623666617005	7.933995108300022e-06	6.294827837852868e-11	7.436762592124646e-07	0.000488236387325	-1.887766464639997e-05	2.3837476990816747e-07	3.563662225019394e-10	0.0005477897269743	0.0002815063147909	7.924580526715329e-08	3.0007358497857816e-07	0.0	0.0	0.0
1824.073617172894	0.927549593329104	0.8603482480849862	3327244.560866205	2492.4373222731083	14.6023138638202	213.2275701775156	6212243.805459943	1960.455865334338	2.242739219364921	5.029879206077576	3843387.199923808	2084.127585066436	1528.327879753531	1.059156	27.695047	0.0272591171647781	0.0142814221885506	-0.0013382314	0.0774222254	0.0120737089	0.0172594996	-0.0295746408	0.0331092243	-0.0926137987	0.0490753086	0.0021651058	0.0381897301	-0.0859423232	0.0344798623	0.040674792	0.0208573186	0.0359899071	-0.1214071203	0.0169759685	-0.0697382334	0.0391726878	-0.0111882506	-0.0266413518	-0.0542627487	-0.013512935	-0.0731090208	0.0018526696	0.0410150089	-0.09870123	0.0075681058	-0.0078267685	-0.0148428797	-0.0862975185	0.063435399	0.0097195634	0.0396584581	0.0450884268	-0.050682731	0.0006234764	-0.0208537633	0.0265619636	0.0471848778	0.1419435482	0.0283011106	-0.0079224254	0.0042294296	0.0616061236	-0.035388122	-0.0128234567	-0.0075206564	-0.0150123361	0.097557045	0.0260484576	0.0639197505	-0.0089384483	0.0523489215	0.1197704091	-0.0310149269	-0.0115175769	-0.0444586166	0.0156404391	0.1037031644	-0.090028402	-0.012697984	-0.0044992067	0.0489927992	-0.0393598979	0.0086734122	0.0281208704	0.0123386213	0.0151280528	0.1111996639	-0.0098735117	0.0043560043	0.052133926	0.0303576562	0.0344192073	-0.0106122401	-0.0395045271	-0.0132245167	0.0341005728	0.0119456534	-0.0677101534	0.0609983401	0.0109614939	-0.0878140014	-0.0932814959	0.04471718	0.0221592839	0.0119644148	0.0301126147	-0.0545567433	-0.0291918409	-0.0348711481	0.1346937971	0.0343130201	-0.088703475	-0.016996124	-0.0669833124	-0.038330075	0.0709088678	0.0311555853	0.0321620231	0.0118151395	-0.083638381	0.05913747	-0.024883242	0.0420158051	-0.0698482169	-0.002478253	-0.0763953	-0.0044406533	0.0728271502	-0.0922183236	0.0446441459	-0.0359225854	-0.0110325768	-0.0360073713	0.0326838758	0.0323314117	-0.0839306601	-0.024908055	-0.0607742471	0.0222228096	0.0453608248	0.0308593075	-0.0645758704	-0.0091338322	0.0081671588	-0.0353173017	-0.052209434	-0.0775863553	-0.0438523753	0.0409545198	0.0069549245	0.058132907	0.0343371926	0.0399315357	0.0013901609	-0.0426287943	0.0264477464	-0.0645158866	-0.0682433853	0.0203054443	0.0813979594	0.0324269895	-0.060390626	-0.0715501408	0.0349179331503961	-0.0060547438003624	0.0012192620554955	3.665992248802695e-05	0.1261016425020926	0.0108007205717512	0.000116655564869	0.0159016242417255	-0.4131866167471827	-0.0039507943773244	0.1707231802589832	1.5608776211898763e-05	0.0009688647335838	0.0001064980718833	1.1341839314860533e-08	9.386988719824076e-07	0.0005032618309745	1.5025443649500005e-05	2.532724705158062e-07	2.257639568643e-10	0.0005402560742003	-7.533652773999999e-06	5.675592411919788e-11	2.918766257103201e-07	0.0	0.0	0.0
1820.2376514755515	-3.835965697342544	14.714632831188672	3313265.1078492315	2498.952007659094	6.514685385985558	42.4411256783738	6244761.136583416	1958.6583427369128	-1.797522597425086	3.231087488253828	3836342.5035729096	2084.905254473422	1554.3306240576628	1.080395	28.25041	0.1573701455174225	0.0886793420160449	-0.0520161687	-0.0050623481	0.1247273639	0.0484394451	-0.0053349196	0.0131456846	0.079171182	-0.0360955338	-0.0140722187	0.0869385985	-0.0134510936	0.0288805733	0.0269587702	-0.0685201834	-0.0115728118	-0.1033997638	0.0107576862	-0.0617699364	0.0172176285	-0.0435467265	-0.0048568527	-0.0021649945	-0.0903088733	0.0551972474	-0.1112298545	0.0503918889	0.0161216717	-0.0348060005	0.0935544274	0.07894054	-0.0286137513	0.0239878805	-0.0338542627	0.0408042671	-0.0500265569	-0.0040674629	-0.0055971106	0.0506826756	0.0218139198	-0.0652981875	0.0387382344	-0.1067200034	0.0800125485	0.0237836653	-0.0554210221	-0.0696199177	0.0007331535	-0.0402985215	0.0081270842	-0.0300894816	0.056383248	0.0272617535	0.0681973486	0.0096825459	0.1104723611	-0.030697595	0.0022805529	0.0255249821	-0.0473074452	-0.0108700974	0.0614080249	-0.0883430314	0.0539506603	-0.0204869708	-0.0410626209	0.0033443053	-0.0081571708	0.0192631008	-0.0029655152	-0.057362534	-0.0695285925	-0.0693042952	0.0411946776	0.0361392865	0.0494432703	0.0577000601	-0.0283985417	-0.0247865326	0.0215848559	0.0741310467	-0.07124159	-0.0497109472	0.0273101647	-0.0008066677	-0.0010482616	0.009879397	-0.0587348838	-0.033684571	-0.0262645421	-0.0436711431	-0.0908092175	-0.0298575112	-0.0048690168	0.1263212734	-0.1021900087	-0.0481878289	-0.0462901076	0.0126313968	-0.0550264934	0.077649748	-0.0315193648	0.0819460028	0.0312414807	-0.0088990908	0.0244716971	-0.0167317581	-0.0245854177	0.0436882533	0.0359500423	-0.0787937094	0.0340177714	0.0661816874	-0.0295071623	0.0294713984	-0.0634132993	-0.0133414329	0.0098504521	0.0197232464	0.0007177307	-0.0767246779	0.0022254001	-0.0798338335	0.0244413488	0.0146309609	-0.0352477823	-0.1069807904	0.0132395544	-0.0479680725	-0.1526585867	-0.0120857042	-0.0324277542	0.0214024531	0.026424812	0.0997897723	0.0104279233	-0.0145503771	-0.0096014248	0.0904560806	0.0256373767	-0.0655497724	-0.0668016447	0.0235993474	0.0816216788	0.0276578354	-0.0642529755	-0.0680077345	0.0489111593996085	0.0139932262492124	0.0023923015138139	0.0001958103808616	0.0981426646401928	-0.0279589778618997	0.0007817044430822	0.0096319826226773	-0.3327992488860474	0.0803873678611353	0.1107553400591173	0.0064621289116414	0.0007149721558408	-0.0002538925777429	6.446144103298527e-08	5.111851836276413e-07	0.000519039177683	1.577734670850004e-05	2.694016679698449e-07	2.48924669160217e-10	0.0001093145277483	-0.000430941546452	1.857106164584413e-07	1.1949665976833851e-08	0.0	0.0	0.0
1817.405730351092	-2.831921124459541	8.01977725516019	3302963.588712986	2498.577339961611	-0.3746676974828915	0.1403758835371315	6242888.72376964	1957.399783397284	-1.258559339628846	1.5839716113669968	3831413.912043734	2083.8329476526087	1542.6462391471166	1.001034	26.175282	0.0664448978640729	0.0336178101977806	-0.0202804316	-0.0129679976	0.0446174816	0.055904375	-0.0817159664	-0.0592756978	0.0830046982	-0.0187460267	0.0803235269	0.0308921495	-0.0612006696	-0.0722155168	0.1349637046	0.0493408378	0.0544654476	0.0189879463	0.0137268362	-0.0444367904	-0.0067697896	-0.0117015236	0.0281046421	0.0093998858	-0.0722575909	-0.0187390068	-0.0919451876	0.1260828136	-0.0321642373	0.0818854946	0.0489975346	0.0510492189	0.0578936065	-0.0256163622	0.1682498347	0.0078925158	0.0592514797	0.0717345882	0.0184612204	0.0495577526	-0.0575205849	-0.0053646739	0.0190168324	0.0452034443	0.0418745751	-0.0320295204	-0.0464571625	0.06090982	-0.0254985351	0.1036095702	0.0692936239	-0.0764296941	0.0122081694	0.0142300724	0.0531967168	0.0681314338	-0.0212461086	-0.0096332655	0.0341305685	0.0025947082	0.0183323193	0.0282627224	0.0351956198	-0.0298237316	-0.0280858156	0.0057444563	-0.017525114	0.0148260412	-0.0765157893	-0.0324880628	-0.0172801146	-0.0501079642	-0.0626833784	-0.0462529935	0.0776262572	-0.0239293249	0.0282730367	0.0554400587	0.0030441183	0.0168907306	-0.033123293	-0.008858714	-0.0672326031	0.045683463	0.0404443915	-0.0027521426	0.0777543048	0.0347091916	0.0726179966	0.0196739302	-0.0150552239	0.0496039483	0.0051673096	0.0178027786	0.0957547667	0.131892966	0.0183327964	0.0664811042	0.0396748775	0.0811641887	-0.0812365586	0.0193671173	0.0220972074	-0.0220527042	0.0667236299	-0.0119670022	0.0759233593	0.0477504376	-0.0556373122	0.0804750357	0.0736846011	0.0288457683	-0.0058328479	-0.0750478062	0.0345305862	-0.0854361244	-0.0284170726	-0.0307537086	-0.0036958019	0.0069894486	0.0217762564	-0.011611582	0.0104646941	-0.0466398807	0.043944101	0.0928042039	0.074342728	-0.0496788755	0.0088077597	0.0279260153	-0.0480428258	0.0223818155	-0.0009376559	0.0310230846	0.0291518992	0.0492141601	0.061836789	-0.0598579192	-0.0609318618	-0.031068934	0.0248241955	-0.0665549058	-0.0652939789	0.0268518493	0.0816216788	0.0227795284	-0.0677702193	-0.0639883028	0.0340252487965102	-0.0148859106030983	0.0011577175556644	0.0002215903344834	0.0901865509331116	-0.0079561137070812	6.329974532000536e-05	0.0081336139692107	-0.3560324857617658	-0.0232332368757184	0.126759130917702	0.0005397832957232	0.0010079602346192	0.0002929880787783	8.584201430625788e-08	1.0159838345735926e-06	0.0004650856513164	-5.395352636660002e-05	2.163046630604e-07	2.9109830073914042e-09	0.0001697656561668	6.045112841850002e-05	3.65433892706998e-09	2.882037801374416e-08	0.0	0.0	0.0
1816.9742818500667	-0.4314485010252156	0.1861478090369054	3301395.5409045657	2477.518457873114	-21.05888208849683	443.4765148172126	6138097.709101974	1951.7896360862912	-5.610147310992716	31.4737528510388	3809482.783533857	2074.4599176994016	1486.4966099747205	1.214445	31.7556	0.1096308765986501	0.0502955186096237	-0.0778619056	0.0466460936	-0.0638762442	-0.0105339021	0.0770834322	-0.0429420561	-0.0989980405	-0.0876482795	0.0623310144	-0.0574471274	-0.0384122616	-0.0101113012	0.0132879306	-0.061866183	-0.0274041756	0.0440576353	-0.1040923308	-0.0080049007	-0.0055885792	0.0437730059	0.0450438498	-0.0717788925	-0.0052488647	-0.1640159639	0.0426159964	0.0001359271	0.0457602126	-0.0439435338	0.2001836351	-0.0149295833	0.0266877697	0.0847844627	-0.1214150898	-0.0521614495	-0.035720259	0.0287628428	-0.0302064341	-0.0187481513	0.0447175635	0.0047766253	0.0959770164	-0.0348306337	-0.1216246616	0.0726499617	-0.0099809078	0.0123663563	-0.0724986787	0.0814535968	-0.002849184	-0.0003991694	0.0465558311	-0.0466780295	-0.0807459608	-0.0325807143	0.0462760339	0.0075843674	0.0249874734	-0.0313779321	-0.0155029138	0.0242663867	0.0241503486	-0.0716382889	-0.0381736812	0.0185424541	0.0406725872	-0.0615438781	0.0674930938	0.0527744453	0.0838771308	0.0567749412	0.0312970876	-0.0281851955	-0.0078725574	-0.0646865766	-0.1123006079	-0.0386396653	-0.0091449188	0.0158080926	-0.0669090718	0.0125170468	-0.0842002211	0.001446526	0.0753985714	0.1063040322	0.025460274	-0.0377850116	-0.021080123	-0.0447844407	-0.0711366632	0.0720612377	0.0940256098	0.0233065915	-0.0510180538	0.1247929625	-0.0623062888	0.008335923	-0.0471638764	-0.0646708064	0.0830924483	0.0040510126	-0.1077207586	0.1367133171	-0.0978395302	-0.015345876	-0.0754580406	-0.0403192258	-0.0171300924	0.0435803053	-0.0866235285	-0.0285187107	0.0480090263	0.0140255789	0.0173372992	0.1385887576	-0.0348347544	0.032404089	0.0707840931	0.0585113372	0.069686038	-0.0026075455	0.0480907689	-0.0192983844	0.0611801865	0.0219081853	0.0327734272	-0.1150070881	0.0512077442	-0.1143943538	0.005108087	-0.0278179956	-0.1012949006	0.0057168757	-0.0663598168	-0.0428745402	0.0445173619	0.1096269372	-0.035515248	-0.0248827543	0.024008292	-0.0675308461	-0.0637218759	0.0300572439	0.0813979594	0.0178113211	-0.0709234662	-0.0595200392	0.0563800658417221	0.0223548170452119	0.0031787118243169	0.0004997378451248	0.1260137887556425	0.0358272378225309	0.0012835909699921	0.0158794749565516	-0.3296641044970485	0.0263683812647173	0.1086784217938409	0.0006952915305214	0.0009249808925129	-8.297934210629995e-05	6.885571216394363e-09	8.555896515139611e-07	0.0001441240593151	-0.0003209615920013	2.0771744473462463e-08	1.0301634354000897e-07	0.000267433531383	9.76678752162e-05	9.539013849247217e-09	7.152069370798205e-08	0.0	0.0	0.0
1825.343490196935	8.369208346868163	70.04364835328774	3331878.857204328	2480.796634133292	3.278176260178043	10.7464395927949	6154351.939927071	1952.8236612635333	1.0340251772420288	1.0692080671704092	3813520.251990711	2073.3526853484814	1530.9542354160917	1.126856	29.465282	0.1005264853212757	0.0604124252349039	-0.0359585238	0.0473294926	0.0369516338	-0.0457459354	0.0551447322	0.0057978856	-0.0348473904	0.0355832817	-0.0573441811	-0.0662280201	-0.087767624	0.0122936504	0.1706043553	0.088232207	-0.0785812636	0.067871785	-0.0888759697	0.0366690505	0.0007613809	0.0815856904	0.058892185	0.1135963031	-0.001613836	0.0366392084	-0.0764141586	-0.0118845385	0.0504955061	-0.0452044311	0.0285085735	0.0245883341	0.0628706518	-0.0111546875	0.0680869931	-0.0338580623	0.0083186246	-0.0700580268	0.0109875816	0.0921551911	0.0838910139	0.1128678035	-0.0405567538	0.0365531633	-0.02884183	-0.0785415256	0.0564658527	0.0604803458	-0.0981635597	-0.0698244737	0.0199099356	0.0282925791	0.0588714276	-0.1328169537	0.0241222275	0.0756310118	-0.0806796923	-0.0184254338	0.0472786754	0.0005582178	0.1060552006	0.0186453171	0.070856762	-0.0263575577	0.0224690632	-0.0342149072	0.020847872	0.006981231	-0.0504714824	0.0314867985	0.0802363401	0.0173227863	0.0458597689	0.0754996927	0.08009715	0.0512050096	-0.0415148348	0.1182595229	0.1176092935	0.0377094509	-0.009192697	-0.0337663509	0.0501222115	0.02505029	0.0326150654	0.0810819477	0.0869588945	-0.0361031042	0.0188999203	0.0020578781	0.0261509229	0.0782742446	-0.0792143574	-0.0126808831	0.0558598373	0.0239379491	0.0301569793	-0.0500312112	-0.0013387816	-0.1288758265	0.0036675747	-0.0465942816	0.1137579744	-0.091458559	-0.0656684611	-0.0935115571	-0.0130056899	-0.058076986	-0.0208071784	-0.0693105363	0.0339020802	0.0059990891	0.08675936	-0.0288080123	0.0260221961	0.0456224815	-0.0213657251	0.0653820845	0.0020619664	0.0328717542	-0.0230978284	-0.0136181112	0.0715003709	-0.0746184644	0.0541763955	-0.032594349	0.0427847748	-0.1050248643	0.0699473184	0.0464474805	-0.0318885841	-0.0877567566	-0.0816325371	0.0217733312	-0.040844921	0.0549465484	-0.0195800474	0.0557392853	0.0403139586	0.0629213036	0.0231897558	-0.0684771651	-0.0620868871	0.0332099078	0.0809511339	0.0127728206	-0.0736957799	-0.0546342852	0.0588341542558907	0.0024540884141685	0.0034614577070059	6.022549944556531e-06	0.1263348771368413	0.0003210883811987	1.030977485408607e-07	0.0159605011811807	-0.3791366907575479	-0.0494725862604993	0.1437446302785845	0.0024475367913025	0.0003589857840674	-0.0005659951084455	3.203504627842333e-07	1.2887079316248594e-07	4.810249598952154e-05	-9.602156332557848e-05	2.313850120421936e-09	9.220140623488076e-09	0.0005709913049201	0.000303557773537	9.214732187480129e-08	3.260310702943586e-07	0.0	0.0	0.0
1822.5646744445585	-2.778815752376431	7.721816985655391	3321741.9925331995	2485.234980440688	4.438346307395932	19.698917944375104	6176392.908006027	1957.4685680960108	4.644906832477545	21.575159482396582	3831683.195083847	2079.445996198782	1547.5960458158431	1.133421	29.63695	0.0511326028741694	0.0287652472684371	0.0107816307	-0.0839618961	-0.0496475627	-0.0152086401	-0.0596288413	-0.0324171066	0.1027883246	0.0226870976	-0.0222883732	-0.0408898187	-0.0049740667	-0.0272413268	-0.0250665872	-0.132544778	-0.0415924919	0.0365351401	0.0209152397	-0.0352279402	-0.0309626628	0.0529638207	0.0521762226	0.0733005035	0.072784054	0.0099987443	0.0638992727	-0.0541163874	0.0725318047	0.0176269076	-0.1003074865	-0.0888389436	-0.1643602171	-0.0719212777	0.0373998728	0.067542987	0.0854251787	-0.0178961415	-0.0300873511	0.0219423149	0.0254838392	0.0870628584	-0.0253870956	-0.0510075773	-0.0334589391	0.0230008665	-0.0353507295	0.0770512246	-0.0927209248	0.0018648331	0.0082003221	0.015518917	-0.0145718117	0.0222979544	0.0491270419	-0.0082765422	0.0775950626	0.0535307805	-0.0457670454	0.0748521856	0.0108341623	-0.0423287107	-0.0839305096	0.0599590695	-0.0433940006	-0.0553240108	0.0824768186	0.0939307954	0.0194385539	0.0602549129	-0.0015424141	-0.0731655206	-0.0880930134	0.060861232	-0.0061555976	0.0141610062	0.0015784203	-0.1099715501	0.0054238395	0.0259519321	0.0742692913	-0.0304993796	0.105615774	0.0268640513	-0.0016245046	-0.0630139063	0.0577170051	-0.0016830629	-0.0083753029	0.0537066156	0.05638544	-0.0461729282	-0.0111444731	0.0688672113	-0.0584144461	-0.0324391593	0.0175427613	-0.0159790918	-0.0739191221	-0.0581548664	0.068193919	-0.0509234669	0.0088236803	0.0143282531	0.0823429638	-0.0062671065	-0.0088159789	-0.0521716452	0.0034283812	-0.0256877737	-0.0163669718	-0.067648851	-0.0445381213	-0.0526814727	-0.1089540829	-0.0273638925	-0.0227683723	0.003856963	-0.0099898887	-0.1298452891	-0.0295554592	0.1116280754	0.0511753996	-0.0245691286	0.0271510605	-0.0020567237	0.0712253346	0.0446631622	0.0608789615	0.1276238847	0.0178860906	-0.0767125566	0.0704659382	0.0409903884	0.0689444456	0.0172532466	0.0326228151	-0.0653563868	0.0644517121	0.0316414071	0.0223686765	-0.0693934478	-0.060390626	0.0363043104	0.080282427	0.0076839116	-0.0760722702	-0.049365311	0.0532669936583971	-0.0055671605974935	0.0028373726134037	3.0993277118285275e-05	0.1262016864167492	-0.0001331907200921	1.773976791865275e-08	0.0159268656544315	-0.3750778554947231	0.0040588352628248	0.1406833976825204	1.6474143690750066e-05	0.0008158952281638	0.0004569094440964	2.0876624010448125e-07	6.656850233404592e-07	0.0003077780619371	0.0002596755659475	9.472733540975737e-08	6.743139955019517e-08	0.0006818746207513	0.0001108833158312	1.229510972972166e-08	4.649529984247293e-07	0.0	0.0	0.0
1817.8389396118248	-4.725734832733679	22.33256970931241	3304538.410369044	2503.4290261688816	18.194045728193487	331.02329995959565	6267156.8890648745	1955.201202632874	-2.267365463136912	5.140946143426063	3822811.742777037	2079.760772063217	1557.0788407691648	1.04116	27.224501	0.0740485345608803	0.0364651077873522	-0.0089616206	-0.0445517832	0.0022017979	-0.0517463879	-0.073067774	-0.0447470717	0.0194901946	-0.0479360825	0.0975602206	0.0375033054	0.0217033765	0.0181047203	0.0344950464	0.0462749175	0.0354403129	0.0896674991	0.0237673804	0.0285948628	-0.0067259836	0.0473238047	0.0723685337	0.0204625209	0.077977578	0.0159658271	-0.0021394578	-0.0178352005	0.0092722734	0.0049734448	0.0589427008	-0.0126215804	-0.1227588043	-0.0523117299	0.0387720562	-0.0634278657	-0.0622723508	-0.0060004839	0.0478717058	-0.0414696573	0.0982223122	-0.0927660903	0.0277728781	0.0147979698	-0.017614986	0.0576031145	-0.0634589112	-0.0249726985	-0.0886816112	-0.0648386823	-0.0350352109	-0.0348917907	-0.0251158855	-0.0055312389	-0.0308127994	-0.0078399225	-0.0556189636	0.0338895925	-0.0516963979	-0.0720681447	0.0155864126	0.0008334015	0.0609914892	0.0224629427	-0.0744891316	-0.0656751828	0.0293863729	0.0099900198	0.0372814285	-0.0143048157	-0.0109871959	-0.0483856308	0.0047983477	-0.0271083025	-0.0039185143	-0.0050924002	-0.0276653391	0.0051247903	0.0879062552	0.0467176265	-0.0088295416	-0.0715089148	0.1383727576	0.0230430406	0.0705763673	-0.0972660889	-0.0153095336	0.034582474	0.0755402474	-0.0493733643	0.0765315652	-0.0046538059	0.0286135963	0.0771663234	-0.1545028628	0.0674906848	-0.0703996733	-0.0019034756	-0.0203960856	0.0170402077	0.0215497419	-0.0225017389	0.051624175	0.0024588277	-0.0527461538	-0.0591408384	-0.0215881086	0.0876678907	-0.0054216926	0.0668417019	0.0507580055	0.0162821663	-0.003810979	0.0065288336	0.0423586611	0.0752731532	-0.0140627359	0.047683508	0.0332524217	-0.0196265036	-0.0859951099	0.0449547314	0.0875327201	-0.0157904874	0.0083179582	0.0511586058	0.0332668942	-0.0132329122	0.0617617938	-0.0406321122	0.1008960527	-0.1039572126	-0.0253410625	-0.0188434117	0.0523650996	-0.0458251937	0.0189933408	-0.0858334654	0.0259959137	-0.0354856941	0.0215451443	-0.0702792922	-0.0586347667	0.0393350228	0.0793936715	0.0025646777	-0.0780401729	-0.0437500746	0.0597220193775598	0.0064550257191626	0.0035667195985336	4.166735703505191e-05	0.1030747330378858	-0.0231269533788634	0.0005348559725881	0.0106244005908314	-0.3502125033849879	0.0248653521097352	0.1226487975271801	0.0006182857355411	0.0008040220124421	-1.187321572169997e-05	1.409732515740233e-10	6.464513964914444e-07	-6.322219892918035e-05	-0.0003710002608662	3.997046437440853e-09	1.376411935628481e-07	0.0006910252112257	9.150590474399933e-06	8.373330603017874e-11	4.775158425495233e-07	0.0	0.0	0.0
1815.6901107183949	-2.148828893429936	4.617465613239324	3296730.578160577	2482.276987828514	-21.152038340367653	447.4087259523832	6161699.044303	1951.656117596964	-3.545085035910006	12.567627911833048	3808961.601353654	2075.220653001483	1497.6596263602066	1.088077	28.451294	0.0902367688045742	0.0438460492713431	-0.0180442861	0.0593350334	-0.0253413355	0.1008008082	-0.0126072615	0.0512813908	-0.0036523962	-0.027976298	0.0269355171	-0.0144396176	-0.0305592067	-0.0199434995	-0.0108301958	0.054526041	0.0377178342	-0.0382101069	-0.0651346462	0.0382553381	-0.0497687892	-0.0387427676	-0.0609733256	-0.0025178662	-0.0049073525	0.0124583312	0.0415139831	0.0575309521	0.0003790341	0.0440988414	0.0371539736	-0.0568211905	-0.0502427676	-0.0628592773	0.1058619602	-0.0007538353	0.1020682935	-0.023730494	0.0338712043	0.1015537444	-0.0036645847	-0.0450117986	0.0077602119	0.088365607	-0.0340546733	-0.0687817879	-0.0226452661	0.0984149803	0.0516341965	-0.0045400753	0.0126762449	-0.0033661182	-0.0147504771	-0.0256389677	0.0273676818	0.1169109534	0.0464687352	-0.0351708051	0.0699263495	-0.0929363018	0.0282302254	-0.0403590544	-0.02096292	0.0261488739	0.0431674786	0.0145135546	0.0850178473	0.0805430248	0.1676256422	-0.0166328537	0.0290948158	-0.0279872856	0.0455301343	-0.002158145	0.0111557489	-0.0882562464	0.0939102277	0.0392118257	-0.0414414652	-0.0021884673	0.0261973228	-0.0106318031	0.0561905689	0.0334596806	0.0200410246	-0.0793143232	-0.0367829395	0.0381901205	0.0468503175	0.0083388029	-0.0434293979	0.0258160074	0.0464567891	-0.0116195959	0.0729409889	0.0677052743	-0.0342960303	0.0048905046	-0.0114340771	-0.0265372825	0.0792689648	-0.0434455043	-0.0435203007	-0.0837241323	0.0351943286	0.040346172	-0.0256375447	-0.0951634588	0.0379173449	-0.1053160618	0.0254621058	0.0653621384	0.0006934182	-0.0085696665	0.0302264581	-0.0078765898	-0.046289115	0.0200802312	-0.0838384514	-0.0546309172	-0.12986406	0.0776315181	-0.0002679253	-0.0163953954	-0.0309168482	0.0490919915	-0.1151457256	-0.0459377307	-0.011187675	0.0201975715	-0.035506723	-0.0453663794	-0.0139077907	0.0091505756	-0.0506173235	-0.0736506605	-0.0010629904	-0.0046367758	0.1118778318	0.0624100114	0.0207192494	-0.0711343098	-0.0568210419	0.0422967282	0.0782873035	-0.0025646777	-0.0795889182	-0.0378279629	0.0468755050372351	-0.0128465143403246	0.0021973129724958	0.0001650329306961	0.1261378381013145	0.0230631050634286	0.0005319068151667	0.0159107542008734	-0.339010061070816	0.0112024423141718	0.1149278215072383	0.0001254947138023	0.0005778117884683	-0.0002262102239738	5.1171065430276776e-08	3.3386646289293545e-07	0.000481226237915	0.0005444484368441	2.315786920578242e-07	2.9642410038207136e-07	0.0007828606921407	9.183548091500006e-05	8.43375555488934e-09	6.128708632990159e-07	0.0	0.0	0.0
1822.2440608512104	6.553950132815544	42.95426234343289	3320573.41730751	2491.4380041831296	9.16101635461564	83.92422064953523	6207263.328688016	1957.597917932225	5.941800335261178	35.30499122410984	3832189.6082925824	2080.846136789705	1568.8230022890414	1.231087	32.190758	0.144424586743023	0.0776527667373541	-0.0820640575	-0.1180708842	-0.0072276863	-0.0423002244	-0.0674519948	0.0163432422	0.009979648	-0.0643304853	-0.0544105693	0.0131754093	0.1035743573	-0.0776033607	0.0210871558	-0.0251247845	-0.0147152209	0.0043412582	-0.0146982576	-0.0454626313	0.0408404919	0.0098846606	0.1353162477	0.0272552884	0.0563018415	0.0675813305	0.0812904706	0.0346453011	0.0895457886	-0.0014613617	-0.0455380565	-0.0166420302	-0.0561530722	0.0241730127	-0.0311874794	-0.0426293223	0.060857963	-0.020467878	0.0081306937	0.0033984799	0.0804646828	0.0111395343	-0.0351356255	-0.0072178115	-0.0673508532	0.0261623619	0.0345030508	-0.0352282643	0.0085153086	-0.0079910145	-0.1246350999	0.0569051468	-0.0545915658	0.0369898014	-0.1746281007	-0.0007626047	-0.0586500795	-0.003131717	-0.0197487942	-0.0972644416	0.0421708713	-0.0619471626	-0.0755645988	-0.0133382243	-0.0495401024	-0.0042236685	0.0343961985	-0.1078616118	0.0157097362	0.0208001169	0.0121465444	-0.0140484677	-0.0572409825	-0.0374974799	-0.1147465351	0.0351776355	-0.0929734907	0.0285297469	-0.0616159915	0.0239359598	0.0447688013	0.0139311723	0.0419978438	0.0131124211	-0.0536458267	0.0129723587	0.1461217167	0.0306159399	-0.0106623742	0.05799055	0.0182154642	0.0721408798	0.0170354368	-0.0116689956	0.0127204274	0.0531087077	-0.0110166422	0.0248188214	-0.0744202289	-0.1094920964	-0.0733043587	0.0292025506	0.0435110945	0.0225996811	-0.0886707981	-0.0126510833	-0.1231808466	0.0754019015	0.0591070467	-0.005295111	-0.0849246655	-0.0210660801	-0.0333140429	-0.0375829178	0.0241449922	-0.0524659677	-0.0757051987	0.035580348	0.105417307	-0.0718200566	0.0023737422	0.1402750127	0.1069082	-0.0756784176	0.0141484588	0.0393814572	-0.0026342382	-0.0076592662	0.0296807407	0.053633031	-0.0053561876	-0.0304337542	0.0513516473	0.0126152319	0.0765747549	0.0415784782	0.0023243816	0.0138688507	0.0843128262	-0.0077355155	0.0198910824	-0.0719581255	-0.0549512416	0.0451842308	0.0769663555	-0.0076839116	-0.0807101879	-0.0316405151	0.0428422513445951	-0.00403325369264	0.0018354585002734	1.6267135349194206e-05	0.0710874877297271	-0.0550503503715873	0.0030305410760345	0.0050534309117241	-0.3144980789870004	0.0245119820838156	0.0989090416865135	0.0006008372656772	-0.000224810864985	-0.0008026226534533	6.44203123836416e-07	5.05399250153039e-08	0.0008459181563431	0.0003646919184281	7.155775272309094e-07	1.3300019536676797e-07	0.0007335952521225	-4.926544001819999e-05	2.4270835801868606e-09	5.381619939366744e-07	0.0	0.0	0.0
1813.505969886366	-8.738090964844332	76.35423370989415	3288803.902813489	2491.0965966703334	-0.3414075127961951	0.1165590897936841	6205562.253942518	1951.9328156719057	-5.665102260319372	32.09338361987566	3810041.716896854	2074.39558784091	1524.5315533358057	1.090063	28.503214	0.1702773120828037	0.0863070037683726	-0.0926507534	-0.0127640505	-0.0498290472	-0.0106025229	-0.0856480031	-0.063339852	0.0825631614	-0.1106462817	-0.0588124598	0.0217052323	0.0506888455	0.0028137794	-0.0285165212	-0.0094240896	0.0521460925	-0.0538556151	-0.0558861182	0.0008898889	0.0293621472	-0.1002012418	0.031792828	0.0106493612	0.0389450806	0.1012484521	0.0081457421	0.0102910274	-0.0547770131	0.0165319738	-0.0106020088	0.0215566439	-0.0369851178	0.070214134	0.0131541811	-0.0623475708	-0.0063866971	-0.0947635863	0.0238916125	0.0143057503	0.0523875501	0.045030662	-0.126634526	0.0701376928	-0.0225933403	-0.0573205554	0.0851725237	-0.061043116	-0.0208844716	0.0294547103	0.186672274	0.0203914636	0.0032087251	0.0413297053	0.0445268495	0.0391291431	-0.0762535907	0.0088763945	0.0580081483	-0.0044813561	-0.0275281714	-0.0927580984	-0.0669382485	0.0837053084	0.1231376061	-0.0610298311	-0.0921446622	0.0388132142	0.0398069124	-0.0212323144	0.045913041	-0.1040831849	0.0170239343	-0.067336906	-0.0608985762	-0.0261165468	0.0126409211	0.0432220732	-0.0333114587	-0.015229811	0.0358036831	0.0279684789	0.0895392909	0.0391687444	-0.0267173106	-0.0425257327	0.0020229513	0.1360196408	-0.0531794573	0.0612570239	0.0957059721	-0.0076349174	0.0315930615	-0.023810121	0.0548568636	-0.0301821056	-0.0462313578	-0.0051955994	0.0832729482	-0.0713980051	-0.0303685094	0.0369101815	-0.0139085562	-0.1018200287	-0.0063423538	-0.0776907769	0.0556595445	-0.0415163943	-0.1077570188	0.0363209666	0.0194911376	-0.0587610686	-0.0651447732	-0.1092547187	-0.1508341746	0.0658862594	-0.0997391814	0.0389042715	-0.001242073	0.0287962017	-0.1052871183	0.1158228716	0.040283404	-0.0300620423	-0.007866682	0.0758427662	-0.0127776784	-0.0057310764	0.0121524312	-0.0235859801	0.1327683774	-0.0137790941	0.0104322303	0.1011067896	0.0838283612	0.00870823	-0.0147644805	-0.06259282	0.0509992433	0.0074870454	0.0190607341	-0.0727503781	-0.0530272111	0.0479924649	0.0754344479	-0.0127728206	-0.0813979594	-0.0252311319	0.0611921456306845	0.0183498942860894	0.0037444786868869	0.0003367186203106	0.0938905870490884	0.0228030993193612	0.0005199813385686	0.0088154423364224	-0.2518981608285173	0.062599918158483	0.0634526834287895	0.0039187497534487	0.0001289106976857	0.0003537215626707	1.2511894389820194e-07	1.6617967977813937e-08	0.0012340099431829	0.0003880917868397	1.522780539874264e-06	1.506152350125087e-07	0.0001449205952556	-0.0005886746568669	3.465378516373625e-07	2.100197892923744e-08	0.0	0.0	0.0
1812.7886717616227	-0.7172981247433654	0.5145165997603486	3286202.7684672684	2495.256838977565	4.160242307231783	17.307616054881233	6226306.692464311	1952.1928074153388	0.2599917434331473	0.0675957066534075	3811056.7573241824	2078.5119354656504	1511.1779211604205	1.04817	27.407801	0.0772859168693505	0.0383585991574341	-0.1100706477	0.0432617982	0.0138574558	0.0611701132	-0.0438298478	0.0439182834	-0.0872748867	-0.0701582811	0.0551005223	0.0210126606	-0.0526996322	-0.018976582	-0.0267880889	-0.0088267804	0.0596159367	0.0037335719	-0.096342114	-0.0471993293	3.13251e-05	-0.0112950953	0.0517708408	-0.074257504	-0.0001948101	-0.0944602046	-0.0488826774	0.0388432812	0.0450264636	-6.5138e-06	0.0502963381	-0.1427619411	0.0584648658	-0.0082313547	0.059593102	-0.0152450593	-0.0464335308	0.0369719137	-0.0007795093	-0.0508155909	0.0532767702	-0.0717018592	-0.0241802317	-0.0571953039	-0.0355579998	0.0323116661	-0.0712167874	-0.1140862793	-0.0790653443	0.0484005345	0.0283092114	-0.0656420044	0.0246296357	-0.0910037823	0.0303692816	-0.0573479169	-0.0770323444	0.0184896302	0.0634087599	0.0627519863	-0.0875979889	-0.0778618271	-0.1124192797	-0.0250924974	0.1234018299	0.0275633792	0.0782516763	-0.0555846109	0.0697695988	-0.1061943569	0.0539300659	0.0674848286	-0.006509875	-0.0901175449	0.0657416733	-0.0440492636	-0.0416164358	0.0443211629	-0.1288605529	0.1061017392	0.0334347555	0.0099464309	-0.0257392079	-0.0032793313	0.0026707941	-0.0141926974	-0.0318810449	-0.0486980843	0.0565302943	-0.0110376591	-0.0265165962	0.1110869425	0.0353895112	0.0631165754	-0.023164461	0.1258952564	-0.0119088592	0.0914867408	-0.0128802328	-0.0328645718	-0.0080332514	0.0409113212	-0.0604195773	0.0419863517	0.0548836793	-0.019260877	0.0360431862	-0.0452697159	0.2032599095	0.008117256	0.0186452386	-0.0687598157	-0.1009492944	-0.0116596672	-0.0852569932	0.0285504305	-0.1084175082	0.0386533509	0.0641530478	-0.026214299	-0.0791262549	0.0699245053	0.0115187653	-0.0173743329	-0.0322546339	0.0447739893	-0.089215819	-0.0795324697	-0.07910438	-0.0082582086	-0.0938312664	0.0042350362	0.0333602892	0.0709749826	-0.0273487946	-0.0435863241	-0.0352070268	0.0539552723	0.1002580308	-0.0424249743	0.0182282956	-0.0735107199	-0.0510508491	0.0507165039	0.0736957799	-0.0178113211	-0.0816485389	-0.0186447705	0.049845211276235	-0.0113469343544495	0.0024845450871725	0.0001287529192441	0.0797192630761571	-0.0141713239729313	0.0002008264231457	0.0063551609054055	-0.2651300321268621	-0.0132318712983448	0.0702939339355909	0.0001750824180559	-0.0004190668900431	-0.0005479775877287	3.002794366530747e-07	1.7561705833039569e-07	0.0010259773652494	-0.0002080325779335	1.0526295540041006e-06	4.3277553481657767e-08	0.0001302150160454	-1.4705579210200014e-05	2.1625405990746687e-10	1.6955950403703778e-08	0.0	0.0	0.0
1818.4875085128244	5.698836751201725	32.47674031684743	3306896.8186171795	2472.2986990391523	-22.95813993841284	527.0761894317468	6112260.857270685	1954.259860061285	2.0670526459462053	4.272706641113208	3819131.600646753	2070.399811432877	1509.6450151014851	1.001128	26.177717	0.0567012027247658	0.0278395067025255	-0.1020861315	-0.0054641765	-0.0235548095	0.0093081787	0.0582263845	0.0396912284	-0.0062756878	-0.0916553823	-0.1455910436	-0.0717294448	-0.0110545207	-0.0367266789	-0.0235683288	0.0327852537	0.0267500537	0.0056942716	-0.0881928206	-0.05741533	0.0110799167	-0.0214705327	0.0297476605	0.0508394806	0.0251969108	0.0241182331	0.0486448973	0.1039030479	0.0376649417	0.015094533	-0.0524859704	-0.0058560513	0.0580083356	-0.0924767305	-0.0497228404	-0.0315690802	0.0104680378	-0.0280498674	-0.0329627389	-0.0360590422	0.0137340728	0.0356605165	-0.104308852	0.0056509056	-0.0668417004	0.0098790149	0.0267938766	0.0127920331	-0.0167174163	0.0454987481	-0.0519697108	0.0504167227	0.0027012698	0.0152175656	0.1579700549	-0.0305301966	0.0276627705	0.0011461983	0.0129534796	0.0067509038	-0.0996556368	-0.0394939341	0.0393396568	-0.0580572718	0.0525040631	-0.0092399192	-0.022325292	-0.0157198636	0.0387175139	0.0935422379	0.104980768	-0.0185849334	-0.0128962703	0.0333498242	-0.0550032001	0.0213486848	0.0001365126	0.0252012846	-0.0743322319	-0.0354990065	0.042759693	0.008394023	0.0082882865	0.102410871	-0.0909733883	0.0088696758	0.107438622	-0.0152958032	-0.0405256576	-0.029354333	0.0964853497	0.0938706777	0.0258775483	0.0012999375	0.0014118411	-0.0051303646	0.0371413928	0.0117837021	-0.0368889926	-0.0726013674	0.0247229986	0.0905798048	-0.0443252194	0.0051148932	-0.0555123021	-0.1419005623	0.0306665575	-0.0294066843	-0.0249973693	-0.012362352	-0.0618333169	-0.0341769078	0.0299904136	0.0396385215	-0.0178072304	-0.02473749	-0.091348015	0.0430834044	-0.0292574979	0.0165354712	-0.0250160175	0.1196896398	0.0638674037	-0.0975157899	-0.002450449	0.0229073139	-0.0257130761	7.93787e-05	-0.0696690611	0.067501346	0.0437525114	0.0085546893	-0.0556841025	0.0858272067	-0.0087670647	-0.0423724981	-0.0669875298	0.068385113	0.0557854207	-0.0453892763	0.0173938582	-0.0742388174	-0.0490241061	0.0533515689	0.0717551168	-0.0227795284	-0.0814605803	-0.0119276293	0.0413056368641093	-0.0085395744121257	0.0017061556367496	7.292433114023204e-05	0.1042002092555804	0.0244809461794233	0.0005993167258398	0.0108576836089067	-0.2546082939643952	0.0105217381624668	0.0648253833554598	0.0001107069739595	-0.000419191458561	-1.245685179000213e-07	1.5517315651807926e-14	1.757214789304986e-07	0.0010119202183009	-1.4057146948499856e-05	1.0239825282061411e-06	1.976033803317188e-10	0.000379212179994	0.0002489971639485	6.199958765444597e-08	1.4380187745580186e-07	0.0	0.0	0.0
1819.407644031102	0.9201355182776751	0.8466493719961259	3310244.1751588057	2504.8127273033406	32.514028264188255	1057.1620339644328	6274086.7988608	1955.957195372093	1.697335310808057	2.8809471573158847	3825768.550127864	2082.034651163659	1528.6267936650786	1.080361	28.249542	0.0784478316985178	0.0451345925207792	-0.0462903707	0.0762632769	0.0265980216	0.0469075552	-0.0736720888	0.054587721	-0.0490193291	0.0459505419	-0.003385092	0.087634431	-0.0650278632	0.0235928369	-0.0715934644	-0.0012377336	0.0843922699	-0.0780048979	-0.0199457979	-0.0525298298	0.0188692379	-0.0029213854	-0.0342119443	-0.0392353347	-0.0137131804	-0.0008874687	-0.0046939734	-0.0471047093	0.0730057779	0.0652972306	-0.087207432	-0.00396679	0.0419854039	0.0295567647	0.0286956049	-0.01384194	0.0313052976	0.041062393	0.0598047233	-0.0505209513	0.0413968552	-0.0457764164	0.077160512	0.0396729343	0.0304826445	0.0897920554	0.0233255127	-0.0123480646	-0.0964881448	-0.0724627552	0.0064178137	0.0056854901	-0.0607315838	-0.0567107463	0.0951887703	-0.0519066001	0.0799382183	0.0783778073	-0.0203421316	0.0200226427	-0.0492084086	0.098522467	-0.0626283602	0.0088568845	0.0545035913	-0.006444357	0.0608458986	0.0116963474	0.0708752433	0.0503731371	0.0174872428	0.0827827502	-0.0125992338	-0.0228318425	0.0779928712	-0.0025550881	0.0593897798	-0.0153874755	-0.0498022656	-0.0158375528	0.0994211259	0.0275432218	0.0432153973	0.031148048	-0.0374426146	-0.0744453419	-0.0370792609	-0.0415346359	0.0159422464	0.0390458374	-0.0648681152	0.0163972826	0.0022093126	0.0492574644	0.0042688382	-0.0437178429	-0.0948185825	-0.0837321229	-0.0822191021	-0.0128953857	0.0253597653	-0.0071143092	0.0500897055	-0.0256914454	0.0412249293	-0.0680304098	-0.0026076433	0.0059649571	-0.0010671803	0.0377853361	-0.0386811428	-0.11473824	-0.0145803219	0.0200538527	-0.015332479	0.015116552	-0.0749921019	0.0315061202	-0.0015553864	-0.0205322075	-0.1515469691	0.0129397334	-0.0370857149	-0.008590939	0.0572323442	0.0273911446	-0.069876577	-0.0367737987	-0.050136278	-0.0962077489	-0.0049692429	-0.055063808	0.0075723693	0.0181342897	0.0505269058	0.063258445	-0.0910627301	-0.0005239885	0.0385881961	-0.0015398075	0.0165575133	-0.0749343514	-0.0469489822	0.0558930371	0.0696177779	-0.0276578354	-0.0808350932	-0.0051268245	0.0540343275766161	0.0127286907125068	0.002919708556657	0.0001620195672546	0.1040775784336744	-0.000122630821906	1.503831848134113e-08	0.0108321423326176	-0.2910207214199261	-0.0364124274555308	0.0846930602957742	0.0013258648732042	-4.7627083900915685e-05	0.00037156437466	1.380600845165395e-07	2.2683391209048622e-09	0.0008949933327033	-0.0001169268855976	8.010130655833598e-07	1.3671896575554257e-08	0.0002840217860802	-9.51903939138e-05	9.061211093464412e-09	8.066837496818687e-08	0.0	0.0	0.0
1816.02085317279	-3.386790858311997	11.470352317945713	3297931.7391584283	2494.781416034333	-10.0313112690078	100.62720577572291	6223934.313790271	1954.3699360043984	-1.5872593676947415	2.519392300334711	3819561.846757836	2077.533209281032	1537.577277054595	1.090551	28.515976	0.1459461400980982	0.0670965375045239	-0.0733399982	-0.0342495245	0.0649728884	0.0038563585	-0.0004809983	-0.0255640673	0.071550266	-0.0354827476	-0.0263730746	0.060528805	-0.070597319	0.0112590803	0.034411568	-0.0418314602	-0.0682207862	-0.0737281017	-0.0140505446	-0.0547607799	0.0081946692	-0.0174352393	0.0573482372	0.1114260208	0.0004494439	0.0874013274	-0.0940536474	-0.0314083532	-0.0373717691	-0.0377950588	-0.010170242	-0.0505861018	0.0364170085	-0.0610559365	0.0280802082	-0.0483648142	-0.0879969105	-0.0052343561	-0.0316046164	0.0017947766	0.0404620167	-0.0502549425	0.0645318334	-0.0084571453	0.085573739	0.0466427702	-0.0290989744	0.0110569785	0.0708893606	0.0139824429	-0.0418528118	-0.0151462877	0.0596890421	0.0107330696	0.0219186316	0.0145428609	0.0186625514	-0.1121470743	0.0322282261	-0.1239225131	-0.1179963044	-0.0188087042	0.0326719144	0.0577015686	0.0747603739	0.0099398756	-0.0038431269	-0.0724175751	0.053768478	0.0207798498	0.0361775969	-0.0760943875	-0.0780617435	-0.0347878202	0.0679002284	0.0396831318	0.009254989	0.0547305751	0.0599127622	0.0336479188	0.0103393876	-0.0061704271	0.045323422	-0.0522293718	-0.0048271592	-0.0049699083	0.0157149494	0.0471841249	0.0635992068	-0.0336660489	-0.056435105	0.0514346872	-0.0681892175	0.0666786087	0.0254245118	-0.0492878234	-0.0614616652	-0.0957432334	-0.0117865098	-0.0143920811	-0.070691368	0.1225249916	-0.0754959639	0.003145754	-0.0165203065	0.0318233647	-0.004380641	0.020287134	0.0315566961	0.0236151966	0.0494770001	0.0266770485	0.0006936961	0.0716873585	-0.0930343624	-0.066067324	-0.0719385907	0.0924709655	-0.005562574	-0.0251073364	0.00811594	-0.0033398885	0.0712310284	-0.1095908611	0.0863267879	0.0033766693	0.1053028373	-0.0562442352	0.0342719199	-0.0202279248	-0.0494577505	0.0426905802	0.0275385681	0.020901104	0.0997955714	-0.0252538459	-0.0221678605	0.0099557412	-0.000986841	0.0083319293	0.0157193527	-0.0755970167	-0.0448275254	0.05833645	0.0672896215	-0.0324269895	-0.0797754371	0.0017099414	0.0904721144882216	0.0364377869116054	0.0081852034999698	0.0013277123150155	0.1028460605708829	-0.0012315178627915	1.5166362463745594e-06	0.0105773121749497	-0.2395777527736129	0.0514429686463131	0.0573974996240543	0.0026463790231455	0.0003429865905185	0.0003906136744194	1.525790426434373e-07	1.1763980127550521e-07	0.0003580128519939	-0.0005369804807094	1.2817320219280618e-07	2.883480366628983e-07	7.493860766125395e-05	-0.0002090831784189	4.371577549776882e-08	5.615794918207349e-09	0.0	0.0	0.0
1814.871582916888	-1.1492702559021382	1.3208221211013662	3293758.8624792504	2492.7994819728806	-1.9819340614521932	3.928062623944387	6214049.257324262	1953.415778933548	-0.9541570708504424	0.910415715853896	3815833.20538656	2078.179860160638	1493.921210313395	1.211221	31.671289	0.1250407746111836	0.067751105330048	-0.0479306945	0.0013787828	-0.1234305648	-0.011373159	0.0035782746	-0.0670830251	-0.0624439312	-0.0149076349	0.0098456374	0.0360775166	0.0091542869	-0.0969927988	0.0212626449	0.0137203927	0.0252096611	0.0488941743	0.0148754162	-0.0574913232	-0.0775852562	-0.0132957094	0.0198625329	-0.0236718319	0.0801501014	-0.068751251	0.0493522991	0.0004865948	0.0448678029	-0.0911262909	0.0301134336	0.0815995466	-0.0170418053	-0.0481964575	0.1199764598	-0.0204102819	-0.0050915324	-0.0709640213	8.57904e-05	0.0658583655	0.0868100041	-0.062085055	-0.0091756062	0.0416549928	0.064290994	0.0206581794	-0.0256282719	-0.0022157652	0.0053581329	-0.0909645422	0.0313579314	-0.0760612734	0.0190258503	-0.0516140482	-0.1746853033	-0.070120983	-0.0104608845	-0.0300366805	0.0329361291	-0.0534828411	0.0095406766	0.0514877132	-0.0143978148	0.0095709784	0.0047597418	-0.0715516827	-0.0450588915	-0.0696421404	0.0131866199	-0.0012479644	0.0065344168	0.0642477277	-0.0465435787	0.0053328337	-0.0535307082	-0.0371024186	0.0114465912	0.0080989464	0.0734027773	0.0775255714	-0.0076204785	-0.0662393374	0.0480183882	-0.0402787932	-0.0295204755	-0.0119580347	-0.0180459678	0.0222547837	0.0884158943	0.0675452988	0.0231308838	0.0848214342	-0.0006751322	-0.0347042726	-0.0485705477	0.0794470766	-0.0495867449	-0.0445131308	0.0114166485	0.0013280933	0.013348622	-0.054612559	0.0570926538	-0.0948184695	-0.0098084138	0.0941467741	-0.0048011198	-0.0029441638	0.0446429926	-0.0219860833	-0.0242133474	-0.0179549152	-0.0874549427	0.0656405629	0.0589626452	0.0411947573	-0.0440065969	0.1351475471	-0.0502893582	-0.0918256766	-0.0584057824	0.0255095601	0.0128829728	0.1319248058	0.0143467709	0.0537203531	0.0119960629	0.0734153109	0.0239231454	-0.0184610996	0.0754880176	-0.0445128509	-0.0837077059	0.0572719005	-0.0149322105	-0.0592747408	0.0514733261	0.0058033234	-0.0306434441	-0.0106158318	0.0148794683	-0.0762265226	-0.0426618292	0.0606775209	0.064777029	-0.0370681691	-0.0782873035	0.0085347133	0.0949722987445795	0.0045001842563579	0.0090197375288296	2.025165834117161e-05	0.1313572476887827	0.0285111871178998	0.0008128877908718	0.0172547265203722	-0.2542927214745916	-0.0147149687009786	0.0646647881949542	0.0002165303038707	0.0003521969204775	9.210329958999956e-06	8.483017795365216e-11	1.2404267079383445e-07	-0.0006378916466773	-0.0009959044986712	4.069057529006773e-07	9.91825770473534e-07	0.00061611246975	0.0005411738620887	2.928691490080492e-07	3.7959457538144477e-07	0.0	0.0	0.0
1817.5104258463184	2.6388429294304387	6.963492006205019	3303344.1480600657	2494.701448520938	1.901966548057317	3.617476749929065	6223535.3172524655	1947.216101939284	-6.199676994263882	38.435994833204845	3791650.54765162	2068.147368655378	1514.4364800865555	1.255281	32.823391	0.0788525327114764	0.0440669753901113	-0.112573736	0.0693842301	0.0518004721	-0.0039145843	0.0570042796	0.0862735431	-0.0921447414	-0.0829085999	-0.0558908911	0.0646456345	-0.0570719919	0.0587044928	-0.0512028716	-0.0233869047	-0.016673468	-0.0117632574	-0.153781586	-0.010096697	-0.028964517	0.0631282267	0.0414156992	-0.0136256633	0.0074402737	0.0857047276	0.0206927683	0.0091048932	0.0313540064	0.0273808347	-0.002688593	-0.0013223204	0.077015783	0.0717000704	0.0863895841	-0.0703886909	-0.0328712383	-0.0558271238	0.0366459689	0.0472290095	-0.0041183988	-0.033605133	0.0214764915	-0.0254375936	0.0568484426	0.0602032329	-0.0066493311	-0.0200234084	0.0943025828	-0.0189882627	-0.0560362191	-0.0504594802	0.0537010356	-0.0244853993	-0.0678796197	-0.0768477077	-0.0591462741	-0.0568411222	0.0386665513	-0.0097309299	0.066539253	-0.0515297424	0.0124782603	-0.0077204378	0.0180982923	0.056663913	-0.0042540777	0.0162618643	-0.031004724	-0.1112675751	0.1357894851	0.04951835	0.0448299336	0.0114820886	0.0148634237	-0.0021172429	-0.0210391454	0.0707699782	-0.1061850398	0.0683822732	-4.69504e-05	0.0214807388	0.0689185111	-0.0590226615	0.010142673	-0.0796364728	-0.070356489	-0.0278595199	0.0524716341	0.0418255866	-0.1534807087	0.0524548072	-0.0367997523	0.0308636736	-0.0762683704	0.0618679408	0.0359046189	-0.0867647973	0.1281138655	-0.0066493501	-0.0324866976	0.0332953382	-0.067500305	0.0037119469	0.0282180624	0.0183320865	-0.1127775453	-0.0499650541	0.000245053	-0.0139265062	0.1006119917	0.0688497502	0.0356748548	-0.0505411237	0.0424736273	-0.0089655254	-0.0956809043	0.1495289728	0.0228738469	-0.0310897118	-0.0418937913	-0.0423964208	0.0169546413	0.0239050996	-0.0362061246	-0.0382008455	-0.0378415989	-0.0962738557	-0.0102405669	-0.0214979866	-0.1079909668	0.0053463785	-0.1155467238	-0.0385649477	-0.0556353688	-0.0129496744	-0.0313798992	0.0187081957	-0.0788396948	-0.0426472536	0.0140379523	-0.0768225931	-0.0404540309	0.0629121428	0.0620868871	-0.0415630576	-0.0763786853	0.0152996203	0.0760934023170563	-0.0188788964275232	0.0057902058761853	0.0003564127303211	0.1316899189223335	0.0003326712335507	1.1067014963220855e-07	0.0173422347457707	-0.2207250501854929	0.0335676712890986	0.0487195477793883	0.0011267885557729	-7.327218399757492e-05	-0.000425469104475	1.810239588628222e-07	5.3688129477744754e-09	-0.0006670251833045	-2.9133536627200013e-05	4.449225951624018e-07	8.487629564084048e-10	0.0006829757038738	6.68632341238e-05	4.470692077494093e-09	4.6645581208191254e-07	0.0	0.0	0.0
1821.414987766535	3.904561920216565	15.245603788805273	3317552.557660566	2490.0066666292505	-4.694781891687399	22.040977010515903	6200133.199858111	1950.7581066221703	3.5420046828862723	12.545797173588284	3805457.190552115	2075.449453262708	1532.901374250033	1.035612	27.07943	0.0150546750215059	0.0078855205564809	-0.0766224319	-0.0090019506	-0.0205598287	-0.0238032555	0.012517782	0.0535363027	0.0029633124	-0.004210629	-0.0605210568	0.0565085694	-0.1214963881	-0.0216720864	0.0679680792	0.1071145223	-0.0454862584	0.0868476328	-0.0996738404	-0.0439320386	-0.061816531	0.0173961591	0.0105171921	0.0713419814	0.0929670394	-0.0223080762	-0.0511209408	0.0534913894	0.0205626689	-0.0116414875	-5.23303e-05	-0.0031043145	0.1003181842	-0.0153666441	0.0269352208	-0.0144866171	0.1108799193	0.0404243207	-0.0419403975	0.035822834	-0.0069322584	0.064268777	-0.1015291512	-0.0417412706	-0.0146204107	-0.0227330186	-0.0609102963	-0.0361784025	0.0231292792	0.0081235291	-0.0556422231	-0.0051908055	0.0683374392	-0.0145529754	-0.0538788995	0.0184303268	-0.0124904539	0.0901924225	0.0678952687	-0.0564838897	0.096370313	0.0405791385	-0.0383565611	0.0645840887	0.0202763294	-0.0291975786	-0.0235628911	-0.049096453	-0.1137738524	0.0293115557	0.0951504706	0.0183835519	-0.0310787234	0.0057095156	0.0289494591	0.0278427007	0.0752355144	0.0547691202	0.0251249723	0.0950563253	-0.0208569062	-0.0644047206	0.0266390591	0.0351332264	-0.0308113801	0.0801125788	0.155686731	-0.1122150772	0.0264673737	0.0421841275	0.038525844	0.0413678381	-0.0835837224	-0.0615529761	-0.0113012342	0.0498843819	0.0662477107	-0.0547579805	0.076416357	-0.0586485087	-0.0535759632	-0.0848399612	-0.0390677601	-0.0132693698	0.0104751829	0.035185809	0.0598014684	-0.0982093958	0.0364996753	0.0152002462	0.0142359752	0.0069790387	-0.033227367	-0.0177178085	0.0448766028	-0.029109668	-0.0710034517	0.1341184692	-0.1019415986	-0.0485876373	0.0346861185	0.038254406	0.0424388959	0.0017848567	0.0412395853	-0.0509052583	0.1093139267	0.0141059937	-0.0043783509	0.0752056153	-0.0488555114	0.0182560511	-0.1068080575	-0.0231087698	0.0162177996	0.0080143256	-0.0121887304	-0.0437806693	-0.0583485345	-0.0473521164	0.0131948967	-0.0773849666	-0.0382063093	0.0650363955	0.0592265694	-0.0458939156	-0.0740598336	0.0219572114	0.0732000728649211	-0.0028933294521352	0.0053582506674297	8.371355318593001e-06	0.131441070051153	-0.0002488488711805	6.192576068781534e-08	0.0172767548961921	-0.2222848053706698	-0.0015597551851768	0.0494105346986765	2.432836237686218e-06	-2.121720063470896e-05	5.205498336286596e-05	2.709721292908252e-09	4.501696027734944e-10	-0.0007790083493641	-0.0001119831660596	6.068540083789797e-07	1.2540229480731965e-08	0.0007259923847116	4.301668083779998e-05	1.8504348303011481e-09	5.270649426592358e-07	0.0	0.0	0.0
1816.4930676773315	-4.921920089203468	24.225297364504677	3299647.0649198024	2488.7921481662324	-1.2145184630180663	1.4750550970117666	6194086.35677389	1951.5845096618173	0.826403039646948	0.682941983937715	3808682.098351956	2073.79352751927	1494.809655285927	1.049651	27.446527	0.1248867841053861	0.0520688781763832	-0.041450309	0.0144489287	-0.0319405675	0.0170935946	0.0862455206	-0.0025234805	-0.1198677607	0.0412892513	0.0038965203	0.0224030984	-0.0423827451	-0.049265447	0.0911486452	-0.0277930776	0.0257500896	0.0995100294	-0.0014410788	-0.0660185776	-0.0664494625	0.0281550636	-0.0281960643	-0.0425987821	0.0447621393	-0.0106014565	0.0170907814	-0.0730571124	-0.0007240586	-0.0903206751	0.0061281484	0.0511032824	-0.1125313801	0.0100517067	0.0338143782	0.0188366476	-0.1444611833	0.1010434152	-0.0565124711	0.0183281816	0.0246164932	0.007363228	-0.0175016751	-0.0064700062	-7.71989e-05	-0.0289677218	0.1054558795	-0.0329044661	-0.0028774766	-0.0790482898	0.0416049692	-0.0209133051	-0.0276396304	0.0861384646	0.0477371687	-0.0510898151	-0.0315643781	-0.0144616013	0.0078074395	-0.0470793905	0.0114998619	0.0662764231	0.0774361892	-0.0565682886	-0.0700055335	0.0003489014	-0.0601033335	-0.0130980387	-0.0011713374	0.0649455188	0.049727908	0.1162852449	-0.0504986129	0.0527579821	0.018341845	-0.0235285434	-0.0034628187	-0.0776890631	0.0702603948	0.0597811047	0.0165699212	0.0411422242	-0.0319758564	-0.0865604544	0.034989255	0.0504473173	0.0530484274	0.0237785071	0.0713370463	-0.0489244734	0.0220873143	-0.0712820507	-0.0226786029	0.0116893661	-0.0916144553	-0.0043768421	-0.0362584258	-0.0082563188	0.0016340861	-0.0326949241	-0.0791655854	-0.0933405413	0.0361196408	0.0386019629	-0.0299390222	0.0557578163	0.0299497599	-0.0262057413	-0.1235426949	0.0217935051	0.021425346	0.0318769774	0.0393995743	-0.004514408	-0.0308928275	0.0341033731	-0.046132776	0.115748229	-0.00374383	-0.1177793868	-0.0214601136	-0.0431682381	-0.0022907628	0.0239463543	0.084674948	-0.0034116241	0.0286770837	0.0380326686	-0.0008920145	-0.1107177914	0.0287883863	-0.0298449674	0.0201434603	-0.0156547974	-0.0417327512	-0.0328651637	0.0016596225	0.0299854773	-0.0412347798	-0.0150878498	0.0123503943	-0.0779133966	-0.0359208828	0.0670465522	0.0562039158	-0.0500436514	-0.0713432033	0.0284607885	0.0772647374401174	0.0040646645751963	0.0059698396516902	1.652149810885574e-05	0.1487819674463821	0.0173408973952291	0.0003007067224718	0.0221360738372163	-0.2473268749993451	-0.0250420696286753	0.0611705830969416	0.0006271052512874	0.0006341282478553	0.00065534544849	4.2947765685657093e-07	4.0211863472803273e-07	-0.0002336526951649	0.0005453556541992	5.459358195782168e-08	2.974127895670374e-07	0.0010940743321481	0.0003680819474365	1.3548432002864638e-07	1.1969986442653111e-06	0.0	0.0	0.0
1828.1575087995568	11.664441122225298	136.05918669386057	3342159.876980202	2490.8357101966594	2.0435620304269837	4.176145772202855	6204262.535190897	1962.249397337906	10.66488767608871	113.73982914358886	3850422.697352975	2075.3720382194447	1526.6872237248483	1.036098	27.092146	0.2018519777127899	0.0814741258605014	-0.0453782206	0.0261519277	0.0030318259	-0.0494309555	0.0740943751	0.0356690936	-0.0227518965	-0.0156464974	-0.1482196856	-0.0158080302	0.03600909	0.0173254002	-0.0048545006	-0.0215089164	0.1006934673	0.0586999215	0.0425545981	-0.1039252019	0.0799810816	0.0977901457	0.004720071	0.0445206033	0.0598801461	-0.0496738371	-0.005477208	-0.1087436157	-0.0532362674	0.083396754	-0.005521024	0.0007415361	0.0607650443	-0.0375504268	-0.0377547087	0.016788772	0.0561416449	-0.0375022866	-0.0071317939	0.005813703	-0.0878024031	-0.1281468825	-0.0486216982	0.0242600431	-0.0160076249	0.0497225099	-0.0535145955	-0.0070660912	0.041101948	0.0148436304	-0.0172972562	0.1085068413	-0.0760468372	0.0720263816	-0.1175229828	-0.1309025226	-0.0159358363	-0.0551408496	0.0834450857	0.115710492	0.0802007121	0.0391844259	0.0400479924	-0.0125724724	0.0050240921	-0.0299096212	0.0340392629	0.0341299083	-0.0777281135	0.1331704401	0.0673818435	0.0079175954	-0.0807785107	0.0862420092	-0.0631248405	0.1584654922	-0.0241386883	-0.1164361469	-0.0759419656	-0.0453470318	-0.0633581757	0.070301993	-0.0375049725	0.0558052545	0.0238405433	-0.0071569683	-0.0158905736	-0.0723394151	0.0737473077	0.0347159019	0.0477944922	0.103238778	-0.0142075976	-0.1523477812	-0.0224745082	0.0099205694	0.0183158277	-0.0115824484	-0.1019837231	0.0562497558	-0.0410859002	0.0552608438	0.0899543242	-0.0148352608	0.0648797558	0.0484957478	-0.036834949	-0.0071109084	0.002816022	-0.0370158163	0.0657676649	0.0290721176	0.037504102	0.1055942788	0.0791799414	0.0995035117	-0.0301804736	0.0335810358	0.0662328445	-0.0144951926	-0.0121918555	0.0162084962	0.0618792846	0.0152623682	0.0609620918	-0.0483276518	0.0401444853	0.0472869324	-0.1078476848	0.056681076	-0.0195858337	0.0675127485	-0.0934570491	-0.0706913991	-0.0914779827	0.0634333406	-0.0924171405	0.0001387189	-0.0662735839	-0.011254791	0.0115045374	-0.0784076511	-0.0336000067	0.0689390864	0.0530272111	-0.0539958877	-0.0682433853	0.0347647336	0.0282820587850523	-0.0489826786550651	0.0007998748491211	0.0023993028082253	0.1282806327497638	-0.0205013346966183	0.0004203047243427	0.0164559207386797	-0.2939392324994117	-0.0466123575000665	0.0864002724023431	0.002172711871714	0.0001708399996011	-0.0004632882482541	2.146360009704452e-07	2.9186305463703848e-08	0.0005290514340163	0.0007627041291812	2.7989541983470345e-07	5.817175886700526e-07	0.0006049545723627	-0.0004891197597854	2.392381394125275e-07	3.659700346225372e-07	0.0	0.0	0.0
1825.3407395459096	-2.8167692536471804	7.934189028292094	3331868.8154460085	2499.1959672832854	8.360257086626007	69.89389855448036	6245980.482885037	1958.4641536202016	-3.785243717704361	14.328070002420334	3835581.841015293	2079.8681004599	1549.049651430527	1.014018	26.51479	0.0408505322103755	0.0226342897549965	-0.0126454497	-0.0428720539	-0.0281311142	-0.0573453629	0.0511887789	0.0525847646	0.0233727575	-0.0009198097	-0.0797513432	0.0861625009	0.014783532	0.0773213425	-0.1107760284	0.0499257962	-0.0040990722	0.0261870267	0.0271515154	-0.074337859	0.0614068056	-0.0043005067	-0.0956353809	-0.0185193191	0.0748521203	0.1024755888	-0.0141098866	-0.0302848571	-0.0041473407	-0.1289708872	0.0191332706	-0.0126678412	-0.0437967786	0.0562450425	0.0291321453	-0.007671362	-0.0164510768	0.0085700955	0.0769236457	-0.0300275369	0.0132939177	0.0329149925	-0.0276505538	0.0560000739	0.1365934708	-0.0884443876	0.0246401715	0.0154836422	0.0270429235	-0.0395300141	0.0002595643	-0.0178749386	-0.0233872882	-0.0226935007	0.0649121768	-0.0227167652	-0.0176772487	-0.0019803998	-0.026038808	-0.0685034077	-0.1014599732	-0.0627123721	-0.1073222737	-0.0133911613	-0.0293564494	0.1137673203	0.1192076169	-0.0042207289	-0.0629428661	0.0138380824	0.0293792858	0.0021495954	-0.0426745834	-0.0197839865	-0.0384675311	0.1141540589	0.1084493013	-0.0858805551	0.0713073214	-0.0094895327	0.0198483044	-0.0253763863	0.0398367409	-0.1149878967	-0.0567992572	-0.0747015455	-0.0596018494	0.0431101137	-0.0170584587	0.0373072646	-0.0120113786	0.0245963859	0.0641490969	0.0200185833	0.0376637781	0.0057303498	0.0258299124	-0.1375272712	0.0407497166	-0.0527311153	-0.0944720144	-0.0513739862	0.0221927837	-0.0732710913	0.0281478637	0.0116716072	-0.0682936628	0.1417429116	0.0167724532	-0.0079970753	0.0429513217	0.005843596	-0.0158467681	-0.0134864417	-0.000510775	0.0300006586	-0.0166849013	0.0133640163	-0.0600475032	0.0057149853	-0.0223955307	0.0185559254	0.0327766168	-0.0379615082	0.0682048092	-0.0172686806	0.0223890133	0.1713151226	-0.0229632938	-0.0468057362	0.0043733537	-0.0245081381	-0.0087273102	-0.1282328705	-0.0703412301	0.0764083337	-0.0545709213	-0.0169418131	-0.0347508827	0.0380992004	0.010657419	-0.0788675135	-0.0312459714	0.0707106781	0.0497051625	-0.0577350269	-0.064777029	0.040824829	0.0224831309251953	-0.005798927859857	0.0005054911761994	3.3627564323825694e-05	0.1272276037890947	-0.0010530289606691	1.1088699920078686e-06	0.0161868631659148	-0.3045368362381211	-0.0105976037387094	0.0927426846259242	0.0001123092050027	-0.0002111860839131	-0.0003820260835142	1.459439284851985e-07	4.459956203855091e-08	0.0006089352585811	7.98838245648e-05	3.708021491432311e-07	6.381425427099745e-09	0.0006110640973065	6.109524943800036e-06	3.732629503891484e-11	3.7339933101700774e-07	0.0	0.0	0.0
1823.701950610516	-1.638788935393677	2.6856291747687417	3325888.8046606006	2509.7223763301454	10.526409046859952	110.80528742181508	6298706.406252231	1957.418981116588	-1.045172503613685	1.0923855623100984	3831489.067635501	2086.1720032555195	1554.8433635772074	1.098517	28.72427	0.0965722715901407	0.064046111734445	0.0486969147	0.0003478338	0.0962334887	-0.0067671538	-0.0220654838	0.0131560409	0.0736580375	0.1008735474	-0.0054007555	0.0932238816	-0.028606739	-0.0078287025	-0.0032276991	0.0429987107	0.0751278926	0.0235317085	0.1271010039	-0.0743490438	-0.0096536789	0.0236870896	-0.0287454457	-0.0636921279	0.040674698	-0.0072630572	-0.1402588435	-0.0223675859	-0.0282419755	0.0134524625	0.0086176333	-0.0274106201	0.0322427051	-0.1047698175	0.017657735	-0.1008744611	0.0044535249	0.1310454803	-0.0454013798	0.0567445855	-0.0631422286	-0.0001735623	-0.06526933	0.0282562426	0.0059409055	-0.0333142055	0.0832781656	-0.0122894826	-0.0382053368	-0.0559327734	0.0193029394	0.1617229583	0.0099683482	0.0538888956	-0.0225172983	-0.0505766642	0.0007647669	0.028030846	-0.0285305263	-0.048357212	0.0867567954	0.0351950256	-0.0499854609	-0.040541664	-0.0481437814	0.140887371	0.0324772365	0.038902498	0.0420072156	0.1287752539	-0.0916143659	0.0149831519	-0.1034793086	-0.0085820084	0.06407456	0.0871240545	0.0861280689	0.0190527916	0.0110046917	0.0253764579	-0.0954913424	0.0098138019	0.0049899529	-0.0435648709	0.0238544121	-0.0195129678	0.0357658674	-0.0595711316	0.0942415292	-0.0486945713	0.0020592542	0.0428675676	0.0269914897	-0.0337498152	-0.0698766761	0.0380342488	0.0227323008	-0.0288294658	-0.0415592105	0.0076856295	-0.1263417157	-0.0614973477	-0.0219792395	-0.072403754	-0.0275498529	0.0120301596	-0.1090461173	0.0066865512	-0.0557094479	-0.0432079124	-0.0559075468	-0.0168606508	0.0559844621	-0.0139256998	-0.0319669387	0.0369658163	0.0265410513	0.0009829906	0.0495070262	-0.0657157633	-0.0794018212	-0.0301107834	0.0204406268	-0.0545913274	0.0878213229	0.0055139755	0.0480818811	0.0768637187	0.0005486454	0.0252259678	-0.1104161209	0.0431389587	-0.0321851908	-0.1054100856	-0.0307606537	0.0621634549	-0.0558020949	-0.0582489393	-0.0570405139	-0.0206558893	0.0098091318	-0.0792927819	-0.0288611001	0.0723582192	0.0462468756	-0.0612463124	-0.0609627523	0.0465985677	0.0226372807331216	0.0001541498079263	0.0005124464789901	2.3762163283715648e-08	0.1364789670154635	0.0092513632263687	8.558772154620888e-05	0.0186265084376079	-0.3613385159944968	-0.0568016797563756	0.1305655231411052	0.0032264308231458	0.0002018546168867	0.0004130407007997	1.706026205171899e-07	4.074528635847643e-08	0.0004505650462249	-0.0001583702123562	2.030088608796463e-07	2.508112416174789e-08	0.0006469547601399	3.589066283339994e-05	1.2881396786207955e-09	4.185504616676755e-07	0.0	0.0	0.0
1817.985068187328	-5.7168824231880535	32.682744640556514	3305069.708152083	2483.3821469595605	-26.340229370584893	693.807683295023	6167186.887837476	1949.533714474656	-7.885266641931821	62.17743001436274	3800681.70387335	2073.351937171834	1548.1411185920892	1.04236	27.255877	0.0971394332151504	0.0482661955268966	0.0299264651	-0.0630705973	-0.0462036901	-0.0448381682	-0.0087116578	-0.0096918398	0.0428693302	-0.0091604925	0.0713457249	-0.0137069211	0.013897404	0.0093214989	0.1175528617	0.0009852742	-0.0131756039	0.0246378811	0.024776485	-0.0303760772	-0.043984073	0.0225632394	-0.0067612829	-0.0095236046	0.0775094236	-0.0473255009	0.0926802084	-0.0697257523	-0.0662192921	-0.0884759338	-0.0063138465	-0.0200551719	0.1222393952	-0.0709163911	0.0645032588	-0.0047721379	-0.0336403546	-0.0338723064	0.0543100368	0.0045833596	-0.0221826943	0.0041825375	0.0060549405	0.1102691941	-0.0097342183	-0.053793353	0.0635487278	0.0440012425	-0.012094345	-0.0042612686	0.08468019	0.0122364851	0.1024388709	-0.0078434869	-0.0358989179	0.0674782553	0.0746404014	0.0263067036	0.0231916032	0.0390282186	0.0864642883	0.0615023468	0.0304482569	0.1053248676	0.0715740615	-0.0102956474	-0.0317478378	0.0546046885	-0.097579024	0.0008092121	-0.0116001523	-0.0351782425	-0.0376608711	-0.0004509857	-0.0300091382	-0.018112781	-0.0080116695	-0.1026324404	0.0707293165	0.0624793693	-0.0523942151	0.0248570092	-0.0669701589	-0.039669819	0.0764534465	-0.0949310886	0.0418433559	-0.0820996198	0.0811365678	0.0958764138	-0.0216685043	0.0046595656	0.0142674024	0.012229038	0.1001987187	-0.0149802886	-0.0403991431	-0.0682807382	0.0498899391	-0.0874578061	0.1044246724	0.0142597118	0.0455781499	-0.0987543497	-0.0280281018	0.0023891248	0.1215295129	0.0056113823	-0.1151486386	-0.0325537288	-0.0010252673	0.0715373268	-0.0031730933	-0.0017307465	0.0097092625	-0.0269061651	-0.0008115137	0.0192152458	0.0400267919	-0.051960199	-0.0084074723	0.0467618172	0.0467652468	-0.0097557422	0.0961164277	-0.0011770272	0.0345302025	0.0908559344	0.0853284854	-0.0820740314	-0.0360330282	-0.0339767469	0.0110152466	0.003172355	0.0093939767	-0.08640938	0.0020185407	-0.0322297638	-0.0893858384	-0.0011792336	0.008959769	-0.0796832699	-0.0264477464	0.0738788195	0.0426618292	-0.0645158866	-0.0568210419	0.0520454508	0.0385428642466791	0.0159055835135574	0.0014855523843379	0.0002529875869067	0.1236386287085196	-0.0128403383069438	0.0001648742878367	0.0152865105089231	-0.3222302593765178	0.039108256617979	0.1038323400578579	0.0015294557356976	0.0005948887040361	0.0003930340871494	1.544757936613622e-07	3.538925701897507e-07	0.0004701412173884	1.957617116350003e-05	2.210327642874468e-07	3.832264774226501e-10	0.0004738599229194	-0.0001730948372204	2.996182267239137e-08	2.245432265491797e-07	0.0	0.0	0.0
1817.613123370676	-0.3719448166518759	0.1383429466341976	3303717.4662493044	2483.2695672630807	-0.11257969647977	0.0126741880594771	6166627.7436949685	1946.2135009765625	-3.320213498093608	11.023817672922991	3787746.991383448	2069.4009485190045	1560.2043021570314	1.203085	31.458542	0.0977969761375502	0.0508924235862577	0.0351422311	0.0438118256	0.137239728	-0.0973416202	0.0125110092	0.0250582654	0.0827429479	-0.0274882436	0.0201624786	-0.0362051015	-0.0215020212	0.0081163083	0.0712172822	0.0017041138	-0.0203120998	0.0203905606	-0.0514596398	0.1010954325	-0.0177433068	0.1160980666	0.0118856802	0.0668787107	-0.012173721	0.0792846491	-0.0750156498	-0.0626573315	-0.0654504057	0.034961257	0.0628660196	0.0445265636	0.0058003083	0.014051834	0.0280658539	0.00744984	0.048844251	0.0845045938	0.0275854771	-0.0136858465	-0.0230153155	0.0271564506	0.032744672	-0.1151386299	0.0595746285	0.045855711	0.0340145328	0.0132264748	-0.0195440896	-0.0454207423	-0.0496378211	-0.0348203738	-0.0209383326	-0.0327563591	-0.0269961565	-0.0041455541	-0.0812555224	-0.0120476517	-0.0155028104	0.0427734594	-0.0228049022	0.0596954915	0.0557994373	-0.0715682102	0.0474273301	0.0483607771	0.0965291413	0.0311160065	-0.0072968481	-0.029351349	0.0104791878	-0.1158486149	0.0478413418	0.0244041833	0.0509460661	-0.0137219739	-0.0549001722	0.0263947188	-0.0097278212	-0.0008161068	-0.0393032874	0.0033221793	0.101623675	-0.1025697721	0.1653061292	0.0882978821	-0.0483537001	-0.018758349	0.0917638457	-0.0210088853	-0.0577123568	-0.1337892	-0.0345099385	0.0012830056	-0.0116509568	-0.0151834351	0.0549974745	0.0742564954	0.0248215971	0.1078977863	-0.0104622379	0.0527596889	0.1139575244	0.0574706873	-0.0485804048	0.0156771643	0.0200752595	0.0230967999	0.1096051766	-0.0770848166	-0.0023162052	-0.0504629255	0.104540536	0.015293002	0.002674208	-0.0481683931	0.0581824394	0.0838825888	0.0126450287	0.0909360998	-0.0177423416	-0.08840661	0.0654707526	-0.0546347849	0.0778236361	-0.075784608	-0.1070578138	-0.0092565524	-0.036393303	0.0158550575	0.0130864198	0.0762814441	0.0260270848	0.0119328374	0.0619649682	-0.0564063007	0.0817080487	-0.0718218774	0.0517866783	0.1453403831	0.0081094236	-0.0800388062	-0.024008292	0.0752698111	0.0389598496	-0.0675308461	-0.0523741431	0.0571272725	0.078557900393946	0.0400150361472669	0.0061713437143051	0.001601203117867	0.1066547727948119	-0.0169838559137077	0.0002884513616975	0.0113752405599129	-0.3440974962730934	-0.0218672368965756	0.1184030869414115	0.0004781760494909	0.0005368016966749	-5.808700736120004e-05	3.374100424180108e-09	2.8815606155305133e-07	0.0005746852690202	0.0001045440516318	3.302631584288197e-07	1.0929458731592465e-08	0.0006898458075264	0.000215985884607	4.6649902349468337e-08	4.75887238161751e-07	0.0	0.0	0.0
1814.9784825558504	-2.634640814825616	6.941332223144985	3294146.8921407373	2465.989906515655	-17.279660747425623	298.58667554612185	6081106.2190370895	1949.0753673643576	2.8618663877950894	8.190279221591313	3798894.7876665057	2071.668564805565	1492.8246612874077	1.367906	35.768314	0.0754082323488103	0.0312715398340054	0.0951012651	0.0678715847	-0.1062900224	0.0210150091	-0.0214603914	0.0263441146	-0.0238388938	0.0216876276	0.0484506411	-0.0958587208	-0.0062144911	-0.0313064578	0.030290069	0.0434617325	-0.0602766969	0.0236646665	0.0089631525	0.0447092196	-0.0816509867	0.0075224621	-0.1566229212	0.0719758981	0.10485215	-0.0415515567	0.0321648767	0.0322562916	0.0318389443	-0.0250063816	0.0849115526	0.0848506278	0.0812828598	-0.0563132463	0.0689299371	-0.0161787051	0.0344434852	0.1068651345	0.0085003868	0.0259982765	-0.0866988759	0.1008097594	-0.0367141431	-0.0069516292	-0.0718730473	-0.0004333348	-0.0661466033	0.0071044154	0.0142569756	0.0968376154	-0.0647234945	0.0157043767	-0.0517624079	-0.0632372901	-0.0379456373	-0.0234394066	0.058422572	0.069479914	-0.1211045919	0.0178640281	-0.051051528	0.076592973	0.010915143	0.0484831418	-0.0191736744	-0.065819101	-0.0029169396	-0.0121889794	-0.0063212537	0.0233265328	-0.0038645257	0.0212948488	0.0257151204	0.0642871497	-0.0344184599	-0.0412893351	0.1391963283	-0.0241025078	0.0717130663	0.063177853	-0.0719023766	0.0717380034	0.0282592822	0.026637665	-0.024514463	0.0649023281	0.0661446613	-0.0535100042	0.0266412261	0.0704407546	-0.0353807739	0.0369463188	0.076704096	0.0921446995	0.0526896793	0.0223893631	0.0630704138	0.1174020391	0.083800524	0.0556633529	0.0526137762	-0.0600776818	0.0699242723	0.0553331355	0.0295007586	-0.1094684726	-0.018174735	0.0992085398	0.0452893679	-0.0603446311	-0.0885720764	0.0299896042	-0.0622368817	-0.0105966166	0.0963709449	-0.0500964794	0.0631437168	0.0564384186	-0.1360946146	-0.0276544847	-0.0051047481	0.0211263904	-0.0619787717	0.085709567	0.1001201232	0.0196148731	-0.0636904201	0.0977384441	0.0615709761	0.1074625375	-0.0324071166	0.0302455652	-0.0369334651	-0.0481057423	-0.0061182973	-0.0341154951	0.0815352859	-0.0796884997	-0.0530106969	-0.0266177082	0.0072581889	-0.0803592349	-0.0215451443	0.076528754	0.0351510839	-0.0702792922	-0.0476459404	0.0618083875	0.0684340682553141	-0.0101238321386318	0.0046832216979729	0.0001024919771711	0.1279341700307128	0.0212793972359009	0.0004528127467232	0.0163671518614473	-0.3528076467069709	-0.0087101504338775	0.1244732355749108	7.58667205807767e-05	0.0007268352180554	0.0001900335213805	3.611273924827296e-08	5.282894342056408e-07	0.0003398531128351	-0.0002348321561851	1.155001383037072e-07	5.514614157854323e-08	0.0009708771807688	0.0002810313732423	7.89786327465091e-08	9.426025001375732e-07	0.0	0.0	0.0
1820.4018008732687	5.423318317418307	29.412381572044936	3313862.71662264	2509.452689101413	43.46278258575785	1889.013470096856	6297352.798838313	1958.246964342012	9.171596977654415	84.11819112051964	3834731.173354705	2088.6173068861663	1577.010285148667	1.339357	35.02182	0.1157005660030727	0.06058051451815	0.0303073697	-0.0393790215	0.0467461772	-0.0595157894	-0.1016248118	0.0194457597	0.0285902677	0.050295055	0.0779222576	0.0967675802	0.0513955753	-0.0214543054	-0.0038454281	0.0032655295	0.0167021375	0.0452806171	0.0705273257	-0.0705645383	0.0574139773	0.0777971789	-0.0539019149	-0.1009781304	0.0532070582	0.0169410389	-0.0143094178	-0.1059451127	0.0025223604	-0.003695872	-0.0386123643	0.0110590256	-0.0171766318	-0.0332987594	-0.0381605001	0.0724046408	-0.0770175251	0.0254831144	0.0268541876	0.0198779146	-0.0057461947	-0.0448511479	-0.0344001539	0.0462411542	-0.0471134139	0.0495885681	-0.1175959745	-0.1541604913	-0.0043435383	0.006998922	0.0022609041	-0.0611918494	0.0181848059	0.0695014526	0.029590329	-0.073279663	-0.0433719603	0.0343325079	0.0144751258	-0.0028466572	0.0647074836	-0.0455926119	0.0150126544	-0.0048702909	-0.1250796781	0.0035502408	-0.0097552765	-0.0681564006	0.0215071836	-0.1027163255	-0.0802766393	0.0447513451	-0.0784715338	-0.0825899944	0.0185481555	0.0275719086	0.0169478319	-0.0856387213	-0.0594410123	-0.037443892	-0.0554202721	0.0395899694	0.0126347617	-0.1057126891	0.0781664711	0.0337803998	0.0408826761	-0.0344873768	0.0507166176	0.0982618011	0.0828904718	-0.0600638052	0.0235684394	5.72928e-05	-0.0668704326	-0.0344112798	0.0220529728	0.014311159	-0.0277938186	-0.051835897	-0.0877298494	0.0487004695	-0.0384062165	0.0211671167	0.0701856491	0.0532016159	0.0226063091	0.0462468462	0.0295300027	0.0828800892	0.075262811	0.041156469	0.0231454947	0.0122548997	0.0348331761	-0.0138566271	0.0142303511	-0.0045810957	0.0925347506	-0.0087533154	0.0152774236	-0.0312716872	-0.0071070967	0.0553645995	0.0769652047	0.0063264752	-0.0668302117	0.1318196816	-0.0489426605	-0.0532677282	-0.028392429	-0.0454341758	0.076618899	-0.0616420775	0.0291048847	0.054466851	0.0781950726	-0.0621198366	-0.0393029236	0.0467482395	0.0064061583	-0.0806444153	-0.0190607341	0.0776534394	0.0312459714	-0.0727503781	-0.0426618292	0.066055961	0.0174430783376919	-0.0509909899176222	0.0003042609818948	0.002600081052779	0.1164643080708316	-0.0114698619598812	0.0001315577333787	0.0135639350544175	-0.3492618061669716	0.0035458405399992	0.1219838092470152	1.2572985135102457e-05	0.0004152660535097	-0.0003115691645457	9.707534429570549e-08	1.7244589519752101e-07	0.0007101369757924	0.0003702838629573	5.042945243875757e-07	1.3711013916658053e-07	0.0006588527365604	-0.0003120244442083	9.735925378356089e-08	4.340869284731279e-07	0.0	0.0	0.0
1810.337389991504	-10.064410881764616	101.292366396982	3277321.465601251	2514.7264981909275	5.273809089514543	27.813062312646217	6323849.360703605	1954.87730924351	-3.369655098502108	11.354575482861248	3821545.2941951454	2085.3299040639376	1540.4974284294026	1.128428	29.506388	0.1036562369727442	0.0567743127159969	0.0932589724	0.0148628958	-0.0097831804	0.0155385672	-0.1030218164	0.0371139152	0.0968183002	-0.0050798945	0.1216524095	0.0954485129	0.045081369	0.0642974816	0.0146042295	-0.0200836488	0.2059750746	-0.005328127	0.0609983609	0.0207146967	0.0929086025	-0.086912185	-0.1080215455	0.0161858386	0.1299386496	0.0102293542	-0.0695091727	-0.0260539341	-0.0859508148	-0.0399532185	-0.0184452693	0.0458884158	0.0730112266	-0.0403556512	-0.0313550183	-0.0155410757	0.0050464425	0.00892354	-0.0284753829	-0.0291558989	0.0090166955	-0.0008771035	-0.0469987113	-0.0410622298	-0.0248576367	0.0824849315	-0.0958672853	-0.091340025	0.0028175874	-0.0018597357	-0.02338384	-0.0670991965	-0.0509558342	-0.0066057708	0.062411159	0.0427336922	0.0219424476	-0.1325046256	-0.0070590776	0.0109548635	-0.0070137789	-0.1026127485	0.1529676965	0.0615737087	-0.0003897288	0.052211685	-0.0376586967	-0.0600414142	0.0592929124	-0.0744809014	-0.0927881891	-0.0821534294	0.0123315719	-0.1356804943	0.0051534979	0.028035458	0.085738474	-0.0827219199	-0.0056367881	-0.00804773	-0.0752239077	0.0766160751	0.0293333007	0.022893348	0.0886300259	0.0192658835	-0.0141355409	0.010265211	0.1131258976	0.0354862692	0.166587572	-0.0872458352	-0.0786078789	0.0241593016	0.0246739554	-0.0373789855	0.0272868111	-0.0383135328	0.0696752441	0.0558931562	-0.0116505889	0.0488583811	-0.0639878696	0.1489262598	-0.0058991602	-0.110777311	-0.0532952178	-0.0659472967	-0.0450343685	0.0380950438	0.021857	-0.0308031792	-0.0492628905	0.0482931468	0.074946528	0.0336536743	0.0935755565	0.0054508519	-0.0445883608	0.0883032005	0.0100846496	0.0242195234	0.0256287264	0.070231975	-0.0274909523	0.0407153279	-0.1135775104	0.1081629315	-0.0624040507	-0.0039891284	-0.0906520455	0.0657612038	0.0115069396	-0.0587799026	0.0933341866	-0.1018490935	0.114376928	-0.1404693938	-0.0077906008	0.1062709911	0.0055534252	-0.0808942224	-0.0165575133	0.0786418943	0.0272552159	-0.0749343514	-0.0374485793	0.0698401994	0.0604704307322663	0.0430273523945744	0.0036566729929458	0.0018513530540868	0.1133256980534298	-0.0031386100174017	9.850872841334854e-06	0.0128427138392971	-0.3407323232907657	0.0085294828762059	0.1160985161351228	7.275207813548998e-05	0.0006979952745426	0.0002827292210329	7.993581242587043e-08	4.871974032837995e-07	0.0007610052733961	5.086829760369996e-05	5.791290261366728e-07	2.587583701098587e-09	1.3234421505758185e-05	-0.0006456183150546	4.168230087339947e-07	1.7514991259207472e-10	0.0	0.0	0.0
1813.655778080824	3.318388089319797	11.01169951133949	3289347.2813659585	2475.8168758231564	-38.909622367771135	1513.9587128025555	6129669.202610735	1952.5214677945835	-2.3558414489264123	5.549988932479698	3812340.082198715	2075.349752393325	1510.9174887300553	1.206651	31.55179	0.0774986525282132	0.0447962697966252	0.0245149521	-0.0883908192	-0.0392197483	0.0535271588	0.112707326	0.0051960269	-0.0824044747	0.0025489604	0.0199847242	-0.0775664619	0.0648111272	-0.0084921528	-0.0023791608	-0.0916982778	-0.0191803702	-0.0095698102	0.0479815543	-0.0610462456	-0.0263320004	0.0154493353	-0.1029245296	-0.0098199044	-0.008893731	0.0641262372	0.027969809	-0.0311272911	0.0859400015	-0.0101314501	0.0419375189	0.1319788359	-0.0229741277	-0.0478916504	-0.0673770459	-0.0645350724	-0.0734650509	-0.0476621866	0.0271587928	0.0173580897	-0.0415115335	-0.0401960666	0.091964261	-0.0410356992	-0.0780763084	0.0265226639	0.0882474517	0.0471860106	0.0484790836	0.0321060488	0.0372847004	0.0864204932	0.0350626858	0.0802396924	0.0076461575	0.0470648189	0.054082367	-0.0106100798	0.0268879413	-0.0724634041	-0.0319529918	0.0294307399	-0.0584387378	0.050485726	0.0584122803	-0.0341009119	-0.0352929684	-0.0269297219	-0.0549831082	-0.0952576799	-0.0092285469	0.0527370247	-0.0229427065	0.0300861054	-0.0903983269	0.0029279643	0.0197010364	0.0076486022	0.1319752395	-0.0179181349	-0.0581345271	0.0765889286	-0.0225236463	-0.0440536298	0.0317387944	0.0125324503	-0.0945919371	0.0682767287	-0.0736529903	0.0225724629	-0.0259518241	0.0728243922	0.0965430088	-0.0392555362	-0.0487908008	-0.0207137903	-0.0664643151	0.1465584092	-0.0110573247	-0.0867227559	0.0347663949	0.0825119619	-0.0991695694	0.012589191	-0.1191624318	-0.0070032962	0.0437627702	0.0093034742	0.028537636	-0.1409599642	-0.0212930372	-0.0563486067	-0.0372175598	0.0543006391	-0.0072555519	0.0001024513	0.0445199549	-0.0095612257	-0.0119435187	-0.0580863962	0.1010775986	-0.0106243415	0.0025099951	-0.0194751664	0.0355571252	0.0034594306	-0.0990466428	0.0939725751	-0.0028153183	-0.0205388788	-0.0328208752	0.1598619451	0.0324620326	-0.0492005691	-0.0385952774	-0.0509439727	0.0473371813	-0.0059838717	-0.049507148	0.0016321942	0.0047000831	-0.0811085467	-0.0140379523	0.0794923845	0.0231897558	-0.0768225931	-0.0320341914	0.073134559	0.0428271492598213	-0.017643281472445	0.001834164713723	0.0003112853811159	0.1118662391171625	-0.0014594589362673	2.130020386650509e-06	0.0125140554542181	-0.3441524261715045	-0.0034201028807387	0.1184408924397328	1.1697103714837808e-05	0.0003132240835608	-0.0003847711909818	1.480488694095528e-07	9.810932652250305e-08	0.0007961086972225	3.510342382640006e-05	6.337890577933062e-07	1.2322503643358714e-09	0.0006928759914728	0.000679641569967	4.619126636272654e-07	4.800771395594157e-07	0.0	0.0	0.0
1818.481196097176	4.82541801635216	23.284659032536013	3306873.860559016	2475.687980096459	-0.1288957266974648	0.0166141083608675	6129030.974794084	1956.7049339474656	4.183466152882147	17.50138905231055	3828694.198534356	2075.3148910493287	1507.9190591168606	1.140053	29.810377	0.1688752902721551	0.090448764630747	0.1247700951	0.0009735072	0.0090378837	0.0028231929	0.1666706671	0.0516514273	-0.0575216296	0.1350194315	-0.0426048463	-0.0767735851	0.0463658531	-0.0587048632	0.0430475936	0.0580780516	0.0605417738	0.0295580032	0.153785997	-0.1272877286	-0.0571214298	0.1509650238	-0.0652725594	0.0386610051	0.090686162	-0.0408313543	-0.0262485689	-0.0431981869	-0.1420289738	0.0137547135	-0.0502126127	0.0781379202	0.1460560668	-0.0554911647	-0.1234720745	0.0446755434	-0.0303375002	-0.0221607567	0.017772685	-0.0111364181	-0.1131285881	0.0879167024	0.0555861261	0.0559925961	-0.0240929972	0.040988996	-0.0324352377	-0.01136725	-0.0335288965	0.0071798332	0.030765988	-0.0176262971	-0.0195642541	0.0012368833	-0.052023826	0.1387336318	-0.1631255547	-0.0137194463	-0.0638069488	0.0085759302	-0.0183522353	-0.0485893723	-0.0297185825	-0.0337723937	0.0081583096	0.0155975304	-0.0431409872	-0.0156180518	-0.049157822	0.0711270354	-0.0689892657	0.1135780267	-0.0638920249	0.1469705123	-0.0834506249	0.0554333989	0.0619993814	0.0109754087	0.0001619328	-0.0263107701	-0.2548323771	0.0282318629	-0.047313408	0.0098493356	0.1041587942	0.0599967047	-0.0257995858	-0.011638813	0.0845725172	0.031004559	0.097750019	-0.0170834048	-0.0353668396	-0.0498755658	0.0911750414	-0.1795547951	0.0042780893	0.0632830592	0.052645438	-0.0109881669	0.0543989782	0.0160894328	-0.0882687079	-0.0194416839	-0.0778453227	-0.0636890891	0.0217147053	0.0561621077	0.0198770669	0.0249203085	-0.0232552669	-0.0524227403	-0.0079569592	-0.0025393751	0.087721411	0.0562060701	0.1391764755	-0.0294289707	-0.0150366709	0.0155497877	0.03664713	-0.0400365305	-0.0301656573	-0.0573176369	0.0913829964	-0.0792071679	-0.1383076815	0.1374731256	-0.0674342553	0.012339487	0.0590926273	0.2810243253	-0.043333156	-0.0455161933	-0.0707994427	-0.0014843712	0.0045005158	-0.1590956729	0.050647407	-0.1132465619	0.0038462256	-0.081287294	-0.0115045374	0.0802034182	0.0190607341	-0.0784076511	-0.0264477464	0.0759159322	0.0450487301533542	0.0022215808935329	0.0020293880884297	4.935421666510444e-06	0.1009564130170161	-0.0109098261001463	0.0001190243055354	0.0101921973292623	-0.4314463713416003	-0.0872939451700958	0.186145971343834	0.0076202328633596	0.0008247461432929	0.0005115220597321	2.6165481759257014e-07	6.802062008765128e-07	0.0013401568522555	0.000544048155033	1.79602038864737e-06	2.959883949948112e-07	0.0003794474440703	-0.0003134285474025	9.823745432684123e-08	1.4398036281148346e-07	0.0	0.0	0.0
1823.572849878812	5.091653781635841	25.924938232046564	3325417.938815132	2480.7565186014576	5.068538504998742	25.69008257665488	6154152.904583625	1958.253882821151	1.5489488736852763	2.399242613290886	3834758.2695841137	2077.4801027724666	1568.6890197503	1.157333	30.262213	0.1304268789879676	0.0629298449808698	0.1342368913	-0.0356755257	0.0696197015	-0.0886005356	0.0190806429	0.0309960491	0.0579554553	0.1449473767	-0.0475813402	-0.0928191536	-0.0250498725	0.0571377294	-0.0773524204	-0.0905803243	0.0079982585	0.0112608471	0.1228052719	-0.0051950934	0.1138484483	0.0289674788	-0.0263770707	0.0764487043	0.002436527	0.0474773762	0.019689695	0.0124279312	0.0841453345	0.0160664093	-0.0311500079	-0.0455884993	-0.0333275234	-0.0412350225	-0.0318928592	0.0383197791	0.0108175592	-0.0708545757	0.109161961	0.0164344491	-0.074296787	0.0194591437	0.0068731385	0.0246190816	0.0048059987	0.0132873477	-0.0296639352	-0.0114804148	0.0446587255	0.018640126	-0.1440059003	0.0161559969	0.0685147896	-0.0399517432	0.0295493555	-0.0127359768	-0.0713153753	0.0631011166	0.0068485574	-0.0032405126	-0.0297066457	-0.0136513387	0.0796040526	-0.0983566727	0.0129174699	-0.1421919227	-0.0645702144	-0.0335922474	0.0566782926	-0.0929452563	-0.0803107949	-0.0069602197	0.0027958794	0.081134021	0.0332149732	0.1406177146	-0.0198737103	-0.0589392162	0.0136989397	-0.1179164172	0.0514969063	0.0052489405	0.0567484805	0.0273054737	-0.0673431009	-0.0175688604	-0.0660029432	-0.0471867207	-0.0828595396	-0.0118657025	0.0888135109	0.0760969992	-0.0077488909	0.000748828	0.0166042261	-0.0103913648	0.0766030206	0.1012107179	0.0092903646	-0.0102363728	-0.0516143003	-0.0025441676	-0.0525673312	0.0552737781	0.0094531405	-0.0797254574	0.0965599633	0.0926362625	0.0516451996	0.0256335313	0.0833944343	-0.0261741507	-0.0551501313	0.050726064	0.006924624	-0.1406358949	0.1316186389	-0.054978463	0.0854018609	0.0106856164	0.0466880264	-0.0189478128	-0.0038727736	-0.0337624864	0.0410200426	-0.1154417154	-0.0445029766	0.097249955	-0.0815168378	0.1438507968	0.0054864625	0.013963071	0.0760485975	-0.1372452713	0.0530692308	0.002909685	0.0612991138	-0.0706012377	0.0074067163	0.0283067835	0.0029919463	-0.0814303861	-0.008959769	0.0807737477	0.0148794683	-0.0796832699	-0.0207192494	0.0781648097	0.0111695015319241	-0.0338792286214301	0.0001247577644716	0.0011478021319831	0.1407203976240225	0.0397639846070063	0.0015811744718262	0.0198022303074629	-0.4563171594948514	-0.0248707881532511	0.2082253500494496	0.0006185561033638	0.0013331605049169	0.000508414361624	2.584851631055395e-07	1.777316931870284e-06	0.0013408405038941	6.836516386000881e-07	1.7978532568829842e-06	4.673795629605855e-13	0.0005086069829333	0.0001291595388629	1.6682186479302798e-08	2.586810630885141e-07	0.0	0.0	0.0
1813.313708239304	-10.259141639507789	105.24998717948256	3288106.6044885763	2481.499124227356	0.7426056258982499	0.5514631156157315	6157837.903541134	1946.514648557648	-11.739234263503022	137.80962109340334	3788919.2770495033	2073.066465592977	1542.0914403497084	1.256523	32.85585	0.1680613988379123	0.0829228317841731	0.1813458308	0.0925657259	0.0099609207	-0.1233786702	-0.1207113244	-0.0295449194	0.0883647119	0.1122190594	0.1191186135	-0.0534424617	0.0311585108	0.1325316197	-0.0703290817	0.1069445011	-0.0303072369	0.0037266352	0.1374288046	0.1940624913	0.1034911452	0.0369761475	0.0133102459	-0.0191394734	-0.0183837264	0.0310694847	-0.0396041822	0.0473831488	-0.0564191376	-0.0252054613	-0.0043591875	-0.0528303823	0.0242964984	0.1004749238	-0.1019738289	-0.0008864612	0.0193227137	-0.0005163395	0.0173455323	-0.1090124912	0.0637488674	-0.0590562671	0.0002012885	0.0447942589	0.0940730912	-0.0665297246	0.020625134	0.1037374849	0.0221802875	0.0590881011	0.0197394697	0.0518128639	0.0082096211	0.0497392925	-0.0602282167	0.0038275053	-0.0210054733	-0.0144710789	-0.0234542713	-0.0042119126	0.1299285757	0.0315336916	0.0068598916	0.0243046649	-0.0543654185	-0.0165956836	-0.0107625795	0.0231444139	0.0307540251	0.0577731553	-0.1595150154	-0.082199851	0.1452970455	-0.0053503543	0.0937632169	0.0868939789	0.0096109308	0.0034185401	0.0333736804	-0.0599225262	-0.1034138787	-0.0941250454	0.0934258564	-0.0001529685	-0.0217066482	-0.0021640835	0.0039778217	-0.013903759	-0.0821564624	-0.0366939065	-0.0474679531	-0.0228049856	0.0811509345	-0.0321827286	-0.0259498822	-0.0878579251	-0.015645636	-0.0944662423	-0.0578669925	0.1382305389	0.0346406431	-0.010499184	0.036101441	-0.0708050863	-0.1152681946	0.0034304489	0.0068580814	0.0034759517	-0.1030262342	0.1434438807	0.0872449298	0.1113969968	0.0442086345	0.0170313635	0.0419566439	0.0994639858	0.1960278639	-0.0325120998	0.0865744793	0.1366368284	-0.0491849862	0.049304391	-0.0951143909	0.0398848892	0.0529780947	0.0221837038	-0.0057458919	-0.057719918	0.0706956509	0.1028497279	0.0802897128	-0.0134990111	0.0350632975	-0.2660369318	0.1144384791	-0.1027354904	0.0082982513	-0.0462246086	-0.0609811476	-0.121324851	0.0021373389	-0.0815377601	-0.0064061583	0.0812023727	0.010657419	-0.0806444153	-0.0148794683	0.0798654172	0.0417853900822251	0.030615888550301	0.0017460188243237	0.0009373326317244	0.1896745304077569	0.0489541327837343	0.0023965071166074	0.035976427485403	-0.4731917087612984	-0.0168745492664469	0.2239103932404374	0.0002847504129457	0.00102226248866	-0.0003108980162569	9.665757651247573e-08	1.0450205957213364e-06	0.0016328378627059	0.0002919973588117	2.666159485885972e-06	8.526245755306704e-08	-0.0003208342067466	-0.0008294411896799	6.879726871376079e-07	1.0293458821872008e-07	0.0	0.0	0.0
1805.9798321005808	-7.333876138723326	53.78573921813536	3261563.153954042	2466.86341080355	-14.63571342380601	214.20410742377544	6085415.087561323	1938.8605004258045	-7.654148131843385	58.58598362420158	3759180.040111401	2065.8053712571327	1554.0215906382475	1.375037	35.954792	0.4146358889874543	0.1882625211804714	0.2375638284	-0.0487572102	-0.0282486468	-0.128020459	-0.0064515963	0.0526422517	0.0612894204	0.1428595565	0.0604173103	-0.1565253309	0.068751631	0.1210602706	-0.0459952532	0.1355672694	-0.1267151523	0.1301436178	0.0892311702	0.3229983847	-0.0047340225	0.0716935335	0.004776476	0.0879620871	0.0134070817	-0.0730761074	0.0076306836	-0.0369905044	-0.0660973528	0.0001233471	-0.0023573549	0.0001790257	0.0484921233	0.0376929816	-0.0181806104	0.0027978656	-0.0639575942	0.0141405047	-0.0256021805	-0.0492548897	0.0841445531	0.0163373197	0.0278621633	-0.0382854275	0.042677508	0.0136137778	-0.0332890581	0.016485903	0.0052672422	0.0472627805	-0.0007941881	-0.1026044645	-0.0720309673	-0.0437359573	0.0148166937	0.0537092152	0.1342673374	0.0446063975	-0.0154462304	-0.0066173189	-0.0223293911	-0.0503414626	-0.0966149729	0.0378955895	-0.1278480313	0.2048991145	-0.1556322351	0.058069399	-0.0026676279	-0.0693862278	-0.1886647668	-0.0749258456	0.2593441218	0.1194246364	-0.0160847813	0.0225245665	-0.0095302902	-0.0593030976	-0.0351702404	0.0541561354	-0.0144205581	-0.1421841884	-0.0142443686	-0.0357703675	0.020094999	0.1724943693	0.0005035093	-0.0519289466	0.0238344414	-0.1163349824	0.0046949359	0.0527206772	-0.0929895799	0.1402636908	3.58716e-05	-0.0171940879	0.0319088855	-0.0774533134	0.0952707431	-0.0126741901	0.0621000504	-0.0178767	-0.0576558242	0.0356771707	0.0756822525	0.0928928963	-0.1719525254	0.0675267582	-0.0950657092	-0.0030327394	0.0111504499	0.0482158662	0.0179396573	-0.0046413038	-0.0488920339	-0.0573624784	0.2729418314	0.0962132809	0.0259883104	-0.0262423998	0.1074884999	0.0471418052	-0.1280918469	-0.0223283003	-0.0755369985	-0.0711302816	0.0852938768	-0.0418114342	0.0706951574	-0.0347809759	0.0529002738	-0.0662538206	0.059744169	-0.1459392811	0.026035872	-0.1754854265	-0.0159366047	0.0980751205	0.155949764	0.059267475	0.0012824971	-0.0816093689	-0.0038462256	0.0814885411	0.0064061583	-0.081287294	-0.008959769	0.0810058262	0.1101390679934581	0.068353677911233	0.0121306142984675	0.0046722252839925	0.254869580475983	0.0651950500682261	0.0042503945533985	0.0649585030520035	-0.5756213003814636	-0.1024295916201652	0.3313398814528472	0.0104918212394738	0.0024549635842687	0.0014327010956087	2.0526324293583693e-06	6.026846200085422e-06	0.0002004758354827	-0.0014323620272232	4.019056061248661e-08	2.0516609770309552e-06	0.0003872540581781	0.0007080882649247	5.01388990924072e-07	1.499657055754073e-07	0.0	0.0	0.0
1809.948915748217	3.9690836476361255	15.753625001932493	3275915.077618146	2484.488134157612	17.6247233540621	310.6308733072219	6172681.2887699725	1940.3165239949865	1.4560235691819798	2.120004634013432	3764828.213287987	2063.846914229384	1523.138102555827	1.73479	45.361694	0.4711613195873569	0.2960834819016523	0.0290084436	-0.009715008	-0.0203900946	-0.0818417598	0.0466888571	0.0177768849	-0.0281359646	-0.0871855095	0.0920103	-0.013167589	0.0775749222	0.2536193701	0.1612217291	-0.1638885148	-0.1049853012	-0.1315407537	-0.077131644	0.1593161727	0.0514615664	0.0389892141	0.0288734836	0.0523476436	-0.0391717171	-0.0006022184	0.0582371121	-0.1202522955	-0.0549742235	0.0382037099	0.0186024806	0.0326969529	0.0378985186	0.0897582039	-0.0422852372	0.0052182603	-0.1370459085	0.0396532237	-0.0609272639	-0.0261358957	0.0553988873	-0.0186310427	-0.0006300611	-0.0426305908	-0.0155311048	0.0365495627	-0.0934162123	0.087188332	0.0530713919	-0.0785010452	0.0941853366	0.0278099217	0.0297365683	-0.064192056	-0.031048922	0.0530777498	-0.022626871	-0.049474948	-0.1559020185	0.0073501559	0.034443201	0.1261710006	0.0123267527	0.0481832861	0.0829509208	-0.1244658683	0.0400359102	0.0383653279	-0.035614439	-0.0198184178	0.0475065737	-0.0696904554	0.1398157727	-0.0519155797	-0.0149138487	-0.0008578282	-0.157733018	0.0150480637	0.1768033528	0.0296868015	-0.0363329807	0.2168810527	0.00097764	0.0610342859	0.1412695434	-0.0925147145	-0.0404562063	0.050772255	-0.0004951991	-0.0021033658	-0.2196130598	-0.1651855545	0.0139481357	0.104110394	-0.0911193581	-0.097652268	-0.0197174628	-0.0230146827	-0.0080964532	-0.0522785088	0.0512461373	-0.0486730229	0.0221335133	-0.0469634311	0.0420483793	0.0304023637	0.0997891766	-0.0547396406	0.0944570199	-0.0330383295	-0.0421000388	-0.0473181455	0.051780033	0.055091293	0.0829739573	-0.0408950561	0.0766310389	0.0490119824	0.0094083421	0.0287088515	0.1000996989	-0.1026611177	0.0551368273	0.1236672326	-0.0952433281	-0.0790975268	-0.0833203813	-0.090785801	0.1035395118	-0.0220246542	0.0399817319	-0.1063099883	-0.0143613437	-0.0858458516	0.0611662213	-0.0087349591	0.0698627987	0.1283967203	0.0135159017	-0.0112357435	0.0004275147	-0.0816451812	-0.0012824971	0.081631751	0.0021373389	-0.0816093689	-0.0029919463	0.0815780375	0.0586956310615676	-0.0514434369318905	0.0034451771057156	0.0026464272033653	0.1625681871646662	-0.0923013933113168	0.0085195472072104	0.0264284154780059	-0.298116372423479	0.2775049279579846	0.0888733715069344	0.0770089850409662	0.0017760216787017	-0.000678941905567	4.609621111349492e-07	3.154253003218404e-06	-0.000113660341001	-0.0003141361764837	1.2918673116463602e-08	9.868153737579833e-08	0.0003821009125055	-5.153145672599996e-06	2.6554910323036068e-11	1.460011073375358e-07	1.0	0.0	0.0
1807.29936055118	-2.649555197036989	7.020142742145716	3266330.978648704	2481.0598906886075	-3.4282434690044283	11.752853282771516	6155658.181183766	1944.5343608706016	4.2178368756151485	17.79014790929896	3781213.880606439	2070.87562231352	1523.1893986830903	1.232008	32.214821	0.0886294473939517	0.0457994867246943	0.0327254399	0.0285017262	0.0715423627	0.0440895922	0.0141486921	0.061538683	0.0465956575	0.0565316725	-0.0301510014	-0.0053892845	-0.0262448385	-0.062217357	-0.0244738146	0.0882880314	-0.0111877776	0.0346107951	0.0412405345	0.0211049516	-0.0332463547	-0.0153003263	-0.0103883763	0.0101349836	-0.0183989749	-0.0510259133	-0.0337007943	-0.0619449402	0.005356276	0.0106950265	-0.0210849377	0.0558176594	-0.0014982676	0.0592041373	0.0016047463	0.0267271692	0.0854919956	0.03187029	-0.0650691452	0.1027793482	-0.0049318219	0.0603020595	-0.0262380815	-0.0579397255	-0.0307754932	0.0039275838	-0.0112286699	0.1559435287	-0.016101698	0.0973485218	-0.1352293298	-0.1251593329	-0.0033659085	0.0743892068	0.0521968166	0.0641638989	0.0498109966	-0.052537074	-0.0638501131	-0.0155427346	0.0045454351	-0.0209619211	-0.0153614638	0.0160566351	0.0371295742	0.1174398626	-0.0431796835	0.0057269633	0.1353246763	-0.052079358	-0.0534939069	-0.0160253823	-0.0197895471	0.0176654517	0.0175521868	-0.0371410423	0.0139300948	0.0070467524	-0.0412606946	0.007448724	-0.0398608383	-0.0241497119	-0.006606786	-0.0152757564	-0.0353348137	0.0874105555	0.0248510375	-0.0322351617	0.012948444	0.0274821573	0.003983546	-0.1002095615	-0.0500556505	-0.0375749341	-0.0280433474	-0.0612880636	-0.026086216	-0.0041358702	0.0832669277	0.0285188264	0.0681423425	-0.0308936688	0.0376595274	0.0388214058	0.0284219003	-0.0862360404	-0.0200755282	-0.0585382291	0.0909954884	-0.042062135	-0.0179623775	0.1801152512	0.0112790477	0.0084714794	-0.0114923033	-0.0206570041	0.0177571204	0.0118082252	-0.0827583038	-0.0370120123	0.0359804886	-0.1374830528	-0.0228337639	0.0629331761	-0.0262319121	-0.0701885565	0.0261344354	-0.0010798596	-0.0768719465	-0.1017867897	-0.1133759527	0.0210250028	0.0674256224	0.0984567142	-0.0033124822	0.1035179953	-0.0491491644	-0.0530925105	0.0564346761	0.0219825304	-0.0004275147	-0.0816451812	0.0012824971	0.081631751	-0.0021373389	-0.0816093689	0.0029919463	0.0815780375	0.0494787577468827	-0.0092168733146849	0.0024481474681747	8.495075369895068e-05	0.1625146290530636	-5.355811160259738e-05	2.868471318436276e-09	0.0264110046562548	-0.2819812914016424	0.0161350810218365	0.0795134487005379	0.0002603408395812	0.001152989258499	-0.0006230324202026	3.881693966236335e-07	1.329384230214074e-06	0.0002330506521031	0.0003467109931041	5.431260644568016e-08	1.202085127392313e-07	8.73656268957462e-05	-0.0002947352856097	8.686888858346316e-08	7.632752762886732e-09	0.0	0.0	0.0
1798.8026752360486	-8.496685315131344	72.19366134436864	3235691.0644363654	2481.404336161997	0.3444454733894417	0.1186426841384766	6157367.479523561	1936.240876926212	-8.293483944389664	68.78187593584913	3749028.7334799855	2060.7708960509435	1544.781898786612	1.258421	32.905499	0.1347334012165633	0.0992029288438628	-0.0249013913	-0.0362990646	0.0949221167	-0.0116094131	-0.0800830861	-0.0538855934	0.0961641913	-0.102028333	0.0896328418	-0.0786833771	-0.0243684642	-0.0085111605	0.1089401957	-0.0614637114	0.0410488424	0.0302568843	-0.0929417454	0.1063722514	-0.0141920184	-0.0480847145	0.1293643201	0.0210362211	-0.1346999658	0.0617966705	0.03876688	-0.1011581906	-0.0076618809	0.0619476973	-0.0564865042	-0.086777504	-0.0396312247	-0.0070348479	-0.0558032994	0.04479988	0.0193612791	0.0337629545	-0.0041706633	0.0044611378	-0.0410250321	0.0301612431	0.0310053416	-0.0930852051	0.0416420182	0.0223538492	-0.0782292744	0.0117658631	0.048442853	0.0736634878	-0.0425982206	0.0260332757	0.0456272936	-0.0409510214	-0.0404601456	0.0014007605	-0.0101238739	0.0392349394	0.0926946286	-0.0006840256	0.0123947627	0.0574453103	-0.0157366955	-0.0303878056	-0.0171413398	0.0143502119	0.0512696191	-0.0719113607	0.1600160668	0.02583612	0.0430747263	-0.1466100135	0.040732592	-0.0027641278	0.0271958337	-0.0987329568	-0.1431376085	0.0166789477	-0.0098413082	-0.0067828449	0.1405144757	0.0659382594	-0.0422658319	-0.0369730893	0.1275379724	0.038018358	-0.0358974655	-0.0146875683	0.0090078035	0.0274560174	0.0926226558	-0.0800909917	-0.0632627412	0.0557578952	0.0205936042	-0.0401300467	0.0073165968	0.0691048981	-0.0579653862	0.0036661051	-0.0064775017	0.0312427593	0.0159906067	0.0297902967	0.0067987208	0.0080917808	-0.1152763253	-0.0780390313	-0.0385103767	0.107784378	0.060890924	-0.0557609309	0.019284656	-0.0437658889	-0.0003559604	-0.131066051	0.0014474126	0.0469400039	0.0213199195	0.0409085998	0.1074538987	-0.1255635793	0.0347489094	0.0359052604	-0.0715471209	-0.0346700759	0.0025839797	-0.1809827069	0.0223049191	-0.0036256528	0.0983697522	-0.0724513296	0.0812340991	-0.0168520649	0.181374715	0.0552125228	0.0277212295	0.0895229921	-0.102080201	0.0178199965	-0.0012824971	-0.0816093689	0.0038462256	0.0814885411	-0.0064061583	-0.081287294	0.008959769	0.0810058262	0.0544161147703903	0.0049373570235076	0.0029611135467042	2.437749437757985e-05	0.1444444861934926	-0.018070142859571	0.0003265300629653	0.020864209591702	-0.1897756061967754	0.092205685204867	0.0360147807073535	0.008501888384099	0.0010939640605116	-5.9025197987400005e-05	3.483973997451769e-09	1.1967573656910278e-06	0.0005130759941023	0.0002800253419992	2.632469757240634e-07	7.841419216176897e-08	0.0001387194094815	5.135378258575379e-05	2.637210985864869e-09	1.9243074566896073e-08	0.0	0.0	0.0
1804.4061291934308	5.603453957382271	31.39869625250304	3255881.4790708204	2473.4319118923613	-7.972424269635667	63.55954873507579	6117865.422767502	1945.1570977639024	8.916220837690389	79.4989940264643	3783636.134981288	2068.2071393452457	1476.8835646690898	1.172291	30.653345	0.163690758950912	0.0721149261030725	-0.0285737021	0.0476496973	-0.0116710059	-0.0121325588	0.0300899992	-0.1385159905	-0.0074984039	-0.0038216658	0.0052673141	-0.0717898081	-0.0064830936	-0.0661422259	-0.0653449401	-0.0537682888	-0.0825847476	0.1149139249	-0.0048901589	0.0271815956	0.0232427566	-0.0593199563	0.0827868008	0.050537215	-0.0648258327	0.0336417576	-0.0351361237	-0.0682280492	0.0554700016	0.0803077092	0.0609290188	0.0575957387	-0.0195164812	-0.1152986905	0.0795255935	0.018824783	-0.0076309809	-0.0562916272	-0.0472758645	-0.0573404131	-0.0029383632	-3.3252e-06	0.0650341426	0.0940939169	-0.0393298064	0.0333082007	-0.0597636156	0.0014459228	0.0232653965	-0.0577873837	-0.0510448586	0.0748762275	-0.1010546564	0.010295967	-0.0451695083	0.1291757302	-0.0470389077	0.0992061766	-0.0481158917	0.1106027154	-0.0183174728	-0.0614910426	-0.0008472351	-0.0117446869	0.0333450598	-0.0183231716	-0.0449847303	0.093962	0.0133938258	-0.1381101435	0.0004341041	-0.0270302909	-0.0123840342	0.0213124794	0.077802355	-0.0575171865	-0.0954605512	0.0170353897	0.0317563689	-0.0661053516	0.0628864066	0.01631813	0.0646589546	-0.0185738833	-0.1459331686	0.0664848801	-0.0663725788	0.0067997209	0.0493047557	0.0539608383	0.082191895	-0.0089020045	0.0490260052	0.0428474174	-0.036999337	0.089030638	0.0946296868	0.1073038126	-0.0414878947	0.0142647672	0.0991583897	-0.0071120564	0.0306600063	0.0316371252	0.009294565	0.0409605458	0.0272031636	0.1024931572	0.0394516111	-0.0487266925	0.0530665436	0.0780636734	0.0586875154	0.0165399068	-0.1250558958	0.0038856178	-0.0124524867	0.0220800273	0.0155625889	0.0034306696	0.0576771583	-0.088804416	-0.0225845198	0.0810775993	-0.0068568089	0.0465220252	0.0767651601	-0.0832107696	0.0099051535	0.0332006921	0.0656461392	0.0658343951	0.0640580919	0.0346080305	-0.0337748092	0.072283622	-0.0792169762	0.1389661591	0.0040973881	0.0651441924	-0.0021373389	-0.0815377601	0.0064061583	0.0812023727	-0.010657419	-0.0806444153	0.0148794683	0.0798654172	0.0204194570017079	-0.0339966577686824	0.0004169542242445	0.0011557727394409	0.1622359818904186	0.017791495696926	0.0003165373191337	0.0263205138199482	-0.249471496972454	-0.0596958907756786	0.0622360278016771	0.0035635993755017	0.0007173255916393	-0.0003766384688723	1.418565362344705e-07	5.145560044206718e-07	0.0009511321176385	0.0004380561235361	9.046523052034974e-07	1.918931673675625e-07	0.0003681591112655	0.000229439701784	5.2642576754730874e-08	1.3554113120780284e-07	0.0	0.0	0.0
1799.796636012621	-4.60949318080975	21.247427383931587	3239267.9310023477	2497.1300385573813	23.698126665020027	561.6012074313333	6235658.429465589	1941.4533616914523	-3.703736072450056	13.717660894367766	3769241.155623041	2071.3721194148748	1519.879915063187	1.150052	30.071821	0.1903905261954639	0.1012476967387385	-0.0733798844	-0.0162414912	-0.0723863824	-0.0482025671	-0.0527331627	-0.0211451649	0.0223544956	-0.1232234973	0.0184991018	0.0811391735	0.0884317115	-0.0120838921	0.0089963332	0.0028160253	-0.0897149974	0.0415780656	-0.0483764015	0.0326019092	-0.0272320538	-0.2409541654	-0.0024195386	0.027247761	0.0427625008	-0.042836845	0.0596198117	0.0736753617	0.0545231205	0.0256525596	-0.0057322149	0.021637542	-0.1110870376	-0.0055485844	0.0729560303	-0.0186066064	-4.8153e-06	0.0218189383	-0.0031626815	0.0748032231	-0.0847596955	-0.0357192728	-0.0615990791	0.0121671426	-0.0356659131	0.1065995284	0.1267781339	-0.0445613376	0.0854650813	0.0539350384	-0.0484021771	-0.0798774785	0.0115709772	0.0024777019	0.0072835388	-0.1012057972	0.0258944496	0.050076104	-0.0243373512	0.0282551087	-0.0461916382	-0.0260387609	-0.0730970508	-0.01578444	-0.0048128667	-0.0736339421	-0.0138878337	-0.0574758468	0.0825814188	-0.1094132671	0.0178793883	-0.0562219271	0.0009595682	-0.129889779	-0.0942406372	-0.068258284	0.0313477931	0.0271531132	0.0630698226	0.0644433798	0.0978144408	-0.0533645846	-0.022859739	0.0814747905	-0.1019634728	-0.0272040171	-0.0573424156	0.0167229661	0.0076214026	-0.0124151063	-0.0230255113	-0.0351922797	-0.0914142239	-0.0626035477	-0.0353745183	0.0313901455	-0.0135998223	0.0526645051	0.0781250102	0.0268775665	-0.0304230753	-0.0410318208	-0.0596784939	0.0685485348	0.0731767889	-0.0292519413	0.0373103061	0.0049546726	-0.0631062804	-0.0514748365	-0.0714170275	0.0755372451	-0.1132359721	-0.0905456787	-0.0435674164	-0.0170731151	-0.048184406	0.0201164024	-0.0969600496	0.088784017	0.0616405703	-7.9365e-06	0.0205645922	0.0685975166	-0.1155494376	0.0549904784	0.0360491926	0.0424822485	-0.0226095869	-0.0393503469	0.0634134849	0.0233651149	0.0412125044	0.0615002459	0.007445771	0.1892172068	-0.0591181313	-0.0540946313	-0.030088955	0.0302053471	-0.0029919463	-0.0814303861	0.008959769	0.0807737477	-0.0148794683	-0.0796832699	0.0207192494	0.0781648097	0.0049571405387212	-0.0154623164629867	2.457324232063311e-05	0.0002390832304015	0.1428594562507044	-0.0193765256397142	0.0003754497458665	0.0204088242402469	-0.162247185749031	0.087224311223423	0.0263241492834805	0.0076080804684005	-0.0002361274970353	-0.0009534530886746	9.090727923031348e-07	5.575619485615561e-08	0.000596949356421	-0.0003541827612175	3.563485341314461e-07	1.2544542834365266e-07	0.0004270707187602	5.891160749469998e-05	3.47057749760959e-09	1.8238939882235384e-07	0.0	0.0	0.0
1793.2182663764852	-6.578369636135903	43.27494706963482	3215631.750866287	2497.0620311283974	-0.0680074289839467	0.0046250103970065	6235318.787303077	1940.8202303188048	-0.63313137264754	0.4008553350305582	3766783.166414738	2072.49662564863	1485.963714880717	1.226315	32.065968	0.1138268704188609	0.0607941248641088	-0.0492484809	0.0367814912	0.0537616155	0.1470225324	-0.0439887124	0.0222364678	-0.0218919329	0.0096354885	0.014963852	0.1095808088	-0.0528623797	-0.038454783	-0.0400882172	-0.0006177926	0.0662793116	-0.005560873	-0.0229512704	0.0079828774	-0.0097315363	-0.1000685102	0.027832723	-0.0478063295	-0.0634404069	-0.0513884891	-0.001674984	-0.0697344928	0.0986639824	-0.0081381439	-0.1541378618	-0.1047204237	0.0356441559	-0.0206537581	0.0261390164	0.0079812719	-0.000435972	0.0859632021	-0.0237048203	-0.0024037298	-0.0939323761	-0.0013409321	-0.0134551912	-0.0984255407	0.0251468566	-0.0110376721	0.0902858936	0.066989325	-0.0757990029	-0.0380307408	0.0684597783	-0.0747693465	0.0532836796	0.0525587755	-0.0662657098	-0.0131710874	-0.0254877537	0.0120941726	-0.0037738545	0.0672368797	0.0272712808	-0.0137304996	0.0892105603	-0.0307512719	-0.115433751	-0.070824738	0.0537415096	0.1016053681	0.0569503773	0.0998317916	-0.0236830686	0.0374629329	-0.0044559848	-0.0769009896	0.0891542736	-0.0843540786	0.002747271	0.0076923992	-0.0574163329	0.0175323886	0.1615983823	-0.0100671201	-0.033458447	0.0202413367	-0.070538981	-0.0449898353	0.0014412082	-0.0182879715	0.0297378252	-0.0421384783	-0.0888519986	-0.0422004729	-0.0065514494	-0.0511985003	-0.0348318935	-0.1464456982	-0.0134866973	-0.0253567821	-0.0534922649	0.0447407792	0.0322441056	-0.0922659249	-0.035897819	-0.0301565893	0.0071446484	0.0068008558	0.0076986897	-0.0483067669	-0.1039021491	-0.0336234175	-0.047233459	0.0178838071	0.0201316082	0.0316146245	0.0546188227	0.0143370072	-0.0645059283	0.0027861225	-0.063184783	-0.0682207677	0.0204939989	-0.090977102	-0.1222252934	0.0716466301	-0.1064286881	0.0615299085	-0.0070745611	-0.1262999924	-0.0977556199	-0.0371852621	-0.0201617698	-0.0587995251	0.0988427145	0.0576242657	0.0077678076	-0.0216090955	0.0305120847	0.0841061359	-0.00338535	0.0103494343	-0.0038462256	-0.081287294	0.0115045374	0.0802034182	-0.0190607341	-0.0784076511	0.0264477464	0.0759159322	0.0130223539411673	0.0080652134024461	0.000169581702169	6.50476672269962e-05	0.1826325090473091	0.0397730527966047	0.0015818957287615	0.0333546333609154	-0.1642149102678161	-0.0019677245187851	0.0269665367542668	3.871939781828062e-06	0.0004504157907917	0.000686543287827	4.71341686060307e-07	2.0287438459451245e-07	0.0009430404650117	0.0003460911085907	8.893253186494833e-07	1.197790554455397e-07	0.0001792875211574	-0.0002477831976028	6.139651301426824e-08	3.214401524276516e-08	0.0	0.0	0.0
1797.9908074327948	4.772541056309592	22.77714813416068	3232770.943612833	2470.969853309836	-26.092177818561595	680.8017433154378	6105692.015966032	1940.7951052207648	-0.0251250980400072	0.0006312705515199	3766685.64044888	2065.3058249654096	1512.4307174868472	1.093172	28.584526	0.078912537566845	0.0403460700339438	-0.0877377038	-0.0480349798	0.0123649191	-0.0259506492	-0.006808169	-0.0503527544	0.000581609	-0.0972115019	-0.0448200281	0.000586153	0.0756961217	-0.0822465186	0.0037464355	0.0626609633	-0.0531346208	-0.0526300265	-0.0718402067	0.0686791357	0.0398549437	-0.1913282927	0.0894303441	0.0308440747	0.0480488895	-0.0212812925	0.0211666741	0.0447476983	-0.0134847888	-0.054430602	0.0073323601	-0.0889638137	0.0050418893	0.0097532964	0.0032973627	-0.0047892776	0.0687258745	0.1372977372	-0.0310666879	-0.0739252226	0.124196693	0.144578197	-0.0067714347	-0.06799431	0.0037731927	-0.0347299231	0.006643599	-0.1464246537	0.0157253784	-0.0476654326	-0.0192886234	-0.0066019814	-0.0077427338	0.0514426323	0.0518361103	-0.0348645107	-0.0141860061	-0.0193897051	0.0241172883	-0.0121227641	0.0125691268	-0.0210677957	-0.1090817688	-0.0196974057	0.0266564736	-0.0077911371	0.004546122	0.0268380513	-0.0132516701	0.1249442468	0.0195688479	-0.0448533317	0.0486565793	-0.1033476905	-0.0893222778	-0.0446979049	-0.085238916	0.0852272488	-0.0573346048	0.0285561693	0.0827135778	-0.0535625335	-0.0031883823	0.0334574616	-0.1492649461	0.0736420508	0.0122392046	-0.0034285784	0.0091338091	-0.0739449574	0.0008993086	0.0039938213	0.02623616	-0.009213185	0.0330904018	-0.0278457471	0.0224719422	-0.0724353481	0.0711979868	0.0071851975	-0.0833868034	-0.0474236019	0.0510820177	0.1257727948	-0.0878107711	0.0379485402	-0.0154862493	-0.066671436	0.0845756176	0.0164869747	-0.0960243342	-0.0173439226	0.0224614883	-0.0558834884	0.024998516	-0.014442014	-0.0440706436	0.0324457584	0.0276739618	0.0434203807	0.1065773916	-0.028342183	0.0302231236	0.0199759631	-0.1237942949	0.0514177089	0.0198186544	-0.0980923674	-0.0536637001	-0.0170903447	0.0778933962	-0.0150452068	0.0660648955	0.038721401	0.0165065641	-0.0030251595	-0.0245989136	0.1287386321	-0.0145562309	-0.0773244443	-0.0047000831	-0.0811085467	0.0140379523	0.0794923845	-0.0231897558	-0.0768225931	0.0320341914	0.073134559	0.0081594691348385	-0.0048628848063288	6.657693656238215e-05	2.364764863962349e-05	0.1554639854458486	-0.0271685236014604	0.0007381286746831	0.024169050770707	-0.1832340044012568	-0.0190190941334407	0.0335747003689198	0.0003617259416566	0.0001802947999411	-0.0002701209908506	7.296534969810994e-08	3.250621488580127e-08	0.0009970377450931	5.399728008139999e-05	9.940842651403334e-07	2.9157062561891557e-09	0.0004124099507377	0.0002331224295803	5.4346067173421936e-08	1.7008196746747218e-07	0.0	0.0	0.0
1796.4885000399995	-1.5023073927952737	2.2569275024473328	3227370.9307759674	2472.134712540784	1.164859230948423	1.3568970279257513	6111450.036949106	1934.308198703556	-6.4869065172088085	42.07995616300612	3741548.207571795	2061.0776596506967	1451.7278955560655	1.15947	30.318106	0.0690201243789073	0.0381959075272767	-0.0557796754	0.0690548741	-0.0023015434	0.1194157777	0.0460784865	-0.0363760612	-0.0789670993	-0.0254594105	0.0031621533	-0.0207150896	-0.0593357456	-0.06633604	-0.0482798853	0.0116761942	0.03071562	-0.15448211	-0.1034774525	0.0181479475	-0.1184119332	-0.0390239055	-0.0102729532	-0.0423038688	-0.0949675115	-0.0039306489	-0.019886426	0.0714675595	-0.0073627094	0.0193084792	-0.0673543521	0.0284964285	0.0147030623	0.0036286863	0.0528935357	0.050891952	0.0167715835	-0.1059391131	-0.0601693204	0.0523959666	-0.0214351234	0.0437131481	0.0758916783	-0.0292138542	0.0223887315	0.0457038737	0.0304251339	0.0411569866	0.0084870816	0.0069320599	0.0076103402	0.0963830212	0.0514380072	0.0523008439	0.0549181863	0.0229249131	0.0787501452	-0.0044799767	0.013416133	0.0497796119	-0.0717993135	-0.0900237355	0.067428495	0.0707330848	-0.0904773939	-0.0987756601	0.0228343722	-0.0617457112	-0.0248046097	0.0347081973	0.0574239123	0.0521794356	0.0402799784	0.0372930604	0.0375722316	-0.1285891697	0.0431606641	0.0860606189	-0.0542221902	0.0239002925	0.0773232375	0.0324116088	-0.0766353895	0.0092150332	-0.0886184274	-0.0412688141	-0.0367869765	-0.0016734115	-0.0647475041	0.0375797156	-0.0426623153	-0.0340244405	-0.0511985474	-0.0075279565	0.0869566587	0.0042312301	-0.0161284931	-0.0320096549	-0.0236947741	0.0336661173	0.0357042716	0.0296530997	-0.012091562	-0.0028809257	-0.0059316116	0.0452974547	0.0440768599	-0.0055945191	-0.0232371992	-0.0994818393	-0.0168423144	-0.0754652812	-0.0149420141	0.0760589192	-0.1016626709	-0.1177981617	-0.0570541784	-0.0241890851	-0.1277794345	-0.0043450758	-0.0216892296	-0.0667946421	-0.0708155346	-0.003091683	-0.0936440885	0.0837114191	-0.0253561001	-0.0539765062	-0.009694699	0.0118246807	0.0048848958	0.1093422288	0.0384460784	0.025805791	-0.1017999265	0.0917620105	-0.1045789798	0.047905742	0.062548613	-0.0084139334	-0.0055534252	-0.0808942224	0.0165575133	0.0786418943	-0.0272552159	-0.0749343514	0.0374485793	0.0698401994	0.0063978629791705	-0.001761606155668	4.093265070024042e-05	3.103256247687393e-06	0.1603303890335183	0.0048664035876696	2.3681883878084356e-05	0.0257058336476393	-0.1806149285915879	0.0026190758096689	0.0326217524301443	6.859558096792876e-06	-0.0002819614154439	-0.0004622562153849	2.1368080866206346e-07	7.950223979912758e-08	0.0012560093719877	0.0002589716268946	1.5775595425209364e-06	6.706630353643593e-08	-6.182298350071506e-05	-0.0004742329342384	2.248968759163769e-07	3.822081288929687e-09	0.0	0.0	0.0
1799.5635403160754	3.0750402760759243	9.455872699489095	3238428.935634928	2474.039331896552	1.9046193557678637	3.627574890365591	6120870.615771138	1938.4218586598795	4.113659956323545	16.92219823625983	3757479.3021304216	2065.312872104389	1511.626041556392	1.181177	30.885689	0.0954854271473545	0.0473349594205453	-0.060371081	-0.1115499947	-0.0321936629	0.0763163944	-0.0345760115	-0.0402250257	0.0408537354	0.0119389401	-0.0414877093	-0.0099546485	-0.0583704811	-0.0893212944	-0.0496735151	-0.0773655765	-0.1016774843	-0.0706282694	-0.023299989	-0.0328364121	-0.0670026944	-0.0860580313	0.1476484835	-0.0248044547	-0.033523423	-0.0760969366	0.0020447349	0.00420151	0.0973980791	-0.0287424514	-0.1496463425	0.1707491082	-0.0548656863	0.0049898502	-0.0890806664	0.012776963	0.0716139148	-0.0268828259	0.0896625504	-0.0879484433	-0.0768509277	0.0020491959	-0.0090470574	0.0150194913	-0.0405742583	-0.0379169772	0.1016032709	0.014837699	-0.1164449649	0.0251903932	0.0614009134	-0.1072458273	-0.0133676278	-0.0589818991	0.0211508428	0.088704367	-0.0003122878	-0.0135828253	0.0547492829	-0.0039697654	0.0449115806	0.0135649703	0.0894076394	0.0056181333	-0.0590930036	0.1014548866	0.039566473	-0.0264532791	0.0167508994	-0.0271855033	0.0259538707	-0.0314607559	-0.1040615195	0.0102241813	0.0296159233	-0.1015676749	-0.0823988898	0.0176962619	0.0573026874	-0.006673596	0.0364815102	-0.1462266475	0.0105119904	0.0248564643	-0.1495307839	0.0527347268	0.056031928	-0.0268413577	-0.1091542375	0.0460848921	0.0046779336	-0.0638333289	-0.0840720922	-0.0850251885	-0.0833244205	-0.0925180842	-0.0111348071	0.0414180503	-0.0228345363	0.0066711001	0.0360221512	0.0596632597	-0.1334057131	-0.081866387	0.0216152455	-0.058308785	0.0566981284	-0.0006676917	-0.0272036494	-0.0076020561	-0.0473064028	-0.0593728394	0.0352389373	0.0361880026	0.0534062394	0.0522192235	-0.068062639	-0.0383878043	0.0154719156	-0.0800545934	0.1075410917	0.0361639728	-0.0160720451	0.0175628224	-0.0637424836	0.0427275902	0.0596469887	-0.0548207143	-0.0310807928	0.0653360424	-0.0114635134	0.1238381317	0.0340501226	0.0643445484	0.025903264	0.0945376086	-0.0681211987	0.0613823658	0.0526531194	0.037476652	-0.0064061583	-0.0806444153	0.0190607341	0.0776534394	-0.0312459714	-0.0727503781	0.0426618292	0.066055961	-0.0003517554201977	-0.0067496183993682	1.2373187563846054e-07	4.555734853708974e-05	0.1196361430346257	-0.0406942459988925	0.0016560216574183	0.0143128067202014	-0.2039397515604974	-0.0233248229689095	0.0415914222665574	0.0005440473665309	-0.0003103404226166	-2.8379007172700023e-05	8.053680481081592e-10	9.63111779098499e-08	0.0015820331935136	0.0003260238215259	2.5028290253788394e-06	1.0629153220235189e-07	-0.0002017549504058	-0.000139931966905	1.9580955361925784e-08	4.070506001324681e-08	0.0	0.0	0.0
1796.2017244928136	-3.36181582326185	11.30180562953375	3226340.635070957	2470.6959090543432	-3.343422842208838	11.178476301803824	6104338.275017868	1937.499830591397	-0.9220280684824048	0.850135759069394	3753905.593541693	2063.9678526198204	1491.867209356682	1.051989	27.507658	0.1237383838686738	0.0685188178492647	0.0014491423	-0.0328115837	-0.0680322706	0.0399330895	-4.69285e-05	-0.1373045643	-0.0140316641	0.0047568395	-0.0024399888	-0.0477196945	0.027977816	-0.1513251832	-0.0938575765	-0.0895543535	-0.0315156119	-0.0431146815	0.0097373985	0.0042131866	-0.0653099566	-0.0629547056	0.0258827416	-0.0433640732	-0.0445434195	0.0035559102	0.0589706246	-0.0494702713	-0.0926813686	0.0330067232	0.0578992663	-0.1052538714	0.0128705672	0.1043075573	0.0077691322	0.0385568465	0.0211548412	-0.0756310528	-0.1275854074	-0.1025956046	-0.0228557796	-0.0430695339	-0.049579688	-0.0357607477	-0.0478488115	-0.0282737233	0.0024007988	0.0883938618	0.0155419973	0.0437602682	0.1004912971	-0.079557524	-0.0720786271	-0.0625163236	0.1341241615	0.0011862805	-0.030788188	0.0363174034	-0.0184880058	0.0361606897	0.0704568564	0.0698792083	-0.0162124811	0.02906563	0.0620228132	-0.0982080705	0.007947252	-0.0754179986	0.0192977867	0.0003012939	-0.0278487543	0.0152539912	-0.0279767815	0.0254561744	-0.0710835802	-0.1081369112	-0.0592461282	-0.0358251358	-0.0999885033	-0.041881866	0.0466530646	-0.0280846818	-0.0322178732	0.0272690125	0.0034859173	0.0193664154	-0.0232823027	-0.0275048712	-0.0072937569	-0.1221123828	0.0540313894	0.0646493324	-0.0148540663	-0.0495383636	0.0103474106	-0.0359091482	0.03149712	-0.0727180718	0.0012378882	0.120174296	0.112996895	0.0003897931	0.0467927684	-0.0584371669	0.0224044644	0.0249812222	0.1295481633	-0.1341251371	0.0138295882	0.0693582286	0.0158689547	0.0199623187	-0.0966975014	0.0097131978	-0.0890779347	0.0646967507	-0.0058580463	-0.078324359	-0.0001859327	0.0036043315	0.0150797813	0.0162571028	0.0048786103	0.044949618	-0.0285002214	0.1030173165	0.0480581769	0.0137158144	-0.0340130043	0.0057935436	0.0819581244	0.13363114	0.0467759135	0.0752854829	0.0204058521	0.0387069455	-0.0764087024	-0.0015260333	-0.0027097493	0.0494483031	-0.0072581889	-0.0803592349	0.0215451443	0.076528754	-0.0351510839	-0.0702792922	0.0476459404	0.0618083875	-0.0058122466916614	-0.0054604912714637	3.378221160472889e-05	2.9816964925731257e-05	0.1265617787952067	0.0069256357605809	4.796443068823818e-05	0.0160178838518068	-0.2674727335881499	-0.0635329820276524	0.0715416632131174	0.004036439805326	0.0002200225271993	0.0005303629498159	2.812848585374229e-07	4.8409912475166716e-08	0.0018300021419856	0.000247968948472	3.348907839671884e-06	6.148859940630941e-08	-2.370135251416648e-05	0.0001780535978916	3.1703083722155515e-08	5.617541110007856e-10	0.0	0.0	0.0
1800.514575612125	4.312851119311517	18.600684777346608	3241852.736991711	2477.5965371552097	6.90062810086647	47.61866818646799	6138484.600923486	1940.1955777866635	2.695747195266449	7.267052940786927	3764358.880062925	2065.528083932559	1493.432631203376	0.99847	26.108236	0.1338952968522975	0.0790056247314018	0.0130635963	-0.0002657523	-0.0624602488	0.005643928	0.0946342047	-0.0332956948	-0.1491064438	-0.0589155828	0.0036606214	-0.055525176	0.0372108153	-0.0002377512	-0.0141797955	-0.0480238915	0.1017270912	-0.0414549909	-0.0527310853	0.0315428699	0.0026557338	-0.0896106917	-0.027804983	-0.0514517614	-0.0076980041	-0.0209961566	0.0747903859	-0.0575340475	0.1073689904	0.0346495172	0.0121127516	-0.0153912884	0.0683880606	0.0095311867	0.0544448334	0.0688588687	-0.0748099189	-0.0866201227	0.0230399688	0.015502937	0.0539552002	-0.0649872366	0.0950325363	0.0448527433	-0.0281165894	-0.038632232	-0.0706966266	-0.0815072627	0.0376717595	-0.0316039304	0.0252096953	-0.1039353916	0.022869861	0.0523701599	-0.0300195243	0.0627875884	0.0271715183	-0.061819337	0.0271767574	-0.0377355993	-0.0405692656	0.0894223167	0.0030820959	0.0275134348	-0.026371086	0.0066351261	0.0353907499	1.90687e-05	-0.0800095509	0.0566243971	0.038245111	0.1040094852	0.0661204586	-0.0213900599	-0.0476145659	-0.0796711238	-0.0551527886	-0.0545346177	0.0495957117	-0.0131300864	0.0773486535	0.0885624572	-0.0070059197	-0.0229978793	-0.0891205654	0.043002331	-0.1099974742	-0.0439722466	-0.0271176322	-0.0223609929	0.032717241	0.0416305257	0.0339056727	-0.0210600686	-0.0070162538	0.0265047183	-0.0414886329	-0.0391963596	-0.0404302177	0.0134990273	0.0222404481	0.0871547315	0.0682889815	-0.0290379754	0.0173993345	0.0484466033	0.0450194448	0.0638008911	0.0339710573	0.0190975768	0.0316374317	0.0710162704	0.0273150339	0.0169090837	0.0486234605	-0.1260917744	0.0494406049	0.0069759048	-0.081743516	0.0553171386	0.0630987879	-0.026684717	0.0717438517	0.0304195259	0.0269762501	0.0213667119	0.0271593341	-0.0039962899	-0.0600286471	-0.1243794687	0.0470076666	0.0658204083	0.048314921	0.0121513058	0.0060189296	-0.0589941248	-0.0025763617	0.0319014354	0.0289681443	-0.0842749243	-0.0081094236	-0.0800388062	0.024008292	0.0752698111	-0.0389598496	-0.0675308461	0.0523741431	0.0571272725	0.0572511829924025	0.0630634296840638	0.0032776979540295	0.0039769961635168	0.1440832111567545	0.0175214323615477	0.0003070005920002	0.0207599717372419	-0.2818821623422209	-0.014409428754071	0.0794575534467261	0.0002076316370186	0.0002289735380224	8.951010823100001e-06	8.012059475525335e-11	5.2428881114495466e-08	0.001131504899686	-0.0006984972422996	1.2803033380134247e-06	4.878983975001462e-07	4.687051541542997e-05	7.057186792959645e-05	4.980388543072404e-09	2.1968452153080584e-09	0.0	0.0	0.0
1803.287403873135	2.772828261009863	7.688576565054982	3251845.460967511	2488.132670786189	10.536133630979291	111.01011188985292	6190804.187433614	1936.686631090059	-3.5089466966044256	12.312706919611111	3750755.107042962	2062.4350556178483	1452.039659061037	1.11169	29.068735	0.074524693784528	0.0378426072591322	0.0009695071	0.0709438842	0.0063949321	0.0986315379	0.1556092997	-0.0504288326	-0.1065512082	0.0501189296	-0.0447322362	-0.0054802171	-0.0551800495	0.0660500168	0.1178930398	-0.1497469202	0.1008884059	-0.0516288543	-0.0586217234	-5.13317e-05	-0.0989960965	0.0625811559	-0.0138542292	0.0316569715	-0.0621060691	-0.0380359334	-0.0555860261	0.0306702239	0.055571313	-0.0028236809	-0.0104193684	-0.0308404712	-0.0287601556	-0.0371287968	0.0009240441	0.006892104	-0.0088746971	-0.0408624612	-0.1568992282	0.0251701453	-0.0416359469	0.0079813947	0.0396951331	0.0494763961	-0.0019659505	-0.0311308011	0.0855717382	-0.0672199266	0.0140259917	-0.0093380109	0.0431401974	0.0862509743	0.0392080478	0.1106052803	0.0555410207	-0.0047725239	0.0154500026	-0.0533523381	0.0428178888	0.1020054549	-0.0155066372	-0.0034962793	-0.0505025233	-0.1117708136	0.060585246	0.0429611316	0.0027613587	0.0147661231	-0.0314219939	0.0126470662	0.0762445563	0.0973604255	0.021201571	0.1191115766	0.0746356623	-0.0026414233	0.0286066358	0.0611279849	0.0370264685	0.0966419319	0.1210732304	0.1100547111	-0.0755552633	0.033764004	0.0699435681	-0.0522907678	0.0010317285	-0.0158834334	-0.0284763978	-0.0483532336	0.0148294286	-0.0384482353	-0.0756791014	-0.0353136682	0.0403474578	-0.0073612052	0.0046091128	-0.0008984211	-0.0499452094	0.1155001608	-0.0191248108	0.0537171653	-0.1004699466	0.0727285496	0.0468351533	0.039114823	-0.0516793262	-0.0679593652	-0.1030996366	-0.0304170649	0.0252410615	0.0473974238	0.1146161751	-0.0627438219	-0.1278679988	0.174132185	-0.0077675683	-0.0317207523	-0.1145046182	-0.0481297729	-0.0078764826	-0.1183873591	-0.0160093391	-0.0450003128	0.0401700773	-0.0070036082	0.0492266915	-0.0290111282	0.0754330957	0.0055286938	-0.0083931502	0.0663886379	-0.0164190556	0.0004569596	-0.1389017287	0.0035865773	-0.0599935593	0.0609444638	0.0155356583	0.0070700798	-0.008959769	-0.0796832699	0.0264477464	0.0738788195	-0.0426618292	-0.0645158866	0.0568210419	0.0520454508	0.0238375347886403	-0.0334136482037622	0.0005682280647996	0.0011164718862847	0.1515143316952958	0.0074311205385413	5.522155245833047e-05	0.0229565927090721	-0.273607159380802	0.0082750029614189	0.0748608776644315	6.84756740114919e-05	0.0003990152055491	0.0001700416675267	2.8914168695260784e-08	1.5921313425939055e-07	0.000874993183956	-0.0002565117157299	7.656130719694584e-07	6.57982603067483e-08	-3.467454294398266e-05	-8.154505835941263e-05	6.649596542840012e-09	1.2023239283740975e-09	0.0	0.0	0.0
1810.818901935974	7.531498062839091	56.72346307054899	3279065.095608607	2489.1517376077586	1.019066821569595	1.038497186823957	6195876.372835724	1945.485968882644	8.799337792584993	77.42834558801454	3784915.65511924	2072.908349702737	1508.1942885023668	1.191503	31.155691	0.0962629310638612	0.0478276572788141	0.0075882904	-0.0292056857	-0.1190064119	-0.0316497164	0.0171465527	-0.0502188009	-0.0686880729	0.0358727966	-0.0528185089	0.0724937016	0.012952084	-0.0257907477	0.093711207	0.0427031656	-0.0498259114	0.0074574425	0.0456478047	-0.0704808521	0.0163391734	0.0064141592	0.0279483818	-0.0266800287	0.0902475422	-0.0012129736	0.0837331102	0.0599230792	0.036551628	0.0227952782	0.0619782679	-0.088848987	0.0077305199	-0.1398015382	0.002353408	0.0273486925	-0.0655909847	-0.0592355974	-0.0704953922	0.0845466618	0.0393118746	-0.0942299941	0.0358142712	-0.104905821	0.0632831008	-0.1502390441	0.1186270972	-0.0511961657	-0.0415767033	-0.0018017888	0.0510630678	0.0448594437	-0.0441459454	-0.0389018963	0.0379710857	-0.049345376	0.0067026778	0.0152580112	-0.0945449503	-0.0151102136	0.0217477097	-0.0072569859	0.0420806431	0.1174914032	0.0030546948	0.0087875981	-0.0803281624	-0.0320579552	-0.0421287454	-0.1169360724	7.66756e-05	0.0999738364	-0.0475034234	-0.0171983159	-0.0820687225	0.0495015108	-0.0300236727	-0.0087773576	0.0735864362	0.0114032028	0.0124057388	-0.0955889913	-0.0010027826	0.0438088508	0.0223432053	-0.0569537165	0.0464206013	-0.1102006359	0.0332024028	-0.0549485354	0.1202638662	-0.0099309576	0.0156570475	-0.0537788021	0.0170023964	0.0022059984	-0.0174888293	0.0817799215	-0.0779102489	0.0421889679	-0.0264570921	-0.0844851412	0.0033502619	-0.0204489529	-0.0534634026	0.0375844794	-0.0213820775	-0.0484605494	-0.0029802674	0.0303874915	-0.0219937354	0.0435050667	-0.1292535082	0.0106089408	-0.1357073172	-0.0991606538	-0.0036476305	-0.0771334572	0.0040589059	-0.053556018	0.0184870148	-0.0029002661	0.0161496104	0.1423527386	0.0095680681	-0.0279339529	0.0425601783	0.0868934715	0.0428158315	0.0232704535	0.0569921094	-0.0887056842	-0.0529059515	0.0609781199	-0.0150475013	0.0166117274	0.003715264	0.0271014883	-0.0297635596	-0.0475114795	-0.0098091318	-0.0792927819	0.0288611001	0.0723582192	-0.0462468756	-0.0612463124	0.0609627523	0.0465985677	-0.0104124429345802	-0.0342499777232205	0.0001084189678658	0.0011730609740411	0.1431208593076576	-0.0083934723876381	7.045037872204464e-05	0.0204835803689623	-0.2963912885973059	-0.0227841292165039	0.0878477959563714	0.0005191165441543	2.596472685781259e-05	-0.0003730504786912	1.3916665965179865e-07	6.741670408008143e-10	0.0007590013253053	-0.0001159918586506	5.760830118152018e-07	1.3454111273243966e-08	9.299015444400364e-05	0.0001276646973879	1.6298274959166116e-08	8.647168823519649e-09	0.0	0.0	0.0
1811.6374522243848	0.8185502884107336	0.6700245746572953	3282030.25830206	2487.470190523228	-1.6815470845303937	2.8276005974926663	6187507.948741665	1947.2515972467856	1.7656283641415484	3.117443520261161	3791788.782980158	2076.726378344213	1520.063031799465	1.227277	32.091118	0.1071062945443494	0.0587047028754163	0.0555696993	0.0743388826	0.0937468085	0.0151747285	0.0114770866	0.0378630292	-0.0076423517	0.0978589278	-0.0665224291	0.0531960671	-0.0376246683	0.0148618351	-0.0357125977	0.0385134207	-0.0081968763	-0.0681525611	0.0608196051	-0.0194243961	0.0594100938	0.0405066047	-0.0028547363	-0.0324261131	0.0090082586	-0.007755873	-0.0193589292	0.005368196	0.0574455114	0.1231152619	0.0038215971	-0.0173414169	-0.002435009	-0.0480410775	-0.1187938917	-0.0696972574	-0.0873305015	-0.0974496249	0.0170429005	-0.0156429351	-0.0121223131	0.0397854714	-0.0613100788	-0.0553128957	0.0223136496	-0.0199819553	-0.0574812237	-0.070548073	-0.023417988	-0.0431332321	-0.1235581195	-0.0297039204	0.0722274246	0.014661033	-0.0608347704	-0.0846511685	0.0146895367	0.00857843	-0.0401351815	-0.0514925276	-0.0143703687	-0.041242972	0.0074906482	-0.0208929811	-0.0138081143	-0.0030487363	0.0826264121	0.065188729	-0.065237323	0.0424101987	-0.0676325176	0.0715663806	0.0069035045	-0.037611882	0.0385198564	0.1016000284	0.018269283	0.0562408215	-0.1110641366	-0.030244783	0.0077136065	0.0131524031	0.0288807464	0.014966178	-0.0007270396	-0.0101119939	-0.0573199033	-0.1181215456	-0.0281532646	-0.062219189	-0.0284046672	-0.0462406897	0.0492525944	-0.0685668117	-0.1520332745	0.0079310086	0.031921265	-0.0159439928	-0.0330171851	-0.054359562	-0.0581834456	-0.0172140319	-0.0439858899	0.0144386093	-0.0485622094	0.0489248688	-0.0480816003	0.0731498347	0.0441301367	0.0300106293	-0.0291696372	0.0345369447	0.0083618567	0.038380631	0.0381446449	-0.0433111714	0.0449169527	-0.052502017	0.0539677606	-0.0187810385	-0.0617117331	-0.106303633	0.0397305742	0.0892914478	-0.070069409	-0.0478067216	-0.0590360747	0.0070860459	-0.044597723	0.021369082	-0.1380615965	-0.0728112668	-0.0722122466	0.0122684907	-0.0830733091	-0.0587853684	-0.0003021335	0.0271767315	0.0297262256	-0.0069463556	-0.010657419	-0.0788675135	0.0312459714	0.0707106781	-0.0497051625	-0.0577350269	0.064777029	0.040824829	-0.0093239119042749	0.0010885310303053	8.69353331986792e-05	1.1848998039375182e-06	0.1651703711822847	0.022049511874627	0.0004861809739093	0.0272812515164937	-0.334254826091346	-0.03786353749404	0.1117262887653559	0.0014336474715625	0.0003940025134465	0.0003680377865886	1.3545181235710024e-07	1.552379806021594e-07	0.0003139968421141	-0.0004450044831912	9.859401685762705e-08	1.9802899006026697e-07	-1.606185868364751e-05	-0.0001090520131276	1.1892341567193398e-08	2.5798330437346286e-10	0.0	0.0	0.0
1811.851698276796	0.2142460524112266	0.045901370973794	3282806.5765485098	2475.1088167972493	-12.361373725978863	152.8035603933206	6126163.65498748	1941.2214848075323	-6.030112439253344	36.36225603003791	3768340.85307836	2063.3280431335334	1545.900604468751	1.434644	37.513397	0.270212707932187	0.1647174786876364	-0.1294486619	-0.0786138568	-0.0289216907	-0.0969628367	-0.03092515	0.0818722241	0.0276556776	-0.134796612	-0.0448291191	-0.0028910834	0.0309375315	0.0398643938	0.0753355813	-0.099253266	-0.0408376418	-0.0727934007	-0.0928424764	-0.0266675584	0.0657586486	-0.0116799771	0.091213927	0.0271229042	0.0318221837	-0.0543395762	-0.0123415377	0.025806061	-0.0943289549	-0.0371623753	0.0046437889	-0.0148331334	0.0345620894	0.0060687993	-0.1425422212	0.0138602442	-0.0488657499	-0.0772963056	-0.0782522988	0.05830324	-0.0639700787	-0.0595091377	-0.0457455015	0.074127943	-0.0057320274	-0.0482368823	0.0602017255	0.0758184495	-0.0720844329	-0.0236219148	0.0581052619	0.1001439427	-0.0434737021	0.0290000815	-0.0717043213	-0.0693070406	-0.1201394716	-0.0313375908	0.0729728246	0.0172894988	-0.0279575394	0.0318656929	-0.0573409429	0.021092985	0.0043232202	-0.0004601345	0.0442859147	-0.0311328049	0.0104948512	-0.0745840826	0.1023248323	-0.0761105733	-0.0331943068	-0.0604676069	-0.0468862528	0.0645202039	-0.0956059121	-0.0814880661	0.0034940679	0.056315214	-0.0648222233	0.0759471448	-0.0603067223	0.1051912895	0.0116171371	-0.0318092648	0.0922133196	0.0018350162	-0.0867708945	-0.0765609367	-0.0262231175	0.0413367658	-0.0698242658	-0.0210307466	0.0530765127	-0.0224835113	0.0177808443	-0.0525490317	-0.0803657681	-0.0197197597	-0.0566871113	0.008868688	-0.0420307965	-0.1318319392	-0.0029146331	0.0726265972	0.0906727373	0.0179930866	0.0007019279	-0.0374263652	0.0002017761	-0.0126643753	0.1055156974	0.0251265586	-0.0571222189	0.0367114741	-0.1027653046	-0.0120949402	0.0608206901	0.041952237	0.1276535797	0.0981618907	0.0659778218	0.0307161963	-0.0595889127	-0.093384	0.0469641641	0.0444648294	-0.0554397581	0.1016328747	-0.0133830909	-0.0100704773	-0.0736899054	0.0381469261	-0.0243821971	0.0378553111	-0.0048741041	0.0425679572	0.0136855366	-0.0188997986	-0.0115045374	-0.0784076511	0.0336000067	0.0689390864	-0.0530272111	-0.0539958877	0.0682433853	0.0347647336	-0.0117749617483013	-0.0024510498440263	0.0001386497241739	6.007645337901837e-06	0.121582057492219	-0.0435883136900657	0.0018999410903435	0.0147821967040412	-0.2011284672887043	0.1331263588026417	0.0404526603539033	0.0177226274080497	-0.0009749971674866	-0.0013689996809331	1.8741601263949293e-06	9.506194766068932e-07	0.0007590049985695	0.0004450081564553	5.760885878534867e-07	1.980322593118337e-07	-9.129984163083196e-06	6.931874520564314e-06	4.805088436884874e-11	8.335661081814995e-11	0.0	0.0	0.0
1808.3747978324395	-3.476900444356488	12.088836699966343	3270219.4094355167	2472.362241313832	-2.746575483417473	7.543676886109926	6112575.052274354	1938.9683001660928	-2.253184641439475	5.076841028418735	3759598.069048988	2058.9597798743166	1510.9682840911828	1.219068	31.876482	0.0932108506305004	0.04851157412169	-0.0932231748	0.0641538579	0.0086547164	-0.014600248	-0.001819402	0.065568125	0.0110603671	-0.128146619	-0.0470160509	-0.0134096168	-0.0554169454	0.0600884407	-0.0807418208	0.0239814027	0.008947237	0.0672290621	-0.1163285092	-0.0146923246	0.022861715	-0.0710253638	-0.0608444766	0.0075697848	-0.0512450071	0.0190885939	-0.0773226347	0.0831864265	-0.017409293	-0.1168119822	-0.0516186815	0.0624558872	-0.0297279067	0.05565104	0.0036022901	0.0548323225	-0.0567579663	0.0579015997	0.0009435474	0.1285476451	0.0317979821	-0.0128907937	0.0634384385	0.0356630312	0.0852255814	0.0032644559	-0.0667804508	0.0901426452	-0.0280008153	0.0593369799	0.00257954	0.1238254684	0.0142774657	0.0035449134	-0.0203516651	0.0195585878	0.0153777335	0.0830658762	-0.0684926259	0.0495214631	0.0093486581	-0.1085412354	0.0380910196	-0.0051815982	0.0205753542	0.0132433312	0.0576657441	0.1363839983	0.0280623361	-0.0208714397	0.135406746	-0.0549552647	0.0178495824	-0.0460873944	0.0356524032	-0.0119910317	0.0608348772	-0.0544693922	-0.0119264481	-0.0130769145	-0.0063244797	0.0150633989	-0.0826415157	-0.0842375607	-0.1000469588	0.0552681977	-0.0388573555	0.0203707384	-0.0288066243	-0.0414267458	0.0048123099	-0.1243021251	0.053862436	0.0032403079	0.027338404	0.0444527362	-0.0818737674	0.0685936615	0.0257799056	0.054083023	0.0023414082	-0.0080507003	0.1463958608	-0.1198648406	-0.0530959047	0.024749048	-0.0434692306	0.0970600456	-0.0573163473	0.0207531537	-0.0034585617	0.0707221334	0.0691567527	-0.0424574585	-0.0646069259	0.0592845559	-0.0981033906	-0.0439686929	-0.0641698237	0.1169726902	-0.0532879638	-0.0407856916	-0.0296531519	-0.0097579441	-0.0378802664	-0.0855861505	0.0024898868	0.0771745428	-0.021079082	-0.0763509962	0.0509451546	-0.1224429205	0.0374524346	0.0148689513	-0.0313099958	0.0216520827	0.0617936637	0.0571250638	0.052532788	0.0514580948	-0.0123503943	-0.0779133966	0.0359208828	0.0670465522	-0.0562039158	-0.0500436514	0.0713432033	0.0284607885	-0.0300438491091767	-0.0182688873608754	0.0009026328692949	0.0003337522454043	0.1166943489251366	-0.0048877085670823	2.388969503673068e-05	0.0136175710710615	-0.2008932353830275	0.0002352319056767	0.0403580920226604	5.5334049448332345e-08	-0.001640345333689	-0.0006653481662023	4.4268818226889646e-07	2.6907328137552767e-06	0.001258198901312	0.0004991939027425	1.5830644752627237e-06	2.491945525352885e-07	-0.0002409683711555	-0.0002318383869924	5.374903768324562e-08	5.8065755897334816e-08	0.0	0.0	0.0
1804.3790249132653	-3.995772919174215	15.966201221606024	3255783.665546946	2474.7227663939025	2.3605250800706017	5.57207865364232	6124252.770508289	1934.181600735882	-4.786699430210774	22.91249143518015	3741058.464625219	2057.2970924158626	1528.1933237138533	1.143768	29.907513	0.1214608829468781	0.0566073941298637	-0.0702455827	-0.0578494767	0.036027949	0.0729453501	-0.0010479504	0.0482145431	0.0455497481	-0.0677605534	-0.0365019204	-0.0065096132	-0.0731399638	-0.0801644558	0.0018897736	0.0697922968	0.0343718791	0.0072072103	-0.0869417777	-0.0140342266	-0.1332260151	0.0415354831	-0.0204900684	-0.0152458237	-0.0927717835	0.022477919	0.0012443345	0.110233961	0.001356187	-0.0050334048	0.0534104026	0.0316222003	0.0697581907	0.0929771378	0.0076290914	-0.0261581231	-0.0083120178	0.060750824	0.0206016288	-0.036350092	-0.037442646	-0.033211923	0.0019915346	0.0030208577	-0.0906321304	-0.0336643738	-0.0064868201	0.0289199765	0.024187733	-0.0668852001	0.0171432747	0.0745402183	-0.0351989401	0.0346655215	0.07304733	-0.0431089773	0.0306262111	-0.0029507762	-0.0004677805	-0.0069788763	0.0311067753	0.0235025819	0.0281093079	-0.1258587622	0.0429132035	-0.0089479754	0.0519775303	0.2027381909	-0.0876508296	-0.1076415919	0.1030383671	-0.036445088	-0.0336501462	0.0602708357	-0.0112168948	-0.0887895416	0.0662483884	0.0933858641	-0.0327183591	0.0151076992	-0.0094285606	-0.0503335536	-0.0945737555	-0.0583998525	0.0458840229	0.0372313035	0.0821644956	-0.0298435242	-0.0617448451	0.0231131518	-0.1099743006	0.0156813279	0.0534661539	0.0478801568	0.0285704568	-0.002994276	0.0141130453	0.062386167	-0.0562042339	0.0692452543	-0.0007804769	0.0149382266	0.075097096	0.0435844508	-0.0330742953	-0.0308048226	0.0561079899	-0.0435520989	-0.0875605301	-0.041672299	0.0664240946	0.0428883149	0.0823800207	-0.1197812738	0.0358875432	0.1064450644	-0.0998742631	-0.1004065312	-0.0677213501	-0.0172420639	0.0458163021	0.006871069	-0.0271983681	-0.1109182117	0.001186795	-0.0704426406	0.0903457267	0.0114450908	0.1157122093	0.1008834757	-0.0668254461	-0.0741719873	0.0417926413	0.0072184408	-0.0032841702	0.0210462726	0.0327368151	0.0668378916	-0.0548040647	-0.0234310762	-0.0131948967	-0.0773849666	0.0382063093	0.0650363955	-0.0592265694	-0.0458939156	0.0740598336	0.0219572114	-0.0403766736002779	-0.0103328244911011	0.0016302757710233	0.0001067672619639	0.1252524893588145	0.0085581404336779	7.324176768255264e-05	0.0156881860905799	-0.2271319250104966	-0.026238689627469	0.0515889113589738	0.0006884688333666	-0.0007960821165671	0.0008442632171218	7.127803797850203e-07	6.337467363179537e-07	0.0016841987910241	0.0004259998897121	2.83652556768704e-06	1.814759060347214e-07	-0.0004973298322141	-0.0002563614610585	6.572119871610005e-08	2.473369620101048e-07	0.0	0.0	0.0
1808.9879359643528	4.608911051087489	21.242061076836382	3272437.3524645693	2488.4124040274783	13.689637633575783	187.40617853861443	6192196.292517814	1943.725728913555	9.544128177672974	91.09038267185124	3778069.7092405306	2073.5298362133835	1486.5618341332083	1.26507	33.079334	0.1212461706309176	0.0680614068480417	0.00277136	0.0190365704	-0.0776795534	0.0356246502	-0.0088647953	-0.1136333443	-0.031697481	0.0737787885	-0.0040237269	0.0784252242	0.0154181966	-0.1144612017	-0.0109826084	0.0288084414	-0.0207085151	0.0449302893	0.011570238	-0.0984076458	-0.0392303702	0.1032169788	-0.0270469572	-0.0983800897	-0.0805997321	0.0195496438	0.0657206516	-0.0084585928	-0.0168676504	0.0040984556	0.0128024178	-0.0105396075	-0.0620799415	0.0510732014	-0.1079516279	0.041018351	0.1967006167	-0.0115984072	0.1062984613	-0.1207841298	0.0981752351	-0.0162979268	0.0083602152	0.0243017346	0.0103141201	-0.0339066145	0.0973762924	0.0444053258	-0.0657385119	0.0141541823	-0.0325934417	-0.1028706367	-0.0845966326	-0.0525383373	0.0035335107	0.0264746238	-0.0018183648	0.0249185182	-0.0733867228	-0.0376551899	-0.0434957925	-0.1205635873	-0.0257708742	0.0296412175	-0.0186839495	0.0531631215	0.003073075	0.0319257697	-0.0504395215	0.027260124	-0.0168147304	0.0951479204	-0.0697922249	0.0352900749	-0.0067486116	-0.0347097113	0.0138757999	0.0291133437	-0.0105016729	-0.1020164425	-0.0237890216	-0.1453856973	0.1054105251	-0.0216381094	0.1099326264	0.0272978949	0.0194844047	0.11400728	-0.1536255111	0.0732252624	-0.0147122692	-0.0313277859	0.1038953581	0.0513990325	0.0179284561	-0.0370741947	0.0227244599	-0.0390243312	-0.0234054277	0.0375073189	0.1155653645	-0.0456877305	-0.0197013115	-0.0572932234	-0.0267816859	-0.0306534016	-0.0969433041	0.0250979806	0.0981379713	-0.0141105685	-0.0626405824	-0.0368366919	-0.0505718802	-0.0287821313	0.0933925211	0.0259982268	-0.0492527636	-0.1589759441	0.0387445575	-0.0249005088	-0.0933703775	-0.0032632542	-0.0512775669	0.0622446163	-0.0198073708	0.0154103206	-0.0201709622	0.0841089978	0.0885807874	0.0009877344	0.0937915309	-0.1184779341	-0.0504926432	0.0332595757	-0.0374973957	-0.0366768176	0.0372771721	0.0020163718	-0.0312440309	0.0350639239	-0.0140379523	-0.0768225931	0.0404540309	0.0629121428	-0.0620868871	-0.0415630576	0.0763786853	0.0152996203	-0.0573105698031781	-0.0169338962029002	0.0032845014111649	0.0002867568406105	0.1375468982765966	0.0122944089177821	0.0001511524906376	0.0189191492255124	-0.2852050796216119	-0.0580731546111153	0.0813419374419699	0.0033724912864865	-0.0002300253003028	0.0005660568162643	3.204203192392755e-07	5.291163877939333e-08	0.0017520673296345	6.78685386104e-05	3.069739927572568e-06	4.606138533111354e-09	-0.0005422986953218	-4.496886310770005e-05	2.022198649199066e-09	2.9408787494772645e-07	0.0	0.0	0.0
1810.7622853075711	1.7743493432183186	3.1483155917792787	3278860.0538922977	2485.380208801036	-3.032195226442127	9.194207891258422	6177114.782299882	1946.6102427084616	2.8845137949065247	8.32041983300604	3789291.437017496	2074.176378939393	1547.3372473397296	1.284353	33.583569	0.0951348316696792	0.0500627275334963	-0.053852848	-0.0068537546	0.1034094687	0.0328519469	-0.0813785445	0.0561964898	0.0179444522	-0.0142039423	-0.0228598664	0.0729505136	-0.019426457	-0.0188556386	-0.0426017415	0.0872225677	-0.0157818357	-0.0423919519	0.0077124855	-0.0922179802	0.053358134	0.0301438023	0.0176189034	-0.0322027697	-0.095924952	-0.0568622504	-0.0439227427	0.0750167379	0.0358292885	0.0934621144	0.1061714281	-0.0174933917	0.089100697	0.0882826678	0.0125745662	-7.21031e-05	0.1300400149	-0.0039698077	0.034783487	-0.1108567936	-0.1219057566	0.0170522665	-0.0167988401	0.0311392921	0.0829662139	0.0631477887	-0.0410861985	-0.0786141838	-0.006991692	-0.050829789	-0.038883567	-0.0275426046	0.048129974	0.0021047238	0.1203355345	0.0703740723	-0.0155912448	0.0845248039	0.0249464361	-0.0701079653	0.0936006743	0.0432715816	-0.033248011	0.0888414634	0.0123610391	0.0538123294	-0.0755234753	0.0190371644	0.1304566392	0.0445073522	-0.0088047115	0.0186287067	-0.0632553997	-0.0566291174	0.0343194275	0.0439181322	0.0013148905	0.0501866323	-0.1401006297	-0.072489243	-0.0586672675	-0.0344641632	-0.0157013481	0.0294968756	0.0095645857	0.0656194259	-0.012961266	-0.0315413874	-0.0664506995	0.0582065701	-0.1482099278	-0.0457304941	0.0703666741	-0.0032914253	0.0383344105	0.1282838645	0.0951821865	-0.0025050645	-0.0727415495	0.009409567	0.0477913905	-0.047474768	-0.0974232421	0.0695080889	0.0134536702	-0.0286472959	0.0181913755	0.0299033734	-0.0130406208	0.0288869496	0.0727966635	-0.0018278553	-0.0728053443	-0.0778536767	0.056134774	-0.0388311891	-0.0747895292	-0.1635450929	0.1380011474	0.0333520918	-0.0386393276	0.0391170458	-0.0068517824	-0.0328245338	-0.0726666273	-0.0475012738	-0.0168107156	-0.0037111502	-0.0205272351	0.063469568	-0.1553969779	-0.1034447062	0.0055418383	0.032923176	-0.0419800579	-0.0369330645	0.0577818109	0.0087387277	-0.0088462138	-0.0996026027	-0.0148794683	-0.0762265226	0.0426618292	0.0606775209	-0.064777029	-0.0370681691	0.0782873035	0.0085347133	-0.0682937037130955	-0.0109831339099173	0.004664029966852	0.0001206292304831	0.1258192838800624	-0.0117276143965342	0.0001375369394337	0.0158304921960917	-0.2877702227442995	-0.0025651431226875	0.0828117010983037	6.57995923987136e-06	-0.0010906328868205	-0.0008606075865177	7.406454179718206e-07	1.1894800938144178e-06	0.0019309893322594	0.0001789220026249	3.728719801299604e-06	3.201308302330474e-08	-0.00089994791099	-0.0003576492156682	1.2791296146807864e-07	8.09906242495265e-07	0.0	0.0	0.0
1808.5735114581869	-2.188773849384233	4.790730963748275	3270938.1463481965	2472.037550418313	-13.34265838272313	178.0265327180518	6110969.650678174	1945.185547836184	-1.4246948722775414	2.0297554790939203	3783746.8155107554	2066.4613308733324	1531.999614678405	0.98809	25.836796	0.1059284540072616	0.0541359336206629	-0.0651055764	-0.0288903352	0.0257328276	0.0045652221	-0.0423158156	0.0121360407	0.0670240959	-0.0796565886	-0.0272889433	-0.0069202687	0.0021803345	-0.0105515281	-0.0070231995	-0.0525317777	-0.0128909801	-0.0408324627	-0.0234528334	-0.0644014453	0.0591867192	0.0220645561	-0.0026604537	-0.0109513509	-0.0390893673	0.0320751864	0.0373127922	-0.0418044178	-0.0904984928	0.0588327285	0.0717091633	-0.0797249014	-0.1573376978	0.0063692327	-0.0674343125	-0.0481922315	0.0953028829	0.0601928891	0.0102906643	0.0005365542	-0.0723404572	-0.0297531197	-0.0336563382	0.0150270838	0.0606304017	-0.0463243079	-0.0760032416	-0.0227408578	0.0074181058	0.058937882	-0.0301579124	0.0234456954	0.022277539	-0.0653187348	0.0044804301	-0.0159950668	-0.1575735181	0.0402076988	-0.0447893795	0.0194270898	-0.0379000829	0.0507493759	-0.0303426044	0.0465797004	0.0509523526	0.0581603082	-0.1552349218	-0.0361047883	-0.1351830318	-0.0347477299	0.0431978916	-0.0784945793	-0.0555788306	-0.029889948	-0.0198487265	0.0123504822	-0.0533561757	-0.0590914216	-0.0741547126	-0.0881199121	-0.0299437556	0.0238865978	-0.0359538221	0.0820007889	0.1181720743	-0.0049153677	0.0491841099	0.0561977533	-0.1124572153	-0.0629911087	0.0418994339	0.0186149844	0.0192229676	-0.0592050019	-0.0259252939	0.0107652631	0.0646532395	0.0598685382	0.0853550958	0.028345885	-0.0378715131	-0.0881846339	0.0158743037	0.0629619729	0.0901267812	0.0583396445	0.0086976231	0.0684126159	0.0789808552	0.1129665297	-0.0133400576	-0.0158175062	-0.0520919141	-0.0024504166	-0.0105583587	0.0149191042	-0.0752468175	-0.1324332075	0.0518454522	0.0859561609	0.0032336934	0.0675871151	0.0598558885	-0.0389707679	-0.0644193123	-0.0488086839	0.039055028	0.0236315062	-0.0433326403	0.0510737289	0.006228095	-0.0460130544	-0.0751317946	0.0471231196	0.0131351969	-0.0607052031	0.0804107945	-0.0276034671	0.0048032321	-0.0061370355	-0.0157193527	-0.0755970167	0.0448275254	0.05833645	-0.0672896215	-0.0324269895	0.0797754371	0.0017099414	-0.0579171927885084	0.0103765109245871	0.0033544012205012	0.000107671978968	0.1152495481238844	-0.0105697357561779	0.0001117193139554	0.0132824583427595	-0.2365633394493329	0.0512068832949665	0.0559622135714203	0.0026221448967843	-0.0008109911368377	0.0002796417499828	7.819950833344288e-08	6.57706624029305e-07	0.0017739585946479	-0.0001570307376114	3.146929095525153e-06	2.4658652554811743e-08	-0.0011387819040263	-0.0002388339930362	5.7041676229663367e-08	1.296824224937765e-06	0.0	0.0	0.0
1804.614104636683	-3.9594068215039897	15.676902378172327	3256632.066653657	2478.599126238476	6.561575820162943	43.054277243747	6143453.628590137	1936.0480796033005	-9.13746823288352	83.49332570695549	3748282.166535628	2059.471449201011	1501.0717948095808	1.024143	26.779535	0.066600468375869	0.0366302893397428	-0.0884387636	0.0629384861	0.0021427936	0.1206438732	-0.0429699858	0.1124482036	-0.0392737951	-0.1368126374	0.025980325	0.0264147906	-0.0432864502	0.0215676215	-0.1517553802	0.069421479	0.0796713916	0.0519652248	-0.1150297941	-0.0255107619	-0.0333104544	-0.0398703477	-0.0658782273	-0.0051152333	0.0162461509	-0.0273184694	0.0355732431	0.038962627	-0.0695687869	0.0286814029	0.0245471761	-0.045192148	-0.0435954035	0.03479695	-0.0023647902	0.0507958379	-0.0687865864	0.0258670993	0.04821166	-0.0052719194	0.0436187384	0.0253339507	-0.0183519858	0.0837639305	-0.0101751338	0.1366150336	0.1275351113	0.0311984919	-0.0358593673	0.0784312411	-0.0076973449	-0.0330064631	-0.1096198735	0.0055008684	0.023168386	0.0465502562	0.0445812518	-0.0904829412	0.0049847079	0.0412167473	0.0543489205	-0.0033753373	0.0731552556	-0.0744407461	-0.0033962715	-0.04310085	-0.1336502928	0.0364152242	-0.0895395428	-0.0107707165	0.1253952158	-0.0196618983	0.0054608573	-0.0101888888	0.011974924	-0.0957198657	0.072545139	-0.0377040179	-0.0245167777	-0.0567647791	-0.0571435118	-0.0639648439	0.0167050254	0.066888099	-0.0613465798	-0.0570590335	-0.0120253182	0.0912819118	0.0022704697	-0.1153092234	-0.0984878556	-0.0340495771	0.0070659938	0.0852674808	0.029231324	-0.0032534914	0.0045435672	8.28914e-05	0.0792044508	-0.0889664727	0.006471778	0.0126944169	-0.0155924584	0.0281522165	0.0487375616	-0.0208965206	0.0452321592	-0.0107254602	-0.1031177111	-0.0704820038	-0.0424253651	-0.024669645	-0.0560600155	0.0702110902	0.0494613506	0.015681475	-0.1243153834	-0.14283586	-0.0520248962	0.0556725807	-0.0543322774	0.0528157081	-0.0654179296	-0.0257386774	-0.0712187348	-0.066976082	-0.0095939002	-0.0446507678	-0.0607532263	-0.0255167174	0.0029932729	-0.1065985272	-0.0460866613	0.0102895373	-0.0174518054	-0.0005148605	0.0571106217	0.0103646506	0.063468941	0.0083334516	-0.0165575133	-0.0749343514	0.0469489822	0.0558930371	-0.0696177779	-0.0276578354	0.0808350932	-0.0051268245	-0.0553441091897184	0.0025730835987899	0.0030629704220034	6.620759206362065e-06	0.1298764352351753	0.0146268871112909	0.0002139458265664	0.0168678884293966	-0.2073109853012198	0.029252354148113	0.0429778446265625	0.0008557002232066	-0.0011120104185512	-0.0003010192817135	9.061260796331155e-08	1.2365671709664151e-06	0.0018241078167049	5.014922205699994e-05	3.327369326963917e-06	2.514944472922289e-09	-0.0010869875374433	5.179436658300004e-05	2.682656409734191e-09	1.1815419065570491e-06	0.0	0.0	0.0
1807.636939508153	3.022834871470195	9.137530660176232	3267551.305074402	2480.4779548498864	1.878828611410427	3.529996951054432	6152770.884496275	1942.98757838452	6.939498781219527	48.1566433345473	3775200.7297565416	2065.5613566119628	1521.6237707614318	1.079044	28.215099	0.1221754437482713	0.060700408565096	-0.0789792612	-0.0845576263	0.0265444124	0.0687220931	-0.0259827129	-0.0047351253	0.0463026709	0.0076555972	-0.0622698564	0.018111154	-0.1036001437	-0.0870271893	-0.0682175407	-0.1308610804	-0.0420788931	0.0368915976	0.0013935677	-0.1115252132	-0.0087912396	-0.0269415602	0.0347043842	-0.0133970697	-0.0916503785	-0.0060445678	0.0822231176	0.0563656563	-0.007712557	-0.0655617811	-0.0288958748	-0.0555140385	-0.0612597937	0.0379143431	-0.0581683745	-0.0772765995	0.062970722	0.0156123175	-0.0662400984	0.0157369347	0.0660710705	0.1616066607	0.0741359673	-0.0517853341	-0.0847173697	0.0523739755	0.0050482126	0.0972208247	-0.0526504254	0.0295344962	0.0334784947	0.0484345973	0.0865490647	0.0058111568	0.0043705395	0.0644195035	-0.0120395056	-0.0158631074	0.1566990805	0.0632704649	-0.0551775295	-0.0748491206	0.0547453921	0.0092178996	-0.1043406344	0.0280262396	-0.0199137246	-0.0972585504	-0.0645925463	0.0338460651	0.0538228944	-0.0221198917	-0.1280979323	0.0557775297	0.0082788737	-0.0270265328	-0.0392389091	-0.0454812586	0.0080467845	-0.083540418	0.0451047695	-0.0806099303	-0.0063169801	0.030911604	-0.0253405155	-0.0313961428	0.0229115816	0.0546084609	-0.1074074996	-0.0337386215	-0.0110357896	0.0545076081	-0.0311257529	0.0234883836	0.0039213872	0.0246991298	-0.0261530644	0.0101802276	0.1789727674	-0.0275826612	0.0265665866	-0.0479901888	-0.0683721298	0.04847291	-0.1505253025	0.0126885423	0.0092936255	-0.0705703558	0.0472998505	-0.0051407013	0.0021995184	-0.0919227678	0.0801840427	-0.0180116985	-0.0538127314	0.0116965983	-0.1144219542	-0.1202053614	0.0606794707	-0.0592063239	0.0345270462	0.0345340979	-0.0188559266	-0.0584313973	0.0096823433	-0.0538479356	0.1083564687	-0.0367558874	0.0039452572	0.0572010159	0.0143579162	0.0209941889	-0.0402033535	0.0065675257	-0.0036534488	0.0947841879	-0.020634571	-0.0681422328	0.0402219115	-0.0507986986	-0.0173938582	-0.0742388174	0.0490241061	0.0533515689	-0.0717551168	-0.0227795284	0.0814605803	-0.0119276293	-0.0271492998619322	0.0281948093277862	0.0007370844829931	0.0007949472730302	0.1155886369230643	-0.014287798312111	0.0002041411806075	0.0133607329857319	-0.2460783162925039	-0.0387673309912841	0.0605545377493535	0.0015029059521877	-0.0009264089451852	0.000185601473366	3.444790691563005e-08	8.582335337191548e-07	0.0014748686967396	-0.0003492391199652	2.1752376726223666e-06	1.2196796291413717e-07	-0.0008033180284328	0.0002836695090104	8.04683903422581e-08	6.453198548051608e-07	0.0	0.0	0.0
1805.8268403000063	-1.8100992081467664	3.276459143333552	3261010.5771479043	2494.574831673925	14.096876824038644	198.72193619211788	6222903.590820991	1944.9437846987264	1.9562063142063837	3.826743143740924	3782806.3256382057	2073.349610162739	1522.6352997476667	1.050711	27.474247	0.0580994772848002	0.0266998595558519	-0.0892485001	-0.013750033	-0.0426585481	-0.0369975559	-0.0523399763	-0.0527878256	-0.0231752818	-0.1006035223	0.087769446	0.1155284004	0.0133420425	-0.0345293185	-0.0763672418	0.0147783357	-0.0642030786	0.0360924025	-0.0307331492	-0.0838707774	0.0852047514	-0.0370016427	-0.0035672151	-0.1029388298	0.0360581342	0.1048262082	0.0607468537	0.0399732651	-0.0025326989	0.0438914925	0.0924453941	-0.0337185123	-0.044544397	0.0129014932	0.0165900119	-0.0486663907	0.0257252933	-0.0369649546	0.1237171951	0.0166509002	0.001446033	0.0443579071	0.0051908702	-0.0170381153	0.0386989371	-0.142467731	-0.0402018205	0.0703748654	-0.0098853898	-0.0341982785	0.0114658167	-0.0203332381	-0.1006598264	-0.0050463201	-0.0345674186	-0.0127808847	0.0924898476	-0.0033729858	0.0013942042	0.0068530493	-0.1005907995	0.0557261297	-0.0962518991	-0.0593165733	-0.0017058535	-0.0173199793	-0.0120765653	0.0397984209	-0.0005030803	0.0314308894	0.0344906858	0.0196248621	-0.0406430291	-0.1276838698	-0.0400129902	-0.0170590057	-0.0084986884	0.0152897367	-0.0075533045	-0.0849764821	-0.0110235899	-0.0863616648	0.08992985	-0.0109566973	0.0566543749	-0.0720181185	-0.025769127	0.0351489798	-0.0381295552	0.0473090667	-0.01508791	0.0423098795	0.0602283364	-0.1076128832	0.0881573323	-0.0029247451	0.0051151495	-0.0075765363	-0.0228601754	-0.0409997183	-0.0116408652	0.0385160858	0.1599814101	0.0008823438	0.0198838634	-0.0144483162	-0.095493741	-0.0002260726	-0.0085595875	0.0633082233	0.0195325951	0.0082287767	0.0057108218	0.0131045869	-0.0620304216	-0.0180011819	-0.0888232039	-0.0948631666	0.0416799569	0.1110555799	-0.0175707107	0.0481054166	0.0446949329	0.002863422	-0.0222030308	0.0016342989	0.0353276591	0.068569676	0.0854751948	-0.0568600733	0.0296003451	-0.0744855687	0.0414078065	0.054543855	0.0665690125	-0.0763017998	0.0500121166	-0.0270343664	-0.014125609	-0.0203954507	-0.0182282956	-0.0735107199	0.0510508491	0.0507165039	-0.0736957799	-0.0178113211	0.0816485389	-0.0186447705	-0.0284229769229398	-0.0012736770610075	0.0008078656171619	1.6222532557369554e-06	0.124052770445644	0.0084641335225797	7.164155628805745e-05	0.0153890898552396	-0.238187833800076	0.0078904824924279	0.0567334441703726	6.225971396331134e-05	-0.0011750903604137	-0.0002486814152284	6.184244628004963e-08	1.380837355137199e-06	0.0017122879328588	0.0002374192361191	2.9319299650138625e-06	5.636789367942441e-08	-0.0004799949956048	0.0003233230328279	1.0453778355709595e-07	2.30395195805652e-07	0.0	0.0	0.0
1808.2201723457	2.393332045693569	5.728038280943764	3269660.1916779126	2477.4757000568725	-17.099131617052535	292.38030205728563	6137885.84437229	1944.859321894608	-0.0844628041184023	0.0071339652795436	3782477.781960354	2070.047703175882	1474.8881111191483	1.179031	30.829571	0.2036796680061617	0.09796891102079	0.0035789083	0.0394687941	0.0343953096	0.1174232909	0.1166718017	-0.0614323216	-0.0562257704	0.0457944371	-0.0209791896	0.0043734937	-0.0625962266	-0.0926875594	0.0403388839	0.0418340982	0.0287145258	0.033787862	0.0222557792	-0.0767025491	0.0006277962	0.0703373225	-0.0799487699	0.0689838332	-0.0749078621	0.1639590572	-0.0175654095	0.022952508	0.0049816453	-0.0118648417	0.02128484	0.059809258	-0.0213775871	-0.0345269591	0.0312209757	-0.0580644051	-0.045637909	-0.0141582619	-0.0111976665	-0.1077261126	-0.0131371097	0.0558334272	-0.0073431367	-0.0043736104	0.0339499212	-0.1046065315	-0.0332834815	-0.0635395573	0.002749664	-0.0140610018	0.0054942799	-0.0705902786	-0.0115049605	-0.1238053708	-0.044978328	-0.0330213695	0.0661523396	0.0308807625	-0.004160718	0.077607924	-0.064091767	0.0347382058	-0.0165466641	-0.1080000864	-0.0460189136	0.0528062202	-0.0056249834	-0.0886340153	-0.1009881611	0.0563759349	0.0112613725	0.0779992038	-0.0336534784	0.0379480288	0.0520852146	0.035627701	0.0632873888	0.1433322046	0.0259047667	-0.0959303428	-0.0187677835	0.0023530221	0.0433900346	-0.0841555034	0.0355218576	0.0286525875	0.0372985324	0.1163461366	0.0387326339	-0.0594487256	0.0169590355	0.085289427	-0.0309073462	-0.0552343129	0.0137652387	-0.0429032886	0.1240137073	0.014685765	0.0612995905	0.0286414309	-0.0339465158	0.0026582054	0.0509159931	-0.0128606845	0.089852347	-0.0553643176	-0.0381417334	0.0358178528	0.0176897307	0.1083367359	-0.0360278348	-0.0943281088	0.0295817594	0.0051865625	-0.0125308274	-0.0171149217	-0.0318144225	-0.111416065	-0.0774798276	0.004732851	-0.0371211934	-0.0655313078	0.0110382643	-0.0905931384	0.0611580859	-0.0231094403	0.0532115079	-0.0313659428	0.1044565035	-0.0019358846	-0.0300829434	0.0451083501	-0.0091743189	0.0461638024	-0.0157155076	-0.132852808	0.0125040167	0.0538852525	0.0378127786	-0.0085114505	-0.0190607341	-0.0727503781	0.0530272111	0.0479924649	-0.0754344479	-0.0127728206	0.0813979594	-0.0252311319	0.0184354845819285	0.0468584615048683	0.0003398670917705	0.0021957154146032	0.1465981512436371	0.022545380797993	0.0005082941953265	0.0214910179480522	-0.2979232902806714	-0.0597354564805953	0.0887582868916611	0.0035683247609451	-0.0005640060302663	0.0006110843301473	3.734240585516964e-07	3.1810280217675055e-07	0.0011867358462585	-0.0005255520866002	1.4083419687948785e-06	2.762049957299292e-07	-0.0008341659633112	-0.0003541709677064	1.2543707436608784e-07	6.958328543469023e-07	0.0	0.0	0.0
1809.756336441792	1.5361640960920795	2.3598001301223954	3275217.9972912166	2486.423661389113	8.947961332240538	80.06601200327187	6182302.6239156425	1944.8913153700944	0.0319934754863879	0.0010235824736981	3782602.228602016	2073.9674211724537	1513.5254362062185	1.208491	31.599918	0.053706755287917	0.026504480370798	-0.0001675929	-0.0067315924	-0.1175806789	0.0011791959	-0.0841832193	-0.0857044692	-0.0376582159	0.0365251998	0.0103978581	0.0637762644	-0.0217335899	-0.0436338041	-0.0201121308	-0.0026447826	-0.0503722835	-0.0268931116	0.0246886884	-0.0677569668	0.0058494795	0.0488689663	-0.1258180175	-0.1003344733	-0.0439054203	-0.0447019819	0.1262634022	-0.0357788552	0.0472168314	0.0448396356	-0.0098653556	0.0268922116	-0.1045982542	-0.0394202441	0.0768419677	-0.0732833873	0.0636613475	0.0251678159	-0.0277181155	-0.036370573	-0.0070923564	-0.0132382894	-0.042145247	0.0045463687	0.0367712488	0.0128189771	-0.0544139072	0.190993756	0.1219579473	-0.016089408	0.0144732446	-0.0118365903	0.0028321731	-0.0380322747	-0.0947449165	-0.1051795259	-0.0683027979	0.0730682337	0.0976894299	0.0468055605	0.0674919998	0.0628807987	-0.0247095169	0.0736545254	-0.0952134957	-0.0972199011	-0.0483482441	0.0659201893	0.0581286583	0.0641026393	-0.0061302522	0.0891573768	-0.0433097572	-0.0272669746	-0.0285130119	-0.0235044833	0.036660964	-0.0958800905	0.0811043997	-0.0853268188	-0.0157118424	-0.0788807618	-0.0099854726	-0.0013660366	0.0468955267	-0.0941496335	0.0435094448	0.0375968113	-0.0397469875	0.0919912289	0.0052494265	0.0237207568	-0.0137659389	-0.0211265979	-0.1031841437	0.0070697038	0.1593552011	0.0329348855	-0.0314335003	-0.0069943648	0.0738195484	-0.0159776033	0.0648246215	0.0055960466	0.11212191	0.0988330379	-0.0067743896	-0.0295225926	-0.0078913782	0.0008408748	0.0553151503	0.0548372866	-0.081018983	-0.0308856438	0.0133358745	-0.087580182	-0.0401363783	-0.1334663602	0.0569147689	-0.006939038	-0.038813569	0.0763917389	0.0137583336	0.1085641513	0.0755798133	0.0011651376	0.0262993952	-0.0113247348	0.0826795115	-0.0784315217	0.0892621339	-0.0029461898	-0.0944389507	0.0079306505	0.0660961148	0.0553944736	-0.0565903166	-0.1533414088	-0.0119180683	-0.0330048858	-0.0198910824	-0.0719581255	0.0549512416	0.0451842308	-0.0769663555	-0.0076839116	0.0807101879	-0.0316405151	0.006582343052969	-0.0118531415289595	4.332724006696925e-05	0.0001404969641055	0.1542139181381117	0.0076157668944746	5.799990539097532e-05	0.0237819325475082	-0.2871371559103934	0.0107861343702779	0.0824477463043095	0.0001163406946536	-0.000564008391551	-2.36128469999642e-09	5.575665434437184e-18	3.1810546573994617e-07	0.0014846838899131	0.0002979480436545	2.2042862529674936e-06	8.877303671760333e-08	-0.0006630821183664	0.0001710838449448	2.9269682001096386e-08	4.396778956972725e-07	0.0	0.0	0.0
1805.894340430308	-3.861996011484053	14.915013192718728	3261254.368798217	2489.881672709381	3.458011320267815	11.957842291100356	6199510.744094064	1948.6504946731209	3.759179303026485	14.131429032302693	3797238.750389799	2075.874218271522	1515.2102386716222	1.329577	34.766087	0.1163191122088	0.0550401572211992	-0.0100790322	0.0451809025	0.1251323569	0.1401102712	-0.0115123797	0.0508500658	0.0262016438	-0.006851717	0.0042602765	0.1092768522	-0.0059995641	0.0074343857	-0.1245381982	-0.0266304139	0.0251114601	-0.1182826872	0.0281813716	-0.0753556061	0.1266092848	0.0029979393	-0.0569008011	-0.024895766	-0.0629565667	0.0952666094	-0.0648363298	-0.0032166017	-0.0639377779	0.0066477714	0.0418232495	-0.0835024051	-0.074302944	0.0021873025	0.0921883889	-0.0472000542	-0.004340791	0.0874460041	0.0591033118	0.0052277572	0.0166700124	-0.0831250858	0.0407346335	-0.063193091	0.0013759912	0.0901160032	-0.0659454043	0.0031430686	-0.0333080592	-0.1070530349	-0.0329212949	0.0002253745	0.0746588704	0.022604303	0.0906695015	0.0082019816	0.0860495041	-0.0790587047	-0.0543894207	-0.0712267474	-0.0040492187	0.0426380204	0.0190975202	-0.0544051201	-0.0122669675	-0.0860109107	0.0256161147	-0.0152921045	-0.0510371364	0.0505761406	-0.0152714739	-0.0058514058	-0.0517922888	-0.0907596091	0.0612897159	0.036378886	0.0503097263	-0.009080866	-0.088169006	-0.1579885255	-0.028627897	0.0432544447	0.0489554987	-0.0348414025	0.0316391659	-0.0495380352	-0.0481545766	0.1107319282	0.0368939314	-0.0746621191	-0.1002893697	0.000592206	-0.0080711603	-0.0059500585	-0.0251869391	0.0643978064	-0.0602562404	-0.0242406233	-0.0504677959	0.0073210189	-0.0676716384	-0.0185788278	0.0743992672	0.0769343371	0.0074898483	-0.0502218199	0.0055026187	-0.0095082412	0.0165449786	-0.0501203581	-0.0436205749	-0.025065164	0.031702743	0.0341624438	0.0656620768	-0.0524666031	-0.0458678314	-0.13936887	0.0458088752	0.0546548796	-0.1032484637	-0.0476596831	0.0094400692	-0.0595615497	-0.0291398035	-0.0306273638	-0.0421824312	-0.1020029556	-0.0428741986	-0.1068134317	-0.0944727697	-0.0055946618	-0.0646140096	-0.0497828005	-0.0025131356	-0.0526210202	-0.0259701556	-0.0493231242	0.0293798123	0.0755645472	-0.0207192494	-0.0711343098	0.0568210419	0.0422967282	-0.0782873035	-0.0025646777	0.0795889182	-0.0378279629	-0.0339716994168384	-0.0405540424698074	0.001154076361268	0.0016446303606429	0.1360319486398395	-0.0181819694982721	0.0003305840148361	0.0185046910507519	-0.3012190345779189	-0.0140818786675254	0.0907329067920535	0.0001982993068069	-0.0010718543637309	-0.0005078459721798	2.579075314593477e-07	1.1488717770489722e-06	0.0017758951744601	0.000291211284547	3.153803670670669e-06	8.480401224751385e-08	-0.0007340492931034	-7.096717473700006e-05	5.036339890151899e-09	5.388283647056013e-07	0.0	0.0	0.0
1803.5953289549768	-2.299011475331099	5.285453763704076	3252956.110628211	2484.3421750123475	-5.539497697033312	30.686034735437367	6171956.042545081	1940.1094446858085	-8.541049987312363	72.94953488576851	3764024.657359076	2069.054116243614	1502.0781252694917	1.168174	30.545675	0.0448389547207722	0.0239140296883626	-0.0206064248	-0.0174662543	-0.030958098	0.089653599	-0.0282625218	-0.0923801612	0.036839698	-0.0212713894	0.0576016556	0.0640538921	-0.0116745982	-0.0345969216	-0.0226709535	0.0275175425	-0.0068625957	-0.104785793	0.0002160034	-0.0432268288	-0.0076371286	-0.0155024749	-0.0514193644	-0.0197079599	-0.1132457212	0.1004965568	-0.003394631	0.0377512557	0.0033698507	0.0436555484	-0.0592146735	-0.0304757256	0.0278750733	0.0582863726	-0.1113214673	0.0083966504	0.0574120741	-0.0608435746	0.0844619167	-0.0858707155	0.0226666445	0.0168236595	-0.04792477	0.036959228	0.0048716182	-0.0372881948	-0.0087956698	-0.0671808879	-0.0325663343	0.0123676564	0.0064063464	-0.0049874816	0.0123918876	-0.0598038895	-0.0600069953	0.0318185447	0.0702008465	-0.0671306161	0.0370419442	0.0391673674	-0.0095846975	0.0625732976	0.0640768297	0.0335864385	0.035221239	-0.0136663753	0.0015329335	0.0216077483	-0.0242117515	0.0320015729	0.005778263	-0.0245896029	-0.0423590275	-0.0404173513	-0.0034443798	-0.0310979622	0.093543511	0.0704725639	-0.0257438599	-0.0978313711	0.0180354361	0.0210302598	-0.011692984	-0.0388130383	0.054214638	-0.0249608663	0.0188110609	0.0557421258	-0.1487931186	-0.0159914797	-0.0062655908	0.0395738329	-0.0034337698	0.1005798527	0.0572356842	-0.0319419088	-0.016050841	0.006181701	0.0038948837	-0.0381339071	0.0215789208	0.0588535906	-0.0419099017	-0.0502818758	0.0226117084	-0.0518210877	0.0106440492	-0.0140821145	-0.0228757108	0.0845552376	-0.0169644201	-0.129559836	0.0128410312	0.0102210825	0.097610868	-0.0109170723	-0.0440200234	-0.1749577928	-0.0388121397	0.0443991266	-0.0287662656	0.0755434966	0.0493205178	-0.0839364759	0.0465650002	-0.0067708893	0.0938132706	-0.0701188036	0.1442881741	0.0134762943	-0.0250882626	0.0888029656	-0.017445466	-0.0284034499	0.0502468336	-0.0116439037	-0.0529410241	-0.193525687	-0.0129893741	-0.0520566047	-0.0215451443	-0.0702792922	0.0586347667	0.0393350228	-0.0793936715	0.0025646777	0.0780401729	-0.0437500746	-0.0171805701576488	0.0167911292591896	0.0002951719909418	0.0002819420217988	0.1387585881214477	0.0027266394816082	7.434562862664637e-06	0.0192539457774575	-0.2944491374637294	0.0067698971141894	0.0867002945531342	4.583150693671079e-05	-0.0011371098203071	-6.52554565762002e-05	4.2582746129683505e-09	1.2930187434388455e-06	0.0017530799332323	-2.281524122779992e-05	3.073289252301766e-06	5.205352322827012e-10	-0.0010170043726151	-0.0002829550795116	8.006357702147245e-08	1.0342978939182331e-06	0.0	0.0	0.0
1803.8413565454027	0.2460275904259106	0.0605295752507796	3253843.639583559	2464.964007965906	-19.378167046441376	375.5133580797865	6076047.560567344	1941.3007617860328	1.1913171002242962	1.4192364332868257	3768648.647711031	2066.0795197058364	1453.4775601554295	1.160376	30.341772	0.1396632976223087	0.0681180111227547	-0.0049087753	-0.0038836952	-0.0995720643	0.1454562006	0.088568453	-0.0566248877	-0.1193640772	-0.0347732824	0.0346419071	-0.044181452	0.0027858481	-0.1011510393	-0.0713975522	-0.0327828046	0.0249746976	-0.0164675205	-0.0165803501	-0.0869519563	0.0186608916	-0.0189508813	-0.0051955419	-0.1063888716	-0.0050791684	0.0927555154	0.034322876	0.025110088	0.0151780203	0.0371378206	-0.0567839963	-0.0114144476	-0.0575521523	0.0676467705	0.0226961699	-0.0371557482	-0.0856789042	0.0795244791	0.0123620171	-0.0358086453	0.1306736747	-0.0009952195	-0.0237013594	0.0668781012	0.0134353152	-0.0311104059	-0.0326187698	-0.0512509668	0.0879877993	-0.0390116428	-0.023059173	0.128187461	0.0127015564	-0.0085505304	-0.0100470038	-0.000434579	0.0654678435	0.083502435	0.0654438	-0.0042910935	0.0967786784	-0.0297093432	0.0597337107	-0.1467859188	-0.0633385879	0.0842660621	0.0221039191	-0.0733879128	0.0268282866	-0.0446904571	0.0262040239	0.0926290232	-0.0404949718	-0.0144457712	-0.0423140587	-0.0598728871	-0.0475387292	0.0001839035	-0.0130337364	-0.0889990308	-0.0196879114	0.0417090684	-0.0073380727	-0.0871520439	-0.0524869385	-0.0247837897	-0.0213142966	0.005170097	-0.0082157881	-0.1092112746	0.0659733447	0.1387197022	0.1550235243	0.1052410665	-0.0501947068	-0.0102882786	-0.0417704743	0.0505177051	0.0382370411	-0.0055614348	-0.0824955131	-0.0298169959	0.0188179887	-0.043591049	-0.0064219627	0.1325804191	-0.0388596473	0.0808186556	-0.0313989669	-0.0585702901	0.0400014545	-0.178838103	0.0406553447	-0.0317283202	0.0312001387	0.035771143	-0.0370115972	-0.115873137	0.0459020018	-0.1081478771	-0.0333441694	0.0176316337	0.0081894372	0.0115398591	0.0180982397	-0.0455422854	-0.0309527669	-0.1983289446	0.126507308	-0.103130213	0.0812832085	0.059607926	-0.0756772102	-0.1358460026	-0.165704206	-0.1503141737	-0.0158771706	-0.2520396047	0.133586945	-0.0253796913	-0.0223686765	-0.0693934478	0.060390626	0.0363043104	-0.080282427	0.0076839116	0.0760722702	-0.049365311	0.0196421485412798	0.0368227186989286	0.0003858139993177	0.0013559126123804	0.1115460136935979	-0.0272125744278498	0.0007405242069912	0.0124425131709323	-0.2935051266101141	0.0009440108536153	0.086145259346419	8.911564917435633e-07	-0.0007541800547669	0.0003829297655402	1.466352053366726e-07	5.687875550082043e-07	0.0010492301297044	-0.0007038498035279	1.100883865079512e-06	4.954045459262636e-07	-0.0006101040688449	0.0004069003037701	1.6556785720828098e-07	3.722269748211026e-07	0.0	0.0	0.0
1816.335954368604	12.494597823201277	156.11497476354603	3299076.299132108	2482.682630750868	17.718622784962008	313.94959339577485	6163713.045032051	1941.778038805864	0.4772770198312628	0.2277933536590116	3770501.951988748	2071.517627139848	1513.3058434694317	1.658096	43.356281	0.499507600972749	0.3191042130711379	0.1939729393	0.024052844	-0.0661806194	-0.1029913334	0.0863654753	0.023849153	-0.0861323739	0.2189360773	-0.0092876402	-0.0197845165	0.0729947536	0.1329827814	0.149821001	-0.0957039074	-0.0212538527	0.0462822322	0.114536567	0.134099987	0.0295640378	0.2487826189	0.0666829843	0.000731559	-0.0384515389	-0.0681639887	0.0591711041	0.1554402141	0.0913010109	-0.0551091075	0.0548272757	0.0715805301	0.0326995796	-0.0612525063	-0.0120980344	0.0291175364	0.0109754289	0.0909488628	0.1033831901	0.031254597	0.1010219586	-0.1579554716	-0.1145657378	0.0389691183	0.001545161	-0.1443758624	-0.0701293279	0.000257412	-0.1344711407	0.0757017436	0.0314953855	0.0216259334	0.0695844635	0.0559121325	-0.0609199797	-0.0185939956	0.0629355098	-0.0328804566	0.1137521671	0.0670462428	-0.0892938955	-0.0728212358	0.0391289369	0.0089006714	0.039698686	0.0234636809	-0.0081876843	-0.0420355054	0.0898484016	-0.0082945499	-0.1333630448	0.1043919143	0.1491042712	0.1002967483	0.0291680032	0.1602372717	-0.0973569959	0.0072799961	0.035587082	0.0743790523	0.0883093583	-0.1330551071	0.0049101419	0.020150917	0.200752114	0.0035671238	0.1329969753	0.0256792617	-0.0791805123	0.0078777862	-0.0465540419	-0.0048558504	0.0241887934	0.0483013576	0.027941105	0.1205885421	-0.152734158	0.0372223103	-0.0500372726	0.1087975308	-0.1772542203	0.2257654768	0.0955809753	-0.1630161968	0.1192854521	-0.0168208399	0.1121279319	0.0051328837	-0.0041050372	-0.0511461952	-0.0814890491	0.0074230212	-0.029776601	0.0608042541	-0.023378164	-0.0095975038	0.1717656717	-0.0147435054	0.1792656116	-0.0701080766	-0.0892793107	0.117018667	-0.0960679826	-0.0924061261	0.100590112	-0.0002071063	-0.092087661	-0.0529583411	0.0122215745	0.0265367871	0.1273972663	-0.006850623	0.009143616	0.0213186356	-0.091035249	-0.1067121732	-0.2339097727	0.1491325581	-0.0938539245	0.0896184748	-0.0231897558	-0.0684771651	0.0620868871	0.0332099078	-0.0809511339	0.0127728206	0.0736957799	-0.0546342852	0.065039414366268	0.0453972658249882	0.0042301254211071	0.0020609117443846	0.1386074369054597	0.0270614232118618	0.0007323206262514	0.0192120215655009	-0.612834603258058	-0.319329476647944	0.3755662509504614	0.1019713146562498	-0.0012687884962523	-0.0005146084414853	2.648218480480323e-07	1.6098242482221726e-06	0.00175179423447	0.0007025641047656	3.068783039922333e-06	4.935963213050889e-07	0.0003271120906632	0.0009372161595081	8.783741296431124e-07	1.0700231985804959e-07	0.0	1.0	0.0
1811.0010226457807	-5.334931722823285	28.461496487186224	3279724.7040240634	2472.4384166966	-10.244214054268014	104.9439215896623	6112951.724357191	1944.4081633560304	2.630124550166329	6.917555149387634	3780723.105725572	2073.377607940032	1565.226903683085	1.389126	36.323189	0.2853247597485258	0.1491494111975368	0.2101528332	0.0945152734	0.0901707256	-0.1982219533	0.0119781543	0.1151424777	0.0556702852	0.1716014933	-0.0433528816	-0.0579885149	0.0237332676	0.2162317961	-0.1316181536	0.0345306348	-0.0725006088	0.1084933026	0.1886266091	0.1314484061	0.0936438509	0.1059305797	-0.0533212923	-0.0269204182	0.1102771764	-0.136386289	-0.1772407507	0.0894392688	-0.0045039994	-0.161253065	-0.0140863357	0.0316846869	-0.0635246575	0.1525884326	0.0098541147	0.0334647549	-0.0289220045	-0.1021579588	0.0002632904	0.0389682728	-0.0446292634	-0.0414058371	0.0086902357	-0.1543458202	-0.0961787586	0.0238102493	0.0039198447	-0.1108367222	-0.0446796497	0.0970764842	0.0458974493	0.0008694531	0.0479869179	-0.0727804294	-0.0356961483	-0.0207509682	0.0585674925	0.0050064337	0.1532501951	-0.0165578164	0.0518081732	0.0312828289	-0.0679158746	-0.0102327691	0.1495474532	-0.078624938	0.0461971651	0.0140214532	0.0048917296	-0.095588361	-0.1955816953	-0.0100344689	0.1393270986	0.0641551925	0.0520861044	0.2126430224	0.0457686861	-0.1188150373	-0.0896752818	0.1282424882	-0.0768842631	-0.0665685527	-0.0245938567	-0.0809614393	-0.107154928	0.0782191382	-0.0705416231	0.0277175656	0.0022992867	-0.0529935855	-0.0290123087	-0.0129919161	-0.0586673846	-0.153203909	-0.0202491805	0.1161227204	-0.2227433411	0.0500703257	0.0259556471	-0.0871676196	0.070296436	0.0308470439	0.0341235848	-0.0049774028	0.0039869814	-0.03104353	0.0920072323	-0.1842473174	0.1760237477	0.0438210377	0.023947775	-0.0742892048	0.0680178203	-0.0601710411	-0.0170604029	0.0654247596	0.2616294388	0.1431137996	0.1139819938	0.0433617919	-0.1914283643	0.0796075267	-0.1243167836	-0.1302939467	-0.041339329	-0.0908886471	-0.0364698407	0.0022995549	-0.0470854695	-0.1223475853	-0.090661696	0.0675992956	-0.0319525986	0.2116474836	0.0995396279	0.1245021774	-0.2492888377	-0.1134919789	-0.1113409172	0.0394982705	-0.024008292	-0.0675308461	0.0637218759	0.0300572439	-0.0813979594	0.0178113211	0.0709234662	-0.0595200392	0.1674574244706406	0.1024180101043726	0.0280419890103403	0.0104894487937393	0.1493234276691453	0.0107159907636855	0.0001148324580473	0.0222974860508624	-0.7046319495829607	-0.0917973463249026	0.4965061843730841	0.0084267527922941	-0.0020035413288988	-0.0007347528326464	5.398617250820554e-07	4.014177856605569e-06	0.0017403112081917	-1.1483026278299916e-05	3.0286831013576545e-06	1.318598925081264e-10	0.0011887444828497	0.0008616323921864	7.424103792650304e-07	1.4131134455056006e-06	0.0	0.0	0.0
1808.420074786445	-2.5809478593357653	6.661291852609869	3270383.166890611	2482.198099304433	9.759682607832929	95.25140460563657	6161307.40419054	1938.5737947479008	-5.83436860812958	34.03985705552789	3758068.357683276	2069.992300876012	1569.5187687194305	1.207101	31.563547	0.237425572488072	0.1242021304324857	0.2485812689	-0.0010713571	0.0281718171	-0.2168709329	-0.0215619391	0.0445750802	0.1353246138	0.1304857997	0.0152945252	-0.0739545867	0.0778865935	0.3048775633	-0.0243029095	0.0432138914	-0.0385467005	0.1387349516	0.1594233557	0.2386633392	0.0728751881	0.0210783534	-0.0575938563	0.1268534704	0.0116623732	-0.0710864332	-0.1216031365	0.058164644	-0.0643703716	-0.1176194499	-0.0234038071	-0.0684092025	-0.1229683768	-0.0205819858	-0.018011807	-0.0848607042	0.1475355727	-0.1764557677	-0.012827547	0.0055448583	0.0715639849	0.0182575114	0.0257203121	-0.0239636112	-0.0150016974	-0.0708409807	0.0257497273	-0.0733945266	0.1858690935	-0.1039849531	0.0102592246	-0.0409627392	-0.0014664679	-0.0211394062	-0.0499041545	0.0016994679	-0.0357924439	-0.0535994844	-0.0328646761	-0.0192229657	0.0284996247	-0.001895814	0.0437153762	-0.0312283386	-0.0045931316	0.0538530033	0.1127269792	0.0488235301	0.0662299257	0.0284488364	-0.1918605513	-0.1231769604	0.1912272303	0.0537458264	0.0538065367	0.1981639541	0.0679883831	-0.0219188375	0.0385434077	0.1148789119	0.0573813273	0.0115399206	-0.0219462496	-0.0002791734	-0.0096593084	0.0136984721	-0.0379128965	0.1487793763	-0.0947892582	0.0026797528	0.1251044537	0.152385186	-0.0506133338	0.0025049241	0.0424594754	0.0273534456	0.0194746919	-0.0696036078	-0.0152934742	-0.0039582067	0.0403203857	-0.0362613536	-0.0286465259	0.0221082356	-0.0253488304	0.1030884001	-0.1045288063	-0.1256633871	0.0538028178	-0.0512386399	0.0096179641	-0.0079615764	0.0660402207	-0.1211677277	0.0887560653	-0.0398469476	0.3016744626	0.1729384666	-0.0004892529	0.0407138069	-0.0621030235	0.1264019274	-0.1599310913	-0.1670822929	-0.072270819	-0.0287462277	0.1379439131	-0.0705081632	0.0910489777	0.0040356757	-0.0271724553	-0.0590220468	-0.0503781428	0.1324011748	0.0674815461	0.0743525118	-0.061224445	0.0296894475	-0.0910819576	0.1002211954	-0.0248241955	-0.0665549058	0.0652939789	0.0268518493	-0.0816216788	0.0227795284	0.0677702193	-0.0639883028	0.1363214636031671	-0.0311359608674735	0.0185835414389096	0.0009694480591408	0.1613900420203151	0.0120666143511697	0.0001456031818998	0.026046745663319	-0.701250601827347	0.0033813477556137	0.4917524065632163	1.1433512644393922e-05	-0.0007109042717213	0.0012926370571774	1.6709105615885069e-06	5.05384883551592e-07	-0.0001036645878376	-0.0018439757960293	1.0746346771539485e-08	3.4002467363418907e-06	0.0018689646199192	0.0006802201370695	4.626994348748495e-07	3.49302875050972e-06	0.0	0.0	0.0
1803.3902584786565	-5.029816307788451	25.299052090094644	3252216.424375716	2452.151855936452	-30.04624336798088	902.7767405279347	6013048.724572587	1933.8937775619384	-4.68001718596247	21.902560860904075	3739945.142892784	2058.4558659803342	1493.4296967742214	1.294531	33.849697	0.1648704562144533	0.0960753051274961	0.191154453	0.0910125795	-0.005781798	-0.0290095621	0.033156978	0.0615995934	0.0031294896	0.0523333327	0.1174970929	-0.2243105107	0.0497753935	0.1302878133	-0.0146866087	-0.0314603661	0.0672697073	-0.0349774104	0.0711955517	0.1743705267	-0.046840093	0.1300477147	0.0010388746	-0.0066277407	0.0637663331	-0.0775973686	-0.0049059433	-0.0520291055	0.0327206596	-0.0386048295	0.0028259853	-0.0591623355	0.053511768	-0.0268545647	0.0929123004	0.0553847583	-0.0421390107	0.0029207966	-0.0223151262	0.034287362	0.0355501495	-0.0183915185	0.0489533327	-0.0298553846	-0.07535885	0.1151235012	0.1053393791	0.0272031441	-0.0032479904	0.0449308567	-0.0365313808	0.0613724893	0.0247332186	0.0522069317	0.0323930857	-0.0326930982	-0.0034712152	-0.0482254183	-0.0325574866	-0.0323708583	-0.0882644957	-0.0500234032	-0.0436154995	-0.1288082563	0.0174265231	0.0198633037	-0.0261925086	-0.0422940734	-0.0908758865	0.0366198844	-0.0930656821	-0.0462366443	0.1120512213	0.136654761	0.0338281846	-0.0206960992	-0.0368436179	-0.1363105554	0.0492975103	0.1008186316	-0.1206311052	0.0990051464	-0.0386962339	0.0392658798	-0.0329031826	-0.0818499882	0.0216357142	0.0291250788	0.1465470043	0.0216938139	-0.1743080344	0.0271918225	0.0440142671	0.1217768523	0.0358356203	0.0057042292	0.0222949585	0.000811383	-0.1013439895	-0.0417728175	0.0342925482	0.0209746064	-0.0717452172	0.0403880159	-0.0806678639	-0.0202819304	-0.085826541	-0.0404703804	-0.0079385898	-0.0427085068	-0.0786947061	-0.0227095679	-0.1077076139	0.0206191458	0.0109326923	-0.018986426	0.2005477415	0.1180040005	-0.0109341482	-0.0927777531	-0.0636283989	0.0371494702	-0.0623117635	-0.0391776679	0.0309378707	-0.0185760166	-0.0128298108	-0.0361252025	-0.0383247454	-0.0266723169	0.0014884804	-0.0703480814	-0.0211719451	0.0610996201	-0.0145940769	-0.0282428418	0.0709335957	0.0533580916	0.0173569213	-0.0675759108	-0.0256373767	-0.0655497724	0.0668016447	0.0235993474	-0.0816216788	0.0276578354	0.0642529755	-0.0680077345	0.1384441784396557	0.0021227148364885	0.0191667905438312	4.505918277048817e-06	0.1474675462908692	-0.0139224957294459	0.0001938358873364	0.0217466772090496	-0.6068614954565632	0.0943891063707837	0.3682808746677762	0.0089093034014751	-0.0011621523786929	-0.0004512481069716	2.0362485404545253e-07	1.3505981513015658e-06	-0.0004439134801754	-0.0003402488923378	1.9705917788143521e-07	1.157693087370998e-07	0.0015717388336739	-0.0002972257862453	8.834316800913685e-08	2.470362961278591e-06	0.0	0.0	0.0
1818.6171275935308	15.226869114874262	231.8575430415117	3307368.2567765447	2471.111801439775	18.95994550332261	359.47953348896345	6106393.535214929	1941.1748646413248	7.281087079386452	53.01422905760834	3768159.8551152656	2061.7715287801184	1560.05684486812	1.277209	33.396751	0.1887282898667655	0.0822366769122121	0.1032473559	-0.0742956496	-0.0283048335	-0.147425824	0.0516499506	0.0921532943	0.009021498	0.0589894918	-0.0878397584	-0.1223206687	0.1676890097	0.0493348055	-0.0149722041	0.0752316615	-0.0022654377	0.0718335518	0.0747455037	0.0632815484	0.0287780126	0.0938042538	0.0534341035	0.0074988617	0.0923048561	0.0118876809	0.0222767851	0.0082010093	-0.0007001269	-0.004836421	0.0514942067	0.0813028139	-0.0575854798	0.0161854146	-0.0225797617	0.0294261624	-0.0435390097	-0.0178771983	0.0346230073	0.020381534	-0.0487741997	0.1129076296	-0.022625965	-0.0004213598	-0.0129847149	0.0988191741	-0.0357749387	0.069558844	-0.0343989543	-0.0401825875	-0.0467979784	0.0411439235	-0.0308308355	-0.0234606285	0.1037086041	-0.0361317829	-0.1025318779	-0.0180480677	0.0465609682	0.0236453443	-0.0376914444	0.064056551	-0.0694632308	0.0598599538	-0.031849362	-0.0364725469	0.0387118366	-0.0476038134	-0.1036415864	0.0254729077	-0.041073846	-0.0290986255	0.055424128	0.1123767933	-0.1188740119	0.0885306603	-0.0386786663	-0.0179702804	0.0400679187	0.0079880859	-0.1206417946	0.0156883687	0.0149396289	0.0226674744	-0.1016117499	-0.0389325099	0.0746021618	-0.0059522902	0.0182133801	0.0757799763	-0.0737237402	-0.0516178326	0.0232460788	-0.0223495188	-0.0366967595	0.0309907618	0.085238104	-0.014805917	-0.0041413613	-0.0927971731	-0.1145372039	-0.0093872724	0.0538372069	0.0211086253	-0.0380102888	-0.1227456875	0.0190767685	0.0036543873	0.0689514719	-0.0297877018	0.0617335331	-0.0370413604	0.0346593589	0.0195217905	-0.0772726576	-0.0196189935	0.1436423815	0.1394204581	0.0334411521	-0.0661116734	0.0542537415	0.0874082885	0.0924581645	-0.0356080908	0.0209081157	-0.0156683182	0.0294237103	0.0259555335	-0.0174563628	0.0866454292	-0.0396672931	0.0018272248	-0.1296492556	0.0459547108	-0.0656468981	0.2011691996	-0.0285271959	0.0325795035	0.0626331724	0.0056399797	-0.0264477464	-0.0645158866	0.0682433853	0.0203054443	-0.0813979594	0.0324269895	0.060390626	-0.0715501408	0.1087968812441744	-0.0296472971954813	0.0118367613684589	0.0008789622309971	0.1141817616568943	-0.0332857846339749	0.0011079434586993	0.0130374746950718	-0.5506717362664588	0.0561897591901043	0.3032393611227164	0.0031572890378419	-0.0019126919366482	-0.0007505395579553	5.63309628055737e-07	3.658390444519042e-06	-0.0009536304617077	-0.0005097169815323	9.094110574968412e-07	2.5981140126239905e-07	0.0017035912711304	0.0001318524374565	1.7385065263220264e-08	2.902223219071692e-06	0.0	0.0	0.0
1802.679004934294	-15.938122659236797	254.0237539008774	3249651.594830896	2481.82055172975	10.708750289975342	114.67733277304696	6159433.250988161	1932.689074899268	-8.485789742056795	72.00862754639633	3735287.0602349886	2061.649283823046	1558.6928280424984	1.196929	31.297577	0.2024868340279996	0.1105139606450652	0.0892213613	-0.0032624383	0.0418794339	-0.1077644663	-0.0910099588	0.0110797793	0.1270504601	0.0149661453	-0.0458107807	-0.0383219495	0.0726447497	0.1020677172	0.0123921676	0.0552420904	0.0459261832	-0.0260735874	0.0544042774	0.1189552096	-0.0789471493	0.0040769361	-0.0124920008	0.0825753467	0.0977331531	-0.0113131116	0.0366411327	0.1099455991	-0.0609359867	0.0343311711	-0.0416360939	0.0239556748	0.0172626678	-0.0990354534	-0.0131006922	-0.0057731028	-0.0096092246	-0.0415040417	0.0401968483	0.0993550941	-0.0608360591	-0.0024026996	-0.0166652871	-0.0069741285	0.0560406522	0.095765977	0.0097208037	-0.0133702585	0.0652893044	-0.0201250227	-0.0094784648	0.0320553197	0.0180952069	0.0345193132	0.1017578242	-0.0083271307	-0.027168297	0.0461278875	-0.0647055504	-0.044144507	-0.0193114497	-0.0881456493	0.0417528009	0.1257144331	0.0029242898	0.0060796364	0.0264228407	-0.1314088303	-0.1146233505	0.0689337662	-0.0537719206	-0.1157014826	0.0767286549	0.0664930747	-0.0876270855	0.0387716397	0.1077882939	0.0252670873	-0.0162931327	0.0754023003	-0.0088763887	0.0492116291	0.0025009184	0.0951401657	0.0222665027	-0.0821698211	-0.0031567244	-0.0485189043	0.0333632791	0.1490243805	0.0040381618	-0.0857761841	-0.0611866668	0.0182701503	0.000970555	0.0526829722	0.0192916649	0.012471837	0.0297455031	-0.0443658261	-0.0284966247	0.022760146	-0.0566481246	0.0757630675	-0.015004744	0.0131537045	-0.0433930396	0.041549204	-0.1073054415	-0.0074875288	-0.0283191557	-0.0220514648	-0.1119783725	-0.0339752546	-0.0067359147	0.0735910342	0.098215998	0.1109039572	-0.0970312209	0.0246663514	-0.066718345	-4.27296e-05	0.0414340529	-0.0325414296	-0.0213036336	0.0374649077	-0.0085622517	0.0987219393	-0.0163720142	0.0444473621	0.0635550526	-0.2095331196	0.0342787953	0.0282099763	0.0971996932	0.1399352791	0.1462046856	-0.0394355753	-0.0655780016	-0.0187391619	-0.0272552159	-0.063453702	0.0696177779	0.0169759185	-0.0809511339	0.0370681691	0.0562039158	-0.0745906743	0.0759845345444603	-0.0328123466997141	0.0057736494899382	0.0010766500959422	0.159929223193231	0.0457474615363367	0.0020928302370186	0.0255773564311902	-0.46358260706306	0.0870891292033988	0.2149088335713834	0.0075845164254062	-0.0023309587400453	-0.000418266803397	1.749471188240283e-07	5.433368647793572e-06	-0.0006429773774045	0.0003106530843032	4.134199078539688e-07	9.650533878709108e-08	0.0016957532270597	-7.838044070700026e-06	6.143493485423584e-11	2.8755790070833864e-06	0.0	0.0	0.0
1796.613548560167	-6.065456374127052	36.78976102643848	3227820.2428699555	2486.678182199997	4.857630470246932	23.596573785471424	6183568.381829482	1935.7970899446743	3.1080150454063187	9.659757522472042	3747310.373438269	2070.363085832468	1548.0128383566778	1.236392	32.329475	0.0700000173048285	0.0371583539316135	0.0499434826	-0.0752491714	0.0644031308	0.0052790435	-0.153927752	0.0008576801	0.0827635984	0.0609001054	0.1170015366	-0.0077935426	0.0514521575	0.0104468004	0.0256630467	0.0444100589	0.0813972408	0.0314787321	0.1088842779	0.0593949063	-0.0469439412	-0.0764125575	0.0452889054	-0.0605957269	0.0643435304	-0.0477153851	-0.0477436907	-0.0461203044	-0.0152274183	-0.0374225317	-0.0063881346	0.091975617	0.0880093057	0.0234075353	0.1140108034	-0.0499681424	0.0023361523	-0.0138424078	0.0184423011	0.0259444448	-0.022820122	0.0556899225	0.0046101298	0.0476643015	-0.0362619077	0.0487454725	0.0530166624	0.0158185122	0.0143024839	-0.0503541055	0.0112182427	0.125560535	-0.0335248409	0.0587454277	0.0017581694	0.0189390944	-0.1007458589	-0.0464630759	-0.0210649089	0.0228869348	-0.0269891032	0.0227172124	0.0640940262	-0.0264796298	0.0613253084	0.0370906481	0.0486427037	0.0064602076	-0.0376265122	-0.0381439832	-0.1399374512	-0.0540301447	-0.0047006698	-0.0240570957	0.0339716571	-0.0432815881	0.0040654669	0.0167023459	-0.0055503738	0.1160353543	0.0148526503	0.106342479	-0.0368030281	-0.0171864165	-0.0862964797	-0.0672186468	-0.0250941972	-0.0527882527	0.0309726837	0.1485767513	-0.0078771704	0.0456270216	-0.0002872459	-0.0098516462	0.0004990586	0.0365870709	0.0521187846	0.0361123036	0.0711864465	-0.0038259524	0.0085476968	-0.0047860901	0.0261960476	0.0128224928	-0.0510210138	-0.0252941773	0.0879048022	0.0313448407	-0.0462227346	-0.1117305621	0.0935358272	-0.0198789726	0.0412032752	0.0622340234	0.0054165526	0.0876579715	0.0558656052	0.128026129	0.0116897079	-0.1047277284	-0.0002512685	-0.0069477749	0.0299583949	0.0643150288	-0.0648433133	0.1377306866	-0.0409250839	-0.0504182725	0.0090466332	0.0828460895	-0.1286748009	-0.0417495311	0.0209466194	-0.0882441473	-0.0204319125	0.0550304975	0.0398187943	-0.005591925	0.0169400874	-0.0130113631	-0.0280596966	-0.0623636846	0.0709234662	0.0136166111	-0.080282427	0.0415630576	0.0517153317	-0.0771080077	0.0855257618420495	0.0095412272975892	0.0073146559386629	9.103501834426136e-05	0.1603836091348682	0.0004543859416372	2.0646658395753786e-07	0.0257229020791261	-0.4277590328319078	0.0358235742311521	0.1829777901692891	0.0012833284706948	-0.0022981290507892	3.282968925609996e-05	1.0777884966520851e-09	5.281397134081269e-06	-0.000954610524541	-0.0003116331471365	9.112812535644432e-07	9.711521839419945e-08	0.0018349069873561	0.0001391537602964	1.9363769004627943e-08	3.3668836522482386e-06	0.0	0.0	0.0
1792.780901143669	-3.832647416497821	14.68918621918742	3214063.359505506	2478.7382026760056	-7.939979523991496	63.04327484140424	6144143.077405474	1931.6105947419408	-4.186495202733568	17.526742082511173	3731119.489719314	2063.8186676433847	1530.7253053353852	1.058672	27.682411	0.0910242351779345	0.0561742900725583	0.0212552917	-0.0687210549	0.0372241867	-0.0155142664	-0.0511012545	-0.0416302396	0.0681362854	-0.0380440261	0.0748925829	-0.0516423711	0.1213580812	0.0364542011	0.1314843651	0.0438238113	0.0155996115	-0.0577843674	0.0210263257	0.1389011687	-0.0446919092	-0.137980238	0.0369243822	0.044518029	0.0210486181	0.0614537174	-0.0193653927	0.0364388348	-0.0903044119	0.0630579638	0.047709993	0.0785967428	-0.0395910063	0.0066651192	0.0631028977	0.0537876717	-0.0334660908	0.0277815215	0.0160426121	-0.0504838415	0.0105669943	-0.0622630814	-0.1054683324	0.0473068974	0.0160177035	-0.0266808475	-0.0062043309	-0.0556884829	-0.0496714197	-0.0982856399	-0.102332446	-0.0318726439	0.1293569198	-0.022629079	-0.0523492306	-0.0267694943	0.0576578493	0.103064588	0.0153908053	-0.0159696715	0.0507273301	-0.0176422968	-0.0746708158	0.0364961355	0.019101429	-0.076371376	0.025962262	0.1561116875	-0.0308714701	0.0318191148	-0.0730238381	-0.0964546774	0.1129694417	-0.0630564506	-0.0577773446	-0.0388224296	-0.0048101482	0.0920652113	0.0202237418	0.0820059802	0.0807274208	0.0317631652	0.0302267399	0.0462366629	0.060849699	0.0017834201	-0.0552831693	0.0260434608	0.0301505784	0.0062219027	0.1162797601	-0.0430049715	-0.0386793166	0.0208345917	-0.0490793422	0.0791473408	0.0027715953	0.0298319371	-0.0263895178	-0.0031840564	-0.0807694671	-0.0379321309	-0.0058219904	-0.010871396	0.0404847595	-0.0263373714	0.0780463656	0.0581352298	-0.0992987188	-0.0145506164	0.0051604335	-0.0380418456	0.0064264909	-0.031346941	0.0580837346	0.047409916	0.0551052144	0.1468988273	-0.0297427462	0.0190381364	0.0270432154	-0.0099465267	0.0954217083	-0.0139518263	-0.0791997216	0.1245872425	-0.0195213718	-0.052901406	-0.0337765232	-0.0303853393	0.0293745182	-0.0574572946	0.0197234941	-0.0871324306	0.0158170575	0.0065518763	0.0863091067	-0.0258573063	-0.0599493597	-0.0054873117	-0.0288611001	-0.0612463124	0.0721591615	0.0102334157	-0.0793936715	0.0458939156	0.0469489822	-0.0790844839	0.0980064173615886	0.0124806555195391	0.0096052578440538	0.0001557667621974	0.1389069112359777	-0.0214766978988905	0.0004612485526402	0.0192951299891197	-0.3772210093913628	0.0505380234405449	0.1422956899262386	0.002554091813277	-0.0022631741304159	3.4954920373299943e-05	1.2218464583037392e-09	5.121957144583766e-06	-0.0009539714146669	6.391098741000308e-07	9.100614600015664e-07	4.0846143117215725e-13	0.0017399238512243	-9.498313613179992e-05	9.021796149432038e-09	3.0273350080592e-06	0.0	0.0	0.0
1793.766511551454	0.9856104077848612	0.9714278759338406	3217598.2979634725	2473.9293093626525	-4.80889331335311	23.12545489921225	6120326.227723571	1932.0120987779512	0.4015040360104649	0.1612054909326927	3732670.749824384	2066.848467620792	1483.476746952926	1.020641	26.687954	0.0675979741807995	0.0387938770451779	0.0163018909	-0.0374393817	0.0012750707	0.0769940428	0.0019482702	-0.1031963303	0.0146998106	0.0658648215	0.0686771625	-0.0628703497	0.0267398225	-0.0766349664	0.0791581384	0.0597242051	0.0112020393	-0.0622458644	0.0330753216	0.0448623662	-0.0768329136	-0.0706481991	0.0463958193	-0.0164264648	0.0024189153	0.0504811427	-0.0841494373	-0.0072954483	0.0637067179	0.0251957398	-0.0111034649	0.0580111127	0.0791164793	-0.0349272794	0.0601764482	-0.024743712	-0.0687153299	0.0058379911	-0.0623564753	0.0753452953	-0.0246623168	0.0322445619	-0.0534438624	0.0435974123	0.0039583185	-0.0187524883	0.1004626834	-0.1256588419	0.1009930308	-0.003374238	-0.0399050256	-0.0624933381	-0.0274757121	-0.0514112285	-0.0548912748	-0.0123385158	-0.0412517784	0.0271645835	0.0088410302	-0.0701615893	-0.0713433432	0.0797077828	-0.0656916756	-0.0570077348	-0.0099656073	0.0046573008	-0.0170337014	-0.0630391527	0.0180198115	0.0172918908	-0.09626867	0.0117154586	-0.0031971408	0.0058592625	0.0357629993	-0.0828525949	-0.0143995559	0.0991942982	0.0407213985	0.0745016616	0.0316020171	0.133703908	-0.0335499406	-0.0294606037	-0.0841738902	0.0282123051	0.0152026393	0.0023458025	0.092262697	0.0342264869	0.0321653995	0.1062937272	0.0200394775	0.0269247636	0.0263669117	0.030787259	0.0446356278	0.0326700952	-0.0245054332	-0.0772417948	-0.066270593	-0.0065872472	-0.1019675832	-0.0740087902	-0.0534757874	0.0002758708	-0.0009150913	0.0605862236	0.021504437	-0.0066955621	-0.0010736927	0.0124852548	-0.04262198	-0.010810838	-0.0197000159	-0.0054695362	0.0189081564	0.1115742924	-0.0731770273	-0.0813672887	0.0225788084	-0.0461161773	0.0435075225	-0.0034955612	-0.0205862037	0.1471524859	0.0353027767	0.0158298869	-0.0035855115	0.0402247671	-0.0915813674	0.0698344389	0.0714806241	-0.0192093126	-0.0548170825	-0.0077433446	0.0725207751	-0.020359279	0.0077098564	0.056409581	-0.0296593388	-0.0601020755	0.0733236445	0.0068322673	-0.0782873035	0.0500436514	0.0419304676	-0.0805062393	0.0946285435560838	-0.0033778738055048	0.0089545612555456	1.1410031445915515e-05	0.1254936218312536	-0.0134132894047241	0.0001799163326548	0.0157486491203256	-0.3820430094461784	-0.0048220000548155	0.1459568610666927	2.325168452864155e-05	-0.0029492880173674	-0.0006861138869515	4.707522658676958e-07	8.698299809386929e-06	-0.0009547256550981	-7.542404312000685e-07	9.115010765024962e-07	5.688786280568652e-13	0.0015070957602919	-0.0002328280909324	5.4208919927225973e-08	2.27133763068982e-06	0.0	0.0	0.0
1792.7433323957866	-1.0231791556673215	1.046895584592093	3213928.65584955	2473.0364625426546	-0.8928468199978852	0.797175443980336	6115909.345065487	1935.2081715741488	3.196072796197541	10.214881318593967	3745030.66732736	2067.4293609677493	1513.0393162540338	0.966231	25.265238	0.0787401186886945	0.0332035976267731	0.0124296085	-0.0406442571	-0.0134067117	0.0196219762	-0.0674896013	-0.0674663949	0.0273929183	0.0092934982	0.0448136222	-0.0400593098	0.1449749349	-0.0867169837	0.0321112577	0.02709704	0.0033025972	-0.0494096474	0.0517344108	-0.0046760408	-0.0614751798	-0.1064100771	0.0501537313	-0.013200675	0.0966445578	-0.0436860737	-0.0406678752	0.0355326875	-0.0341673712	0.0735332128	-0.0024665457	0.0425150498	0.0060972436	0.0118964518	0.0140461228	0.0621237768	0.0590218275	0.0883874531	0.0187392216	0.0183289787	0.0025926983	0.0152859479	0.0305130294	0.0763957114	0.0323986983	-0.0319026208	-0.0628331286	-0.0714250596	0.0605299253	-5.03027e-05	0.041667413	-0.0954398983	0.0453757766	0.1069151782	0.016839207	0.0045265567	-0.0580647122	-0.0860259107	-0.0948271266	-0.014098515	0.0512214911	-0.0342312169	0.0700231645	0.0474820118	0.02634228	-0.0798286289	0.0901238085	-0.0349488698	0.1105310875	0.0078920669	-0.0916466054	-0.0130380517	-0.0268927193	-0.0348753507	-0.0870256756	-0.0693882335	-0.0080584422	0.0177325094	-0.0505974139	0.0907679405	-0.0384278568	0.0324704053	0.0033000767	0.0723344727	-0.0883887746	-0.0134174923	-0.0109015507	0.0163721409	0.0663085608	0.0644872182	0.070476659	-0.0275991309	0.0044731473	-0.019913879	0.0773509779	0.0310583553	-0.0415004276	-0.0651022015	-0.0292514231	0.0556784883	-0.0675061572	0.015921597	-0.0070321635	0.068727788	-0.0024856041	-0.0056343724	0.0785548168	0.0498951142	0.0396975783	0.0581409642	-0.0341551225	0.065437101	-0.0215687565	-0.0185523631	0.1256784547	-0.0015703938	0.0260881607	0.0962664298	-0.0137021855	-0.0259455332	-0.0208802063	0.0115536427	0.0578171454	0.056996883	-0.1014633661	0.1735468972	-0.0330548902	0.0659468314	-0.1193189106	-0.0100422663	-0.0019477469	0.0142442619	0.0452627143	0.0480609305	-0.0113614853	-0.0123507483	0.107813801	-0.0414614138	-0.0112321466	0.0173145641	-0.0304543249	-0.0589314758	0.0744157659	0.0034191328	-0.0769663555	0.0539958877	0.0366867426	-0.0813633012	0.0840950859130202	-0.0105334576430635	0.0070719834747182	0.0001109537299182	0.135617853410821	0.0101242315795674	0.0001025000650767	0.0183922021637589	-0.4037843673753869	-0.0217413579292085	0.1630418153367414	0.0004726866446059	-0.0026871021758351	0.0002621858415322	6.874141550000027e-08	7.22051810337773e-06	-0.0005589342776874	0.0003957913774107	3.124075267739356e-07	1.5665081443265925e-07	0.0014382515484978	-6.884421179410003e-05	4.739525497550902e-09	2.0685675167563194e-06	0.0	0.0	0.0
1789.5060247064987	-3.2373076892879453	10.480161075122856	3202331.812460856	2463.45405572767	-9.582406814984552	91.82252036786238	6068605.884681107	1931.67101305864	-3.537158515508736	12.511490363835964	3731352.9026909927	2062.4454994566354	1462.4071861387897	0.984891	25.753155	0.1040566000967238	0.0642479739942391	0.0013236709	0.0528532492	-0.0473880357	0.0798594106	-0.0194219039	-0.0195866381	-0.0332881963	-0.0121989943	0.0814502007	-0.0582407113	-0.0109007818	-0.0186859942	-0.0829503066	0.045606766	0.039731133	-0.1091546227	-0.01464028	0.0530768447	0.0049439423	-0.085501345	0.05107697	-0.0362209973	0.0547103854	0.0593158698	-0.0891655092	-0.1554973685	-0.0734454578	0.0826968346	-0.097435287	-0.0200137232	-0.0263136622	-0.043193392	0.0833728474	-0.003966672	-0.053066032	-0.0775928818	0.0002492373	0.0316828487	0.0016318492	-0.0360889488	0.0477360263	0.0153351899	0.0156534466	-0.0173650039	-0.0548395637	-0.0277842663	-0.001212151	-0.0445282467	0.0528807718	-0.0246261681	-0.041699737	-0.034581715	0.0111067776	-0.1445841286	0.0401267132	-0.0214832891	-0.0355765567	-0.0374472888	-0.070472363	-0.0321463847	0.0455160938	0.0563262902	-0.018163816	-0.0242874883	-0.0069172676	-0.0071564389	0.1018874678	-0.0066130478	-0.0412515159	0.0100036599	0.0655869517	-0.0494118607	0.0295292738	-0.114721154	-0.0186029649	0.0164652896	-0.0519721675	-0.0091159968	-0.0202933237	0.08644341	0.0632901252	0.0637461472	-0.0606359841	-0.0528569744	-0.0799748552	0.0060784603	0.1075831205	0.0275924374	0.0879084907	0.0967314251	-0.1153201494	-0.0027256116	-0.0059880563	-0.1052182179	-0.0488559137	-0.0420788335	-0.0664119884	-0.0403701082	0.0233179297	0.007649223	0.0651613322	0.0139820289	0.0367557829	0.0223726452	0.0025308005	0.0711097178	0.066652653	0.0158087761	-0.0294179251	-0.0604742451	-0.0899793862	0.0593720401	-0.0555786712	-0.0546866264	0.0201096282	0.0915203143	-0.073700653	0.0159221418	0.010882056	0.0370827913	0.0537849685	0.0587179244	-0.0453852178	0.1532145111	-0.018484013	-0.043938088	-0.0899572097	0.0032748684	-0.076231988	0.0634336124	0.0314892869	-0.0125663915	-0.0350408127	-0.0766772759	0.0482413869	-0.0264995749	-0.0023348765	0.0379226113	-0.0312459714	-0.0577350269	0.0754344479	0.0	-0.0754344479	0.0577350269	0.0312459714	-0.0816496581	0.0882318324202344	0.0041367465072141	0.0077848562522323	1.7112671664948867e-05	0.1619833063409714	0.0263654529301504	0.0006951371082119	0.0262385915331529	-0.3552164835716027	0.0485678838037842	0.1261787502009747	0.0023588393371778	-0.0026038922900476	8.32098857875001e-05	6.9238850927688105e-09	6.780255058169335e-06	-0.0001518599371239	0.0004070743405634	2.306144050327486e-08	1.6570951874520833e-07	0.0014288054377373	-9.446110760499924e-06	8.922900849963245e-11	2.0414849789076773e-06	0.0	0.0	0.0
1795.0169440329807	5.510919326482053	30.370231822993407	3222085.829365501	2472.1805925040408	8.726536776370722	76.15244410935071	6111676.88195363	1933.7598151259533	2.088802067313281	4.363094076412239	3739427.022595961	2062.823204259344	1476.876806946823	0.996858	26.06608	0.0578734070465495	0.0287579768665343	-0.0197279015	-0.0504132941	-0.034035511	0.0728479427	0.0634983549	-0.0768211529	-0.0599420329	0.0347626258	-0.051630505	-0.0383360861	0.0605765789	-0.1161561187	0.0019490499	0.0372028032	0.0236815491	-0.0159379328	0.0276444914	-0.0324287753	-0.0701215978	-0.0659771646	0.0706315256	-0.0191664189	0.0216314492	0.0445773113	0.0403941708	-0.047261034	0.0579326213	-0.0480043464	-0.0016508898	0.0397252504	-0.0159721788	0.0439248718	0.0365580966	0.0777591449	-0.0302486815	-0.0701560104	-0.0613389724	-0.0092052478	-0.038598364	-0.0439203904	0.0327515023	-0.0062162513	-0.0107531479	0.0166939745	-0.0511030749	0.0192531908	-0.0552281233	-0.0284104898	-0.0186812212	-0.0566449313	0.008851822	0.0353199972	0.0317369333	0.1554133765	-0.0060134036	-0.0888369124	0.036498856	-0.1578181132	0.1036190714	0.0036759195	-0.0008649378	-0.0519660155	0.0024084325	-0.0308810671	0.0475300651	-0.0240136641	0.0694335774	0.0082488574	-0.0368990878	0.0670731662	-0.027716346	0.0539363269	-0.0880378333	-0.0646603091	-0.0349082221	0.0690268951	0.003533822	0.0246113895	0.0568860433	0.0509774912	0.0077452019	0.0216863252	-0.1069586029	-0.0112794633	-0.0059611273	0.0401132771	0.074680719	0.0075728198	0.0231303838	-0.0419777185	-0.0527804293	-0.0401315342	0.0094117038	0.0605315862	-0.0426605035	-0.0619924524	0.0050074052	-0.0398464989	-0.0038369033	-0.0178854946	-0.1194664249	-0.0514791217	-0.0375118614	-0.0578943617	-0.0355632368	-0.0069224279	0.0709400597	0.0186923109	0.1181208706	0.0241457239	0.0663823922	0.010260519	0.0689428515	-0.0239895998	-0.0114861633	0.0714819497	-0.0361120691	-0.1025215753	-0.0030567777	-0.032656516	0.0280951778	0.0205274904	-0.0731830923	0.1584633786	-0.0838694587	0.0237318361	-0.0414932942	-0.0217849884	0.0496617933	0.0623329564	0.0034994882	0.0112932764	-0.0545277589	-0.0373499799	0.0005592774	-0.0074035023	0.0306434185	0.0353314582	-0.0320341914	-0.0565132535	0.0763786853	-0.0034191328	-0.0736957799	0.0612463124	0.0256373767	-0.0813633012	0.0781173241400949	-0.0101145082801395	0.0061023163308086	0.000102303277749	0.1664713459466469	0.0044880396056754	2.014249950211173e-05	0.0277127090212881	-0.3523076003526881	0.0029088832189145	0.1241206452662694	8.46160158128286e-06	-0.002312061349577	0.0002918309404706	8.516529781595496e-08	5.345627684207819e-06	-0.0005857479698505	-0.0004338880327265	3.431006841839823e-07	1.8825882494335908e-07	0.0015103259833765	8.152054563920013e-05	6.645599361312911e-09	2.281084576062192e-06	0.0	0.0	0.0
1799.8864658921166	4.86952185913583	23.712243136601668	3239591.2901016134	2472.6316252375927	0.4510327335519832	0.2034305267353743	6113907.154125099	1936.681422676627	2.921607550673798	8.535790680154149	3750734.932940765	2063.4780700566894	1460.245489057757	1.096666	28.675886	0.106336744266268	0.0547238393528792	-0.0488576002	0.0884069074	-0.0531490881	-0.0248254395	0.0138292152	-0.1142580201	-0.1097133658	0.0317436489	-0.0044652929	-0.0165621729	-0.0620082977	0.0074704067	0.1375915706	-0.0153997897	0.0862336884	-0.1258608429	-0.030502686	-0.0290480077	-0.0048007175	0.0594026657	0.029824025	-0.0709046304	0.0128497676	0.0009545511	-0.0072904284	-0.1113870346	0.010645652	0.0372768684	-0.0310983489	0.0290537159	0.0279453776	0.0187454365	-0.000300165	-0.0121776097	-0.0417341788	0.0278563661	-0.0631657425	0.1347550229	0.0315264911	0.0976918857	0.0213932006	0.0882560879	-0.0397695965	0.0388743184	0.0102148465	0.0389840805	0.095695666	0.0100097125	-0.0338178801	-0.0851901044	0.0012462287	-0.0481725791	0.0030710727	-0.0618235612	0.1490516123	-0.0548019071	0.0030310469	0.0127837093	-0.0124480327	-0.08004573	0.0116594165	-0.0036476543	0.0031760104	0.0168663233	0.0157692054	-0.0307834342	-0.0320161127	0.0264384517	0.0262694494	0.1071516641	0.0257215446	0.0084824603	0.0733885876	0.014458215	-0.0838779824	0.0983737242	0.0289006162	0.039925184	-0.0212596212	0.1001765563	-0.0197340787	0.0292234111	0.0064551786	-0.102137437	0.0042511834	-0.0307847184	0.0665752625	0.0312558318	0.0855595433	-0.0052962071	-0.0176597456	0.0054112097	-0.0043182373	-0.0768492105	-0.0567045386	-0.1392537122	0.097994457	-0.1053921272	0.0048482598	-0.0558090663	0.003090354	0.0844178847	0.0586001119	0.0588553796	-0.033413678	0.0194189132	-0.0147344836	-0.0548826839	0.0184279536	0.0833083236	-0.0762440437	0.0824690927	-0.0871438239	0.0520999035	-0.0012827912	0.0882811138	0.014460719	0.0478890197	-0.0234884192	-0.0150116524	0.0331351205	0.0564294567	0.0452929158	0.118871871	0.0187300156	0.0255683352	0.0154374993	0.0432391099	-0.0398536888	0.0948345999	0.0473024439	0.0174451249	-0.0702055261	-0.0407586408	0.0083652414	0.0535006867	0.0321390261	-0.1226491195	-0.0328188985	-0.0552666915	0.0772475461	-0.0068322673	-0.0717551168	0.0645158866	0.0198910824	-0.0805062393	0.0780926289989025	-2.469514119239624e-05	0.0060984587039602	6.098499985123857e-10	0.151713946440978	-0.0147573995056689	0.0002177808401699	0.0230171215446959	-0.3703499184391958	-0.0180423180865076	0.1371590620879189	0.0003255252419347	-0.003153993200541	-0.000841931850964	7.08849241667667e-07	9.94767310905886e-06	-1.878502255991954e-05	0.0005669629472905	3.5287707257668607e-10	3.214469836004215e-07	0.0014489741509731	-6.135183240340019e-05	3.764047339254905e-09	2.099526090188216e-06	0.0	0.0	0.0
1806.840002998272	6.953537106155409	48.35167828668013	3264670.7964347955	2480.850830078125	8.219204840532257	67.55532821062887	6154620.841099322	1933.6263343630808	-3.055088313546321	9.333564603567304	3738910.8009424047	2059.964052918764	1496.7475954769009	1.09413	28.609558	0.0779296821734706	0.0534202116703181	-0.063302854	-0.0178231931	-0.0713229027	-0.0210395661	0.1323280493	0.0482931042	-0.1289089893	-0.0327868835	-0.0529457916	0.0160760483	-0.0244031029	0.0820282058	0.0515750452	-0.1265862631	0.0265754428	-0.0629022944	-0.085100324	-0.0082459869	0.0002637556	-0.0239349244	-0.0519169561	0.0085996068	-0.0351508947	-0.0448320071	0.0691164724	-0.0416173523	0.0749817304	-0.1037788977	-0.0406653651	0.0142722652	0.052497136	0.0503269698	-0.0158295607	0.0343094393	-0.1017522523	0.0101312547	0.0132239395	0.0634813856	0.0584661801	0.0201925511	0.1141138365	-0.0330738444	-0.0199530451	-0.0256667246	0.01503852	-0.0714936642	-0.0212081271	0.1511432905	-0.025847126	-0.0550048321	-0.0769231011	0.0506047315	0.0564927652	-0.0179470071	-0.0032349394	0.0661843401	0.0028117592	0.0946307736	-0.0038644194	0.0144016393	-0.0116096778	0.0245244972	-0.0060591283	-0.0021685903	-0.0034993075	0.0030168069	-0.0055712925	0.1033091645	0.1041580404	0.0880498661	0.0362996604	0.0015145212	-0.0347273346	-0.0014814434	-0.0112404386	-0.0315438095	0.0957724538	0.0120513659	0.086957466	0.0535187028	-0.0676829772	-0.0496969665	0.0136385934	-0.0133136622	-0.0598433058	-0.0724325602	-0.014333658	-0.0464225983	0.0301098153	0.0130627349	-0.0529026037	0.0666462355	-0.023158595	-0.0562633491	-0.0867980289	0.0249962831	0.0455800876	0.0019573831	0.0282795486	0.0140215477	-0.0241294363	-0.0127599045	-0.0434748689	-0.1066293859	-0.0667426214	0.0310896046	0.0075206021	0.0759774015	-0.0281060564	0.0793253404	-0.0382183348	-0.0397577223	-0.0318018975	0.0582478974	-0.0225710182	0.063381374	-0.0914946073	0.0331484258	0.0677593869	0.0229156678	0.0433362343	-0.0732476549	0.0424341734	0.0160938405	-0.0132460067	0.1014073965	-0.0273995766	-0.0496915334	0.0347345169	-0.0079280895	0.0490062073	0.009788433	-0.0908991744	-0.0387622516	0.0356783408	0.0065725809	-0.0092830531	-0.0720960624	-0.0336000067	-0.0539958877	0.0780401729	-0.0102334157	-0.0696177779	0.0675308461	0.0140379523	-0.0790844839	0.0631261967531031	-0.0149664322457993	0.0039849167165114	0.0002239940941681	0.1557107573055134	0.0039968108645354	1.5974497086868253e-05	0.0242458399406564	-0.3209385677966523	0.0494113506425434	0.1030015642993664	0.0024414815723203	-0.0031780667784573	-2.4073577916300208e-05	5.795371536921771e-10	1.0100108448333962e-05	7.908763541952801e-05	9.787265797944757e-05	6.2548540762521825e-09	9.579057179961918e-09	0.0015181296834892	6.915553251610001e-05	4.782487677585365e-09	2.3047177358910183e-06	0.0	0.0	0.0
1806.6641033121405	-0.1758996861315154	0.0309406995811656	3264035.1821966604	2475.927438787117	-4.923391291008102	24.239781804374424	6130216.682138933	1934.925499863512	1.2991655004311724	1.6878309975105783	3743936.6900220616	2060.076868819461	1486.751658649886	1.074977	28.108757	0.1327091021300739	0.0645303761075399	0.0078209798	0.0460786769	0.0120024977	0.0323349172	0.0617624804	-0.0148214586	-0.02713423	0.1177931475	-0.0744889913	0.0319620812	-0.1362921334	-0.0062191951	0.145377243	-0.0089507097	-0.0765227411	0.0581910375	-0.02012817	-0.0188629492	-0.0523803044	0.0915053299	0.0063517612	0.0157258359	-0.0197832883	-0.0294975158	-0.0212406855	-0.0095596338	0.1502569316	-0.0391664965	0.1233660437	-0.1120341226	-0.0689778405	-0.0098235633	-0.0012862161	-0.0692463215	-0.0235832048	0.0284279051	-0.006447761	-0.0102530243	-0.0412090706	0.0344008869	0.0232063898	0.0568719174	-0.0193999416	0.0427262181	-0.0034360415	-0.1154267971	0.045417105	0.0066179594	0.0565188211	-0.0381740285	-0.0896283199	0.0387036608	-0.0257247874	0.0256343937	-0.008870074	-0.0174484018	-0.087221338	-0.1219764122	0.0227198139	-0.0023782996	0.0097280769	0.0673308987	-0.0321448795	0.0172812673	-0.021966728	0.0609210513	0.0748398262	-0.0655102172	0.0476266347	0.0580243427	-0.0364345858	0.0981274533	0.1081222775	0.0327196841	-0.0349324176	-0.0134855652	0.0976808646	0.0783139202	0.0977547806	-0.1000773405	0.0323897912	-0.0128882861	0.0480730159	0.0227985077	0.0437150721	-0.0078117992	0.027342125	-0.1140650765	-0.0267674214	-0.1023409054	0.0824681327	-0.0866088661	0.0240553168	0.0320482776	-0.0278983407	-0.0242974266	-0.0366876469	-0.0904411556	0.0103524133	0.0634284587	0.0506068003	0.1461388669	-0.1003502683	0.0181647867	-0.0077081539	0.0535330569	-0.0265701784	0.0567094971	-0.0481073582	0.084070435	-0.1664780492	-0.119431969	0.0058980739	0.0161013406	-0.0167326606	0.0100634395	0.0037122659	-0.0646929032	-0.0160575193	-0.053553741	-0.0219366226	-0.0086339967	0.1456481818	0.0126101243	0.0125370505	0.0260840066	-0.0238801271	0.0787542751	0.0052151493	-0.021655948	0.0329191921	0.004844213	-0.0225069791	-0.0394426647	0.0309396353	0.101597715	-0.0048519721	-0.0221423643	-0.0343774302	-0.0527013995	0.0787557834	-0.0136166111	-0.0672896215	0.0702792922	0.0081094236	-0.0771080077	0.0520717076378929	-0.0110544891152102	0.0027114627363261	0.0001222017295983	0.1396117384475701	-0.0160990188579432	0.0002591784081884	0.0194914375123527	-0.3727711237711091	-0.0518325559744567	0.1389583107175755	0.0026866138588451	-0.0024721773281883	0.0007058894502689	4.982799160010709e-07	6.111660742008243e-06	0.0002608544013116	0.000181766765892	6.804501868363326e-08	3.30391571828633e-08	0.001331325136001	-0.0001868045474882	3.4895938962271175e-08	1.772426617748081e-06	0.0	0.0	0.0
1811.3803411554527	4.7162378433122285	22.24289939469038	3281098.740324444	2479.931049683085	4.003610895967995	16.02890020631365	6150058.011182248	1936.984375961184	2.058876097672055	4.23897078556531	3751908.472717737	2063.3675359722306	1522.849279052883	1.069018	27.952946	0.095095248005043	0.0503166337032168	-0.0602777328	-0.0089491134	-0.0535463581	-0.1084748524	0.0500614259	0.0231337898	-0.0720373845	-0.0716406905	-0.0110805719	0.0593155537	0.0054255584	0.0380193238	0.0006293624	-0.0211194342	-0.0555721115	-0.0019497085	-0.0547381207	-0.0327175094	0.0440831778	-0.031257422	0.0323348977	-0.0074952512	0.0414338627	-0.0261641717	0.0611109731	0.0504101139	0.0272820459	-0.0111450378	0.04464009	-0.0264756156	0.0334014479	0.0336084288	-0.011522656	0.0712405602	0.0326709166	-0.0222916489	-0.0518817754	-0.0335227949	0.0780748793	-0.0033651078	-0.092159299	-0.0094806188	0.0201985609	0.0549750475	-0.0682957309	-0.0374263699	8.48063e-05	0.0598306402	0.0910593596	0.0016514986	-0.007246879	-0.0317225479	-0.009742502	0.0239374869	-0.0848571438	0.059474182	-0.0275358267	0.0526303584	-0.0092749658	0.054956861	0.0163711348	-0.1407006279	-0.0506631056	-0.0097195417	0.0318311414	-0.0327469351	0.016239049	0.0569886172	0.0738272087	0.0451279632	-0.019478876	-0.0745540318	-0.0553489514	0.0265613027	-0.0360343951	-0.0623165461	0.0254653624	0.0133207538	-0.0150956878	0.0021786976	-0.0165741575	-0.0367799123	-0.0437420866	0.0097821451	0.0310308421	-0.1324172303	-0.0363198166	-0.0335221159	0.0185595477	-0.0126230675	0.0591517249	0.0894722129	0.0027678239	0.0653510237	0.0363907865	-0.0545308664	-0.0051221014	0.0878342408	0.0310510007	-0.032920018	0.0335422983	-0.0338084788	0.0014118505	-0.0093105828	0.0032397745	-0.0744878519	-0.0612868758	0.0750178037	0.0073445909	-0.0248235698	-0.0071813112	-0.0588520447	-0.0142733799	0.0262198182	-0.0468640989	0.0368613326	0.0626138968	0.0247480668	0.0401921197	0.0023258516	0.0305544503	0.0463942831	0.0765763251	-0.0408399264	-0.0237631463	0.1249144899	0.0166996023	-0.0453726548	-0.008788324	-0.038282292	0.0241526397	0.0018253144	-0.0400293744	-0.0132289431	-0.0065173516	0.0409782778	0.0049390263	-0.0215373141	-0.0351510839	-0.0513837948	0.0793936715	-0.0169759185	-0.064777029	0.0727503781	0.0021373389	-0.0745906743	0.0374303263046158	-0.0146413813332771	0.00140102932727	0.0002143700473464	0.1399397378076088	0.0003279993600386	1.075835801857894e-07	0.0195831302176622	-0.3353451178606406	0.0374260059104685	0.1124563480729669	0.0014007059184104	-0.0025340813437673	-6.190401557899967e-05	3.832107144805035e-09	6.421568256829485e-06	7.904053990892557e-05	-0.0001818138614026	6.247406949094455e-09	3.30562801981509e-08	0.0019416044870445	0.0006102793510435	3.724408863100756e-07	3.769827984111336e-06	0.0	0.0	0.0
1810.6127809439868	-0.7675602114659341	0.5891486782256296	3278318.6425177176	2463.082561624461	-16.848488058623843	283.87154986159027	6066775.705378517	1937.9463525006151	0.9619765394311344	0.9253988624159007	3755636.0651704394	2054.734362921341	1502.6677243305908	0.942318	24.639948	0.0626515089743753	0.0395588706792861	-0.0703068032	0.0810089407	0.0096608809	-0.0914222394	0.0608113226	0.0343700123	0.0257177147	-0.0558629513	-0.074550863	0.00193661	-0.1099472602	-0.0081295041	0.0241005082	0.0923343979	-0.0745396429	-0.0116176222	-0.0742644507	-0.0453427182	0.0571036837	0.0622111357	0.0388549256	0.0471423219	-0.0047650775	0.0285773469	-0.0778496135	0.0397466197	0.0263768007	0.1266958736	-0.0191477272	0.0714564071	0.0378246564	-0.0645823834	-0.0026929768	0.0009414457	0.0405231717	0.0229121196	-0.0398024769	-0.0259039783	0.0237526545	-0.0321869685	0.0546845935	-0.0879230912	0.187836929	-0.0139374862	-0.0276207323	-0.0010981955	0.0087111211	0.0794608397	0.070600115	0.1370883067	-0.0572539215	-0.0133200557	-0.0350542932	0.0399161053	0.0117808533	-0.0263946762	-0.0460061822	-0.0159158919	0.0365993133	-0.0160915185	0.0133779374	0.0069299222	-0.0289010547	-0.0703993264	-0.0657002599	-0.0768578628	-0.0392430696	0.0662106339	0.1207616193	-0.0328805779	0.0015209759	0.0087459585	0.0471729432	0.0582939128	0.0155397089	0.090434795	0.0345876879	-0.0298987553	-0.0993107024	-0.03695699	0.0292522773	-0.0041433539	-0.0444244642	0.0267705615	0.0208834846	-0.1080103462	0.0534498564	0.0287272387	0.0018379575	-0.0150003852	0.0290129045	-0.0194453918	0.0829107248	-0.0014601555	-0.0521420142	0.0183394111	-0.0328600892	0.0933400607	0.0106078656	0.0263219568	0.0667853626	-0.0227577216	0.0118932189	0.0567557442	-0.1227788534	0.0130922419	-0.0788612083	0.076963502	-0.0210137659	-0.1028249829	-0.062641799	0.1289239579	-0.0672167527	-0.0008771301	-0.0539969262	0.0427386769	-0.0409411058	0.0983161224	-0.0042432701	-0.0355729799	0.0039936369	-0.00279318	0.0691609299	-0.049489474	-0.0155108721	0.0605270288	0.0366699632	0.0690611656	-0.0218767978	-0.0024141476	0.0048039889	-0.0147527758	-0.0185544725	-0.022706927	-0.0132334376	0.1016606013	0.0611924746	0.0066528129	-0.0359208828	-0.0500436514	0.0799532077	-0.0203054443	-0.0620868871	0.0749343514	-0.0038462256	-0.0715501408	0.0370118286731155	-0.0004184976315003	0.001369875461728	1.7514026757136113e-07	0.1472676555938932	0.0073279177862844	5.369837908254349e-05	0.0216877623841215	-0.3004296212973187	0.0349154965633218	0.0902579573528503	0.0012190919002633	-0.0027871583382621	-0.0002530769944947	6.404796514252102e-08	7.76825160254395e-06	0.0001628826045667	8.384206465777443e-05	2.6530742870431963e-08	7.0294918060784284e-09	0.0018787316063317	-6.287288071280006e-05	3.952999129125985e-09	3.5296324486296894e-06	0.0	0.0	0.0
1808.6556705996225	-1.9571103443643096	3.830280900017786	3271235.33479217	2472.431881257857	9.349319633396137	87.40977760740644	6112919.407460267	1932.461132139672	-5.485220360943231	30.087642408106188	3734406.027230543	2057.998440569263	1515.1668969571372	1.058475	27.677256	0.0754858412967337	0.041120532790342	-0.0326741835	-0.0287884415	-0.0625813253	0.0143244725	0.0459975164	0.0576001032	-0.0340129839	-0.01337338	-0.0458427808	0.0184421134	-0.0402555232	-0.0307475929	0.0401771989	0.0180119377	-0.027178263	0.1006422063	-0.055196858	-0.0602253348	-0.1070817767	0.0608128074	-0.0744894594	-0.0156505725	-0.0157046122	-0.0920045989	0.087104205	-0.0345145265	0.0653841272	-0.1087375057	-0.019722162	-0.0983959578	0.1656238137	-0.0049955529	0.0021630832	-0.0065972864	0.0635596791	0.1081596775	0.0205579303	-0.0039743483	0.0576770293	-0.0517059944	-0.0274258349	0.001711159	-0.048423709	0.0839938691	0.0536586441	0.0030059349	0.0249958386	0.0606395863	-0.0210787957	0.0460207435	0.0038148921	0.0251372791	-0.0305552315	-0.0303662486	0.0263446201	0.0237616173	-0.0817132433	-0.0736750713	-0.0446979232	-0.0247159216	-0.0656896742	0.0207950844	0.0170546059	-0.0170639813	0.019360053	0.0639761471	0.0344496842	-0.0765395574	0.0887152379	0.0490667381	-0.0452716102	0.0588634206	-0.0302369822	-0.0381857019	0.0688473179	-0.1319425923	0.0474103771	0.0106754662	0.0225119582	-0.0555007072	-0.0535724686	-0.0855222383	0.0619756994	0.0362485481	0.0735644204	-0.1330031471	0.0408410589	0.0331221356	-0.0708770833	-0.04645218	0.0376084924	0.0570722756	0.0141974785	-0.0025057318	-0.0111691168	-0.1182174118	0.0279003703	0.0201898752	0.079737652	0.0263517986	0.0056283199	0.0234666658	0.0407070983	-0.047980658	-0.0116363886	-0.0212351096	-0.0007127711	-0.0696436957	-0.0600363627	0.0810438303	-0.0371030467	-0.0099983875	-0.0429625956	-0.0073978656	-0.0677272101	-0.0027623699	-0.0527460733	-0.067510059	0.0258055327	-0.0122607587	-0.0697576851	0.0168337328	0.1271646829	-0.0507089192	-0.0437587541	0.0840396799	0.0004215597	-0.032107086	0.0728393362	-0.0717627983	0.0153001924	-0.0311446676	-0.0096613645	0.0023291521	0.0025875664	0.0564246813	-0.0409442858	-0.0111382261	-0.0366867426	-0.0486815572	0.0804338397	-0.0235993474	-0.0592265694	0.0768225931	-0.0098091318	-0.0680077345	0.0292566460791618	-0.0077551825939536	0.0008559513398013	6.014285706556241e-05	0.1772484311540694	0.0299807755601762	0.0008988469031896	0.0314170063465788	-0.3076288266164226	-0.0071992053191038	0.094635494965397	5.182855722661384e-05	-0.002489186951943	0.000297971386319	8.878694706492618e-08	6.196051681723283e-06	0.0002239762515423	6.109364697560001e-05	5.016536125493965e-08	3.7324337007792406e-09	0.0016267830831564	-0.0002519485231752	6.34780583302146e-08	2.646423199643843e-06	0.0	0.0	0.0
1812.064665088512	3.408994488889448	11.621243425278628	3283578.3504623407	2475.487097495361	3.055216237503828	9.334346257907049	6128036.369866007	1941.2691633569912	8.80803121731924	77.58141392527024	3768525.9646007526	2062.4644345927195	1522.4925655871448	1.080606	28.255945	0.0781300477381658	0.0414255385073466	-0.0682094321	0.0426289548	0.0700071497	-0.085621415	0.0027352535	0.0141165269	0.0581943386	-0.023651775	-0.0771936799	0.0608684292	-0.0806850518	0.0053040396	-0.0276047678	-0.0503515406	-0.1012047015	0.0021280655	-0.0322311269	-0.0730116618	0.0921604609	0.0200311947	0.0472478968	0.0607628443	-0.0452410618	0.0037472257	-0.0861331514	-0.0425222058	-0.0518312122	-0.0069223045	-0.0227246959	-0.0340358705	0.0654462504	-0.0614507922	0.0231591481	0.0382031177	0.0574389488	0.1488582053	-0.0019714359	-0.0850685021	0.0854592062	-0.0711476007	0.0955536714	-0.003232027	-0.0320803646	0.0439358834	0.0358727053	0.0658190697	0.0246414293	0.0232087801	-0.0237311994	-0.0194473535	-0.0370051209	0.0228709437	-0.0197658174	-0.0482563288	0.0160526592	0.0939480085	0.0019305333	0.0107229409	0.0428489655	-0.01028529	-0.0391490952	0.0487943809	0.1211818036	0.0334811315	0.0180303896	-0.0486263723	0.0437460618	-0.0385425608	0.0594106642	-0.046130019	-0.083599049	-0.0119407866	0.0624022003	0.0672050299	-0.0578624014	0.0383230451	-0.0212267904	-0.0804883135	-0.0496498242	-0.0652556974	0.0560389712	-0.0394255314	-0.0252182265	0.0199195545	-0.0408905781	-0.0706264743	0.0426247618	-0.0082444492	-0.0436652774	-0.0330900526	-0.0285121347	0.13113649	0.0152713242	-0.0132888718	0.007148451	-0.0548618049	-0.0006075554	0.0907936634	0.0471870573	0.0107046518	-0.0437933504	0.0339025016	0.054646804	0.0433226057	0.0033580837	-0.0350421774	0.1338504786	-0.055555221	-0.0525285488	0.0212254605	-0.0155880424	-0.0172450445	0.0122619303	0.0550635971	-0.060139181	0.0502768065	0.0720835629	0.0369802072	0.0207494341	-0.0671412086	0.0131608398	0.0201847313	0.1103080695	-0.0774297076	-0.0109450554	0.0381177925	0.0131691351	0.0686388432	-0.0138139023	0.003131437	0.0141530709	-0.0362531256	0.0354825326	0.0302591919	-0.0577047198	0.048346725	0.0021088641	0.056853596	-0.0374485793	-0.0472981097	0.0808350932	-0.0268518493	-0.0562039158	0.0784076511	-0.0157193527	-0.0639883028	0.0518883556332099	0.0226317095540481	0.0026924014503184	0.0005121942773387	0.1489011461273577	-0.0283472850267117	0.0008035685683856	0.0221715513180407	-0.3123440479546246	-0.004715221338202	0.0975588042926808	2.2233312268235587e-05	-0.0025779876720932	-8.880072015019988e-05	7.885567899194114e-09	6.646020437464516e-06	-2.07454012470798e-05	-0.0002447216527893	4.303716729023401e-10	5.988868734396579e-08	0.0017419773466009	0.0001151942634444	1.3269718330520827e-08	3.034485076070712e-06	0.0	0.0	0.0
1810.4294018530795	-1.635263235432376	2.674085849156762	3277654.6190940994	2485.128670060315	9.641572564954004	92.95992152527371	6175864.50675575	1939.4459598571293	-1.8232034998618476	3.3240710019084894	3761450.631206142	2067.5014682281085	1553.9604825055849	1.086071	28.39884	0.0526568789261937	0.0229612839146682	-0.0382187389	-0.0626417256	-0.0403368608	-0.0373809489	-0.054587002	0.0849664111	0.031224795	-0.0742588542	0.0362341109	0.0687556158	-0.0051162272	0.0108601837	-0.0071554685	0.0152627343	-0.0951401367	0.0733065148	-0.0307237643	-0.0164893492	0.1052740311	-0.0682961984	-0.0700474044	-0.0096179786	0.0594686894	0.0019822939	0.020157368	0.0299579573	-0.0171009078	-0.0754257312	0.0151696845	0.0046395324	0.0487448576	-0.0329070602	-0.0060971285	0.0397791334	0.0062983481	-0.0190895698	0.0115342031	0.0971084358	-0.0391835393	-0.0463702104	0.0266056187	-0.0074098639	-0.0396943546	-0.034785556	0.0507407796	-0.0644507658	-0.077785867	-0.0733012796	0.1025832313	0.0131211325	0.0655367801	0.0189391355	-0.0039381684	0.0611688015	0.0150742582	-0.0093337814	-0.0553792057	-0.0807322845	-0.0055912977	-0.0331517969	-0.042846715	-0.067010561	-0.1132044699	0.0703136427	-0.110570955	0.021090895	-0.0281224658	-0.0916842181	0.040163835	-0.0461585673	-0.0060296648	-0.1180562825	-0.0362896389	0.0515318641	0.0947121429	-0.1036618787	0.0490733381	-0.0384609377	-0.0120575192	-0.0597704004	0.0205232676	-0.0373411729	0.0102279105	0.0341231919	0.0383626342	-0.0866882823	-0.0676918351	0.0495634555	0.0276708667	0.0157154777	-0.0017813567	-0.0598881109	0.0774635794	0.0460645303	-0.0287574694	-0.0288729619	-0.0097096791	-0.0059120585	-0.017792341	-0.0645216324	-0.055856961	-0.04319094	-0.0560674435	-0.0155794299	-0.0065960311	0.0201126655	-0.0560032762	0.0085180725	-0.0664331109	0.0704613159	0.103876958	-0.0162614545	-0.1131860303	0.013393054	-0.0405245344	0.025233046	-0.070362429	0.0468822847	0.0672624549	0.0670238228	-0.0013444639	-0.0072825225	0.1009215933	-0.0551593239	-0.0307505881	0.0801097931	-0.0407112936	-0.058455129	0.0110334809	-0.0188247455	0.0282727802	-0.0220691165	0.0453818026	0.0159672298	-0.0036203137	-0.0025986216	-0.0424023288	-0.0147120352	-0.0382063093	-0.0458939156	0.0811565722	-0.0300572439	-0.0530272111	0.0796832699	-0.0215451443	-0.0595200392	0.0467130376013358	-0.005175318031874	0.0021821078819438	2.6783916731041197e-05	0.1580404433157838	0.009139297188426	8.35267530983732e-05	0.0249767817234494	-0.3158421708018792	-0.0034981228472545	0.0997562768568434	1.2236863454484574e-05	-0.0027473124247635	-0.0001693247526703	2.8670871866858264e-08	7.547725559259902e-06	0.0003178487147506	0.0003385941159976	1.0102780546860829e-07	1.1464597538825025e-07	0.0019309412951057	0.0001889639485047	3.57073738345247e-08	3.7285342851444777e-06	0.0	0.0	0.0
1804.220453488407	-6.208948364672551	38.55103979516995	3255211.444785913	2483.2962688577586	-1.832401202556412	3.3576941671301834	6166760.358922865	1933.638042780358	-5.8079170767712185	33.73190077065074	3738956.080487454	2057.696879749772	1537.5995705496523	1.090396	28.511919	0.0758017070904756	0.0330750342804461	-0.0336144333	-0.0025876909	0.1260665561	0.0326555582	-0.0469042131	0.057058977	0.1114488792	-0.0308025329	-0.0019301576	0.0434798783	-0.0711024507	-0.0056931411	0.0850185038	0.0142917283	0.013522213	0.069779787	-0.0323019935	-0.0040224953	-0.0477644012	0.0082932202	-0.0209823754	0.0864771161	-0.0518814744	0.0112488367	-0.0137506211	0.0014795924	0.0262057437	-0.018500011	0.0054483249	-0.0655551618	-0.0561403831	-0.0687392081	0.0202569685	-0.042838662	-0.0852885211	0.0313243247	0.0815600298	-0.0170664302	-0.004118123	0.0827069948	0.0082878739	0.0193303822	-0.0239447801	0.0548268396	-0.0245880742	-0.0011183991	-0.0808960774	-0.063343369	-0.0602811746	-0.0096773509	-0.1124621972	-0.0509212697	0.0376033821	-0.0460401448	0.0250681007	-0.0116044035	0.0344194284	-0.0851919212	-0.0524757435	-0.0536429499	-0.0295864347	0.1643729596	0.0797825034	-0.004930247	-0.0734777387	0.049399947	-0.0462137464	0.021538538	0.0524273945	-0.1103295753	-0.065539426	0.0145125211	0.0916427567	-0.0119749358	0.0318190715	0.0329827769	0.0553847913	0.0091659803	0.0517506656	-0.0921325332	-0.0121340509	-0.0125557606	0.0695539724	-0.0195834511	-0.0048864527	0.0324744582	0.1354287249	-0.0865846611	-0.0687174308	-0.088138698	0.0954792825	0.0743668963	-0.0453533731	-0.0467436329	0.0333953046	-0.0044615576	0.011938533	-0.0854564287	-0.0223191352	0.0331433973	-0.0163494574	0.0620765484	0.0154737187	-0.0786433256	-0.0624679632	0.1040501254	0.0478862357	0.0414111205	-0.0299063801	0.0112087923	0.0064167646	0.0063567255	0.0639841939	0.0732265028	-0.0607447255	0.0081136304	-0.0458450739	0.0014354169	0.0150612916	-0.0713142797	-0.0442442403	-0.0778359294	0.087814024	-0.0326172556	-0.0351042014	-0.0041711584	-0.0240353402	0.0801289783	0.0309732768	-0.028788839	0.0740333426	-0.0282450643	0.0883988905	0.006932913	0.0157969324	0.0324946721	-0.0529740719	0.0286989513	-0.0389598496	-0.044469591	0.0813979594	-0.0332099078	-0.0497051625	0.0806444153	-0.0272552159	-0.0546342852	0.0389743333839902	-0.0077387042173455	0.0015189986627264	5.988754296356256e-05	0.137359114172952	-0.0206813291428318	0.0004277173751141	0.018867526246378	-0.2954342890521459	0.0204078817497332	0.0872814191477469	0.000416481637511	-0.0025308250216271	0.0002164874031364	4.686679571674224e-08	6.40507529009381e-06	0.0003828839366692	6.50352219186e-05	1.4660010895930393e-07	4.229580090001549e-09	0.0016729880805494	-0.0002579532145562	6.653986089992844e-08	2.798889117660366e-06	0.0	0.0	0.0
1806.7284176190792	2.507964130672235	6.28988408073854	3264267.5750323418	2483.063863352341	-0.2324055054177733	0.0540123189484906	6165606.149486252	1938.659819595457	5.021776815098974	25.2182423806656	3758401.89611389	2069.868521520786	1505.5554261689645	1.120556	29.30056	0.0813514070293947	0.0574917304172322	0.0019272463	0.0276756343	-0.0545003288	0.0671296305	-0.0990758973	0.068571087	-0.0310136184	0.0064346067	0.11281159	0.0575271969	-0.0144942483	-0.0465057756	-0.0332878069	0.0562646964	0.0500657995	0.0891943036	0.0047686809	-0.0679350796	0.0212352477	0.0020794563	-0.0381939515	-0.0446111487	-0.0082803125	-0.009041069	-0.0515103994	-0.0407772818	-0.0719175699	0.0485756251	0.0548862505	0.0218447419	-0.0068145739	0.0316384215	0.0172789103	0.0236900317	-0.0144860586	0.0431886366	-0.0701929332	-0.0576894107	0.0306981278	-0.0496848746	-0.01297774	0.1028414574	0.0452985641	-0.0660384852	0.0062375224	0.0007098575	-0.0697032293	-0.0590351645	-0.0205507972	0.0631639346	0.0933980802	0.0363519591	-0.0041638348	-0.0472058958	-0.0219553756	-0.033923708	0.0093586793	-0.0463533082	0.0301593723	-0.0299774931	0.0502988475	0.0291586617	0.0826937403	0.035781329	-0.06622974	0.0226428305	0.0700981299	-0.0153113039	-0.0241223301	0.0561671926	-0.0380420198	-0.0683164997	0.0342856095	-0.0487320561	0.0766305609	-0.0612351033	-0.0298460202	-0.0289247458	-0.0760457453	-0.0470045786	0.0112918591	0.0247013802	0.0387190768	0.0544449222	0.0513056731	0.0694804759	0.0689867061	-0.0101671795	0.0411100777	-0.0206812341	0.0275438437	0.037988164	0.0029160271	0.0253605934	-0.0313667583	0.014618787	-0.0212046027	0.0448338904	-0.0701329821	-0.018914948	0.0447723312	-0.0322363008	-0.0259373321	-0.0090307457	0.0459291024	0.0526976112	-0.0459912231	0.0531715145	0.0753628616	0.0712250086	0.0771571886	0.0913303918	0.0099338102	0.0179027428	-0.0362447852	-0.025886077	0.0001457627	-0.0225332575	0.0127269563	0.0640983778	-0.0571792292	0.0797086058	0.129514704	0.0092910233	-0.0326688391	0.0263965915	-0.091797708	-0.0617436931	-0.0287743739	0.0362415303	0.0135027706	-0.0292410462	0.0077122002	0.0306220985	-0.0146546831	-0.0009524201	-0.0375089182	0.0462157074	-0.0397091175	-0.0430257605	0.0815590168	-0.0363043104	-0.0462468756	0.081287294	-0.0328188985	-0.049365311	0.0222788693822337	-0.0166954640017565	0.0004963480209506	0.0002787385182339	0.1407280479664052	0.0033689337934532	1.1349714904671038e-05	0.0198043834844348	-0.3484451081213109	-0.0530108190691649	0.121413993373672	0.0028101469383837	-0.0025272489283535	3.576093273599708e-06	1.2788443101485077e-11	6.386987145863915e-06	0.0002828083833237	-0.0001000755533454	7.998058167816484e-08	1.0015116377408016e-08	0.0017348602372307	6.187215668130002e-05	3.828163772395339e-09	3.009740042724161e-06	0.0	0.0	0.0
1805.1704882003216	-1.557929418757567	2.4271440738302905	3258640.4914693874	2466.4914492318458	-16.57241412049507	274.6449097811843	6083580.069133811	1931.7096146711208	-6.950204924336276	48.30534849026822	3731502.03541285	2054.6477413724533	1533.5296268091422	1.271412	33.245174	0.1195412324168496	0.0607273765120209	-0.0715197787	-0.0335260185	0.162429513	-0.0045155472	0.0570538419	0.0391129645	0.0848421129	-0.0962112712	-0.0218473709	-0.0428935766	-0.0216654319	-0.0226581361	-0.0231832739	-0.1044997057	0.0504352015	-0.0163422924	-0.0369582621	-0.0913490744	-0.1036694932	0.0175035283	0.0061210029	0.096260088	0.0005262519	0.0524130238	0.0332267739	-0.1375863267	-0.0282297757	-0.1100849101	-0.0187538768	-0.1049201779	0.0466930358	-0.0156474887	-0.1046718396	-0.1059047613	-0.0574205741	0.0174494352	0.0011998415	0.0606626064	-0.125471879	-0.0473303031	-0.008947109	-0.0417962779	-0.0065854365	0.0740866111	-0.0617260353	0.0566479616	-0.0223734937	0.0599557081	0.0988469247	0.0167169669	-0.0176814532	0.1204492795	0.0675422673	0.0330469742	0.1691371636	0.0355425402	0.0218348212	-0.0240587663	-0.0035618859	0.1087765778	-0.0890972445	0.0353520063	0.0324480476	0.0674888915	0.0949409484	-0.0266072778	0.0484989404	0.0682831476	0.0664125698	-0.1145371104	-0.1057623388	0.0615478794	-0.0225776956	-0.030207879	0.0194148182	-0.0576538231	-0.0427207665	0.012976965	-0.0092048773	0.103918424	-0.0672681487	-0.1299944384	0.1274156658	-0.0049677369	-0.0321993535	0.0070154789	0.0258898946	-0.0273465158	-0.0504980511	0.0678627056	0.0247170855	-0.1190064394	-0.0734321849	-0.1117550133	-0.0843485216	-0.0204214779	-0.0236491949	-0.1061991787	0.0796892436	0.0729471186	-0.0018933646	-0.0694748938	-0.0161570241	0.05826965	-0.0055018215	-0.0428328942	-0.030010329	-0.0191877159	-0.0440552211	0.0269111792	-0.035685156	-0.0370122867	0.0216596823	-0.0573688002	-0.0536392022	0.0245213524	0.0714717281	0.0471776951	0.0548556869	-0.111617643	0.0211191831	-0.1055055569	-0.0053249704	-0.0622825527	-0.1206750973	-0.0044469328	-0.0268937617	0.0249316766	-0.0065505961	0.0656629349	0.0437364458	-0.024915298	0.0320810647	-0.0034828355	0.0738103607	-0.0203672444	-0.150293858	0.0959823765	-0.0404540309	-0.0415630576	0.0816395852	-0.0393350228	-0.0426618292	0.0816093689	-0.0382063093	-0.0437500746	0.0285751002735423	0.0062962308913086	0.0008165363556429	3.964252343666868e-05	0.1607138785100232	0.0199858305436179	0.0003994334225182	0.0258289507457344	-0.2947996017790331	0.0536455063422778	0.0869068052090764	0.0028778403507193	-0.0024279467376194	9.930219073410029e-05	9.860925084591633e-09	5.894925360716687e-06	-8.120674104450387e-05	-0.0003640151243682	6.594534791069111e-09	1.325070107687989e-07	0.0014059042595401	-0.0003289559776906	1.0821203525837857e-07	1.976566786992997e-06	0.0	0.0	0.0
1805.414117409568	0.2436292092463645	0.0593551915980088	3259520.135341769	2462.856167497306	-3.6352817345396033	13.215273289477269	6065660.501779519	1935.460727481392	3.751112810271252	14.070847315381087	3746008.227622799	2055.756088315187	1487.145621593629	1.405506	36.751492	0.1404915696023749	0.0857382287378379	-0.0919779175	0.0971467326	-0.082039519	-0.0875996289	-0.0459806756	-0.0483467054	-0.0033882664	-0.1278677554	0.0375558921	-0.0143142945	-0.0965641372	-0.0218471853	-0.010302381	0.0932670667	-0.0262492759	0.0234518692	-0.1041845516	0.0201444873	0.0748953393	0.0131957362	-0.0260581945	0.0749569066	0.0081487439	-0.0485865261	-0.0307898631	-0.0360820126	-0.014657963	-0.0299096323	-0.113894161	0.0527084817	-0.0155705941	-0.0217303509	0.0410774543	0.0402770214	0.0528718128	0.0508401543	-0.0885893573	0.0202561533	0.0107381066	-0.0083096845	0.0108416643	-0.0019784915	0.0181677667	0.0686242806	0.0179297651	0.097436905	-0.0181636577	-0.0778706389	0.0628028582	-0.0104151676	0.0101515986	-0.0054497606	-0.0087699891	-0.0646397811	-0.0790714096	-0.0100176014	0.072567008	0.0529975083	0.0085494103	-0.0072422812	0.0164340027	0.0527270082	-0.0331937977	-0.0069518014	-0.0002320014	-0.0546556897	-0.0347698663	-0.0666497183	0.1131203883	-0.0633853158	0.0357193693	-0.0571408663	0.0540141704	0.0172250816	0.022881931	0.0512473803	0.0537848848	-0.0485973355	-0.069089795	-0.0540309349	0.0067427877	0.0120673371	-0.0245233062	0.0748938644	0.1332842702	0.0305132331	0.074976534	0.0747265679	0.0209517495	0.0131539541	-0.0242434427	0.0021569871	-0.0312165009	-0.0904091432	-0.0132722093	-0.0391961633	0.039549324	0.0619259875	0.0858691089	-0.0532579976	0.03815006	-0.0471150558	0.0834617858	0.0798249462	0.0237683916	-0.0634238371	0.0395957046	-0.062209478	0.0710796055	-0.0345889053	0.0282336888	0.0218709721	-0.0497985147	0.0501167544	-0.0903699625	0.0337470239	-0.0373828808	0.1039079372	0.0288522637	-0.0008871896	-0.0557145071	0.1306682315	0.0655581047	-0.0571279514	0.014857458	8.55383e-05	0.0979096157	0.0674912655	0.0635945084	0.105613128	-0.0489101158	0.0146760093	0.0912448665	-0.0350614918	-0.0544246759	0.0102839218	0.0823451985	0.0159337548	-0.041194508	-0.0400821236	0.0816395852	-0.0422967282	-0.0389598496	0.0816093689	-0.0433885123	-0.0378279629	0.0669711621039397	0.0383960618303974	0.0044851365535521	0.0014742575640837	0.1607743715518808	6.049304185759552e-05	3.6594081131848037e-09	0.0258483985479022	-0.2216834184745906	0.0731161833044424	0.0491435380265804	0.0053459762610088	-0.002592979387908	-0.0001650326502886	2.72357756612794e-08	6.723542106115746e-06	-4.882885693735517e-05	3.23778841071487e-05	2.384257269808698e-09	1.0483273792559522e-09	0.0010249381654223	-0.0003809660941178	1.451351648673725e-07	1.05049824293923e-06	0.0	0.0	0.0
1802.275727957316	-3.138389452252113	9.84948835400732	3248197.799584073	2483.1767828345755	20.320615337269373	412.92740768526727	6166166.934808672	1936.5566365399693	1.0959090585772628	1.2010166646717024	3750251.606526999	2066.9170817563	1541.5845369857063	1.337847	34.98233	0.1271696708235461	0.0718042060180876	-0.0278880043	-0.073647027	0.051470444	0.0421764751	-0.0324803194	0.0581721121	0.0112156328	-0.0005566463	0.0280065616	0.0953689547	-0.0034855819	-0.0858701235	-0.0687398998	0.0330850844	-0.0588549034	0.0667215583	-0.0001501607	-0.0412764254	0.002507552	-0.1004418147	-0.114275405	3.99562e-05	-0.0162172082	-0.0252917192	0.0237317886	-0.0900921273	-0.0499581988	-0.0437374705	-0.0027009213	0.0862654798	0.0823380492	-0.0869557619	-0.0197919607	-0.0295649422	-0.007725156	0.0105267159	0.0212106017	-0.1186895575	-0.0541540388	0.0320098125	-0.0320667427	-0.0429691577	-0.02764297	-0.0325945106	-0.0387214145	0.0271828521	0.0299214672	0.0262545163	-0.070981752	0.0081621862	0.0250063992	-0.085780688	-0.0832856209	0.0437063106	-0.0566020589	-0.0123559968	0.1098719636	-0.0880028605	-0.0918727032	0.0768773925	0.0507049567	-0.0150763947	-0.0001033028	0.0086685023	-0.0674901684	0.0842500284	0.1151734123	-0.0220020095	-0.0159980914	0.0127220719	-0.0555421932	-0.0864761733	-0.0310527113	-0.0354951378	0.0841832453	-0.0561576867	-0.0249095738	-0.0193225273	0.0355560236	-0.0227147446	-0.0635975122	-0.1018131759	0.0226434501	0.1510822335	-0.0152065626	-0.0461501544	0.0207906029	0.0123978762	0.0602145295	0.0152631508	-0.0280982314	-0.0672349689	-0.0395233099	-0.0288895977	0.0771911155	-0.0043436761	0.0382772388	-0.0047913635	0.011554584	0.1320697793	0.0206967979	0.0339210651	0.0233466564	-0.0038755896	0.0368880687	-0.0053204284	0.0040269144	-0.0670325765	0.0225721689	-0.0029806666	0.1366606759	0.1002884629	-0.0175859382	-0.1037185389	-0.0546037852	0.0105494778	-0.0260872292	-0.0574079844	0.0874465542	-0.0755131301	-0.0394944519	0.0120084606	0.0584862363	-0.0512719416	-0.0297895633	-0.007149654	0.0116395277	-0.1162288965	-0.0212980272	-0.0007496254	0.04147173	-0.0236117041	0.0809291343	0.0289740511	0.0284030675	-0.0509615742	-0.0427990332	0.0004630381	-0.0419304676	-0.0385836084	0.0815590168	-0.0451842308	-0.0351510839	0.081287294	-0.0483376736	-0.0316405151	0.0513380074548734	-0.0156331546490663	0.0026355910094366	0.0002443955242816	0.1605177354529843	-0.0002566360988964	6.58620872568033e-08	0.0257659433949542	-0.2691522862179667	-0.0474688677433761	0.0724429531763582	0.0022532934048381	-0.0021960635302394	0.0003969158576686	1.5754219806880038e-07	4.822695028847536e-06	-0.0007178579992701	-0.0006690291423327	5.153201071160708e-07	4.475999932904881e-07	0.0012352134120651	0.0002102752466427	4.4215679350690345e-08	1.5257521733455063e-06	0.0	0.0	0.0
1801.3559272188963	-0.9198007384195536	0.8460333983971557	3244883.17652665	2470.676395810884	-12.500387023691474	156.25967574207417	6104241.85281706	1936.913838303934	0.3572017639646674	0.1275931001794699	3751635.217013278	2059.461389253518	1484.9859397321322	1.087409	28.433828	0.088068664828622	0.0531372228993513	-0.0803807724	0.0337390019	0.0196431486	0.0058851804	-0.0271511584	-0.0793145097	0.0425739382	-0.0460686741	0.0272229912	0.0057450788	-0.0633115066	-0.0618175308	-0.0046624127	-0.1032611479	0.034811978	-0.0098967853	-0.0485987552	-0.0490608898	0.0667859662	-0.0072753287	0.0244119824	0.039387601	-0.0165492206	0.0265127243	0.0158370596	-0.0678439002	-0.000841981	-0.0090921466	-0.020354226	-0.0951666816	0.0755663847	-0.1218374652	-0.0259085319	0.021487227	0.0771413758	-0.0755920539	-0.0174322333	-0.0128887811	-0.0140513323	0.0252712198	-0.0446718899	0.0209243996	-0.10115207	-0.027255915	-0.0136000812	-0.0804513665	0.0943256623	0.0744712142	0.0097197288	-0.0065264959	-0.0743235318	0.0060914465	0.0511935011	-0.0018488417	-0.0616035403	-0.1012012422	0.0262437205	0.0727510088	0.0367478517	0.0264990485	-0.0612507138	0.0086151636	0.0496122232	0.0234252411	-0.0278020699	0.0621859482	0.105571047	-0.0514361825	0.0469201433	-0.055664627	-0.0708553427	-0.020714451	0.0593594216	-0.0108889164	-0.1076143876	-0.0223256379	-0.0368862218	-0.0593670086	0.013382455	0.0155767665	0.0117909664	0.0122721244	0.0262533377	-0.0015077439	-0.0635916397	-0.0022804699	0.0527560654	0.0065642157	0.0327086997	0.0337586332	0.0343451641	-0.0143324955	0.0374763162	-0.0782544889	0.0444589897	0.023253773	0.0103220734	0.0466773895	0.0038756712	0.0581279017	-0.0505476155	-0.0434129734	-0.0065772003	-0.0113632096	0.0388324432	-0.145500308	0.1055323432	-0.0316053923	0.0180556934	0.1065589487	-0.0608343698	-0.0263346549	0.0213124263	-0.0739624466	-0.0772189015	0.0214439671	0.0602097632	0.0199891998	0.0455504989	-0.0616313116	-0.0311473302	0.0544754976	0.0622573957	-0.0063481898	0.0199067571	-0.039203296	-0.0484921657	0.0136480865	0.0816799577	0.1077925683	0.0224500173	0.0069821043	0.0861454738	-0.0401452973	0.0259888122	-0.0523214948	0.0259974997	0.0656571147	-0.0426618292	-0.0370681691	0.0813979594	-0.0479924649	-0.0312459714	0.0806444153	-0.0530272111	-0.0252311319	0.0544211656869748	0.0030831582321013	0.0029616632747291	9.505864684174608e-06	0.133309808698101	-0.0272079267548833	0.000740271278299	0.0177715050951242	-0.2356365770199744	0.0335157091979923	0.0555245964296903	0.0011233027630443	-0.0021538263720401	4.2237158199300105e-05	1.783977532752704e-09	4.638968040895419e-06	-0.0002838403448914	0.0004340176543786	8.05653413880689e-08	1.8837132431238866e-07	0.00124419601236	8.982600294900204e-06	8.068710805794123e-11	1.5480237171725256e-06	0.0	0.0	0.0
1805.024102781251	3.6681755623546906	13.455511956256151	3258112.01162126	2479.8116321782954	9.13523636741138	83.45254348847547	6149465.731086781	1933.4102259358085	-3.5036123681254594	12.27529962608169	3738075.1017531534	2059.529769168073	1499.1757307017765	0.989385	25.870663	0.0832299601662845	0.0480398083515446	-0.0814732979	-0.0229155195	-0.0673411939	0.0101743715	0.0118059832	0.0795959006	-0.0877713378	-0.0927286652	0.0108806861	0.0403219157	-0.0051945736	0.0116011888	-0.087389261	-0.0636721611	0.0017100076	0.1125568272	-0.1075427054	-0.0183283813	0.0710220422	-0.0395832317	0.0413713673	-0.003201866	0.0345641228	0.0093319679	0.0141154724	-0.0633566152	-0.0951781997	0.0251947669	-0.0521774185	0.0442816058	-0.0219801576	0.0694211844	0.0160210288	-0.1028985063	-0.0177929072	-0.0098717617	-0.0147990068	-0.0115081836	0.0001690461	0.021967559	0.0037744432	-0.0469253257	0.0860627638	-0.0136177015	-0.0346231779	0.0949534773	-0.042197121	-0.059796827	0.0626975084	-0.0238879971	0.0099939072	-0.1058915691	-0.043005726	0.1647578074	-0.0179555873	0.0739978831	0.1000630557	0.0401822847	0.0198374246	-0.0387541564	0.1052734535	0.0808690354	-0.0063647393	-0.0164585522	0.0321459014	0.0693088199	-0.0547017772	-0.0818104204	0.079335963	0.0432161817	0.0282092147	-0.0711573095	-0.0040889798	-0.0342647101	-0.0490681878	-0.0198962674	-0.0296696208	-0.041747622	-0.0360551761	-0.0366173479	0.0589566721	-0.0047393796	-0.001102309	0.0521000663	-0.0453767158	0.0692471611	-0.0070148351	-0.044823339	-0.0053479863	0.053031176	-0.0544448768	-0.0211576276	-0.1141321655	-0.0556853387	-0.0123897447	0.0242812142	0.1233487911	-0.0064852975	0.0149859433	-0.138085194	-0.0449140246	-0.0819721395	-0.0071170558	0.0425041159	-0.0517561783	-0.0062365921	-0.020453155	-0.0315957991	0.0483623318	-0.1039444956	0.0954611606	-0.0070633121	-0.0446031792	0.0043873262	-0.0658412447	0.0290427713	0.0198759279	0.040471858	0.1341099272	0.0425262379	-0.0192711758	0.0489048578	0.0189700735	-0.0408095109	-0.0325530204	-0.081099978	-0.0053808092	-0.0642604988	-0.0398605153	0.0904183231	-0.0403015369	-0.0606946684	0.0496794475	-0.0615288994	-0.0184588667	0.0935630653	0.019999157	0.0017673895	-0.0433885123	-0.0355364705	0.0811565722	-0.0507165039	-0.0272552159	0.0796832699	-0.057431937	-0.0186447705	0.0543230783082293	-9.808737874549694e-05	0.002950996836882	9.621133869162566e-09	0.160867287712918	0.027557479014817	0.000759414649652	0.0258782842561107	-0.2351386786502374	0.0004978983697369	0.0552901981973796	2.479027865867501e-07	-0.0027939435879414	-0.0006401172159013	4.0975005009323196e-07	7.806120772598864e-06	-0.0001318060249884	0.0001520343199029	1.7372828223242727e-08	2.3114434428367736e-08	0.0009348176401046	-0.0003093783722554	9.571497721940095e-08	8.738840202507334e-07	0.0	0.0	0.0
1807.1301182942248	2.106015512973727	4.43530134088599	3265719.264446099	2463.097006845292	-16.71462533300337	279.37870002267795	6066846.865130236	1933.490085631844	0.0798596960355553	0.0063775710508912	3738383.911236636	2049.2492679865823	1476.7568173937036	1.041992	27.246241	0.0406637965831611	0.0227021113019849	-0.0823835251	0.0210900012	-0.0337879581	0.0350825202	0.1062757015	0.0386254599	-0.0557274122	-0.0907473991	-0.1990649541	-0.0432370978	0.0108182244	-0.0310272783	-0.0277694018	-0.0073074821	0.0635777819	0.0616559373	-0.0855103616	-0.049459927	-0.0400779443	0.049371126	-0.0151852148	0.0766439462	0.0314041603	0.056579063	0.108904575	0.088354284	-0.0233530098	-0.0346794605	-0.0781669713	0.0064766604	0.0664183953	0.0694420209	-0.0762627736	0.0443057891	0.0017812418	-0.001367924	0.056923872	0.1210644011	0.0382858926	0.0497734266	-0.1133819597	-0.0298029333	-0.0422180042	0.0496441137	0.0648176729	0.0445707669	0.0969188803	0.0093298309	0.0361614207	0.0317751072	-0.0226422626	-0.0022633175	0.0370999697	-0.0785641682	0.0263747406	-0.0070411302	-0.059236729	0.0106751207	0.0018372138	0.0730640944	-0.0866473519	0.0520133157	-0.1149455652	0.0109053546	-0.0687269754	-0.0310320894	0.0378724713	0.0621287207	0.1305563688	0.0113016285	0.0032286114	0.1240757422	-0.1118131599	0.0474619892	0.0212826995	0.0160098059	-0.1043991748	-0.0093147068	0.0282120496	0.0053484719	-0.0397084226	0.0057496037	0.0014371664	0.0253868381	-0.0226513715	-0.0277485795	-0.0872861596	0.0018106182	0.0259012725	0.0007313473	0.0415838306	0.0413493512	0.0775085972	-0.0486221847	0.0046138929	0.031683962	0.0523903038	-0.0598037716	-0.0493430621	-0.0508647296	0.004909603	-0.0203593099	0.0072051944	-0.0615534559	-0.0227108402	-0.0440630919	-0.070719404	-0.0756318263	-0.0223809367	0.0850991292	0.036118499	0.0269006029	-0.0036638788	-0.0403366187	-0.0705322949	0.023930735	-0.0670205227	-0.0163797174	0.0296936531	-0.0498421495	-0.0673247302	0.0007185842	-0.0027635057	-0.0462619497	-0.1391409794	-0.0167105969	0.0267038539	0.0367955489	0.1258925978	0.1291720438	-0.1229047376	0.0182090182	0.0040399764	-0.0214632019	-0.0268142649	0.0182566952	0.0408724332	-0.0351106828	-0.0441104375	-0.0339891844	0.0808350932	-0.0533515689	-0.0231897558	0.0784076511	-0.0615281933	-0.0119276293	0.0714241886730491	0.0171011103648198	0.0051014147276033	0.0002924479757097	0.1558383975892923	-0.0050288901236257	2.528973587550012e-05	0.0242856061631983	-0.2442514236773831	-0.0091127450271456	0.0596587579684285	8.304212192976832e-05	-0.0027938623560261	8.12319153001978e-08	6.598624063338509e-15	7.80566686441971e-06	-0.0002838575378194	-0.000152051512831	8.057510177689212e-08	2.311966255419576e-08	0.0009711059167097	3.628827660510003e-05	1.3168390189682503e-09	9.430467014685868e-07	0.0	0.0	0.0
1810.720131892318	3.5900135980932646	12.888197634494547	3278707.3960401337	2499.518515634354	36.421508789062045	1326.5263024717235	6247592.809998965	1934.3867942029096	0.8967085710655738	0.8040862614224632	3741852.2695866097	2064.489703730917	1511.272748242052	1.065088	27.850164	0.1088629416464133	0.0515113068631705	-0.0656977798	0.0388951607	-0.0042732504	-0.0539455992	-0.0090045927	0.0373840646	-0.1123870498	0.0312002795	-0.0455112409	0.1390181854	-0.0389031028	0.0503613559	0.1477426989	-0.0177682161	0.0943299391	0.0182842427	-0.0516538976	-0.0249056705	0.013124444	0.0732934066	0.078059778	-0.0293846524	-0.0551979652	-0.0934342031	0.05833122	0.0301696101	0.058956343	0.055377685	0.0138955795	-0.0015548433	-0.0296210761	0.0350024522	-0.0176995951	-0.0696461288	-0.0975622449	0.0469584703	0.0026700785	0.0939230915	-0.0908887673	0.0449435045	0.0461797166	-0.0264781843	0.0833649317	0.0531690502	0.0080712685	0.0447940517	-0.0717047118	-0.079509034	-0.1057017801	-0.0380041701	0.0255423937	-0.0486291079	-0.0491831273	0.0034770153	-0.0909551461	0.0066220356	-0.0719604184	0.0182600948	0.011020353	-0.0198107966	0.0383303545	0.0093253486	0.0357476102	-0.0159822247	-0.0428401292	-0.0493139296	0.0345453698	-0.0049237022	0.04766853	0.1274841161	0.0206697867	-0.0315130168	0.0714120216	0.0610006368	-0.0771458834	0.0791626935	-0.0631236664	0.0733557181	0.0763022223	0.0126584968	-0.0653301984	0.072632304	0.1443629099	-0.0299205464	-0.0146467495	-0.0545481168	-0.0380158463	0.0321549145	-0.0643492665	-0.1134429054	-0.0478923257	-0.0263572112	-0.098019335	0.0183585459	-0.0137963065	0.0388596747	0.1008560658	0.0216822566	-0.0316430368	-0.104969129	-0.0115362014	0.0142147578	-0.0265178017	0.0014982177	-0.0045249592	0.1121573355	0.0152307466	0.0669596175	0.0274524289	0.035662848	0.0327422507	0.0848772323	-0.0083139622	-0.084857092	-0.0517172604	0.0155038455	0.1131839904	0.0102722853	0.0413606401	-0.0365448606	-0.0608166419	0.0740164423	0.0314289863	-0.0248895632	-0.1249423394	0.0005704141	0.0777470223	0.0583684601	-0.0890564537	0.0413525757	0.0010788441	-0.0085924289	0.0040475242	0.0249671175	-0.0004880018	0.0665472884	0.0657560045	-0.0326265808	-0.0448275254	-0.0324269895	0.0804338397	-0.0558930371	-0.0190607341	0.0768225931	-0.0652939789	-0.0051268245	0.0447174123171691	-0.02670677635588	0.0019996469643437	0.0007132519033229	0.1505805462261094	-0.0052578513631829	2.764500095732437e-05	0.0226745009017534	-0.2863636414291335	-0.0421122177517504	0.0820041351325533	0.0017734388839708	-0.0026320630559081	0.000161799300118	2.617901351867468e-08	6.927755930276285e-06	0.0001050310512857	0.0003888885891051	1.1031521734179345e-08	1.5123433473615529e-07	0.0011161399509986	0.0001450340342888	2.103487110211379e-08	1.245768390215157e-06	0.0	0.0	0.0
1812.7762492742409	2.056117381922832	4.227618688245199	3286157.7299327846	2468.8448991446658	-30.67361648968836	940.8707485564814	6095195.136032634	1941.9297302726688	7.542936069759207	56.89588455247448	3771091.07731688	2060.00847355859	1503.4845811702155	1.024699	26.794081	0.0727106098589078	0.0407723057562392	-0.0448778578	-0.0179028405	-0.0739324152	-0.0439538114	0.0756756703	0.0535117721	-0.018582038	-0.0368605557	-0.1240819975	0.0248468126	0.0369473008	-0.0072358546	0.0298200434	0.1100785764	0.000796345	-0.0251420583	-0.0204001825	-0.0746624179	0.0789932634	-0.0295492749	-0.0454643565	0.1582989271	0.0312025508	-0.022886019	0.0847927059	0.0557461187	0.0034982023	-0.0054905708	-0.0944915899	0.0367911777	0.0486117819	0.0336179525	-0.0094149924	0.1037911114	-0.0271068006	-0.0218997536	0.0183690254	-0.0503755377	-0.0128278247	-0.002002886	0.0456849438	0.0106701532	0.0328731248	-0.0070385588	0.0056784349	0.0075912391	-0.0016217537	0.0275476422	-0.0365849322	-0.018384896	0.0070630905	0.0121936465	-0.0069680357	0.0052401325	-0.0020390753	0.0054843659	-0.0988696756	0.0969367104	-0.0308249781	-0.0129103917	-0.0068484247	0.0748043805	-0.0012247623	0.0749208925	0.0578055803	-0.0076624711	0.011598309	-0.05304542	0.0763772867	0.0005371714	-0.0224347623	-0.0115010696	-0.1099250743	0.1286239528	0.0298797324	0.0200463748	0.0251774117	-0.036293899	0.0072264683	-0.0545954718	0.0115065762	0.0441518803	-0.0847774125	0.0504955537	-0.0115993274	-0.0049005363	0.0655528237	-0.0145851209	0.072500601	-0.0169425033	0.0027673167	0.0928412651	0.0007422039	-0.0759790543	-0.0549283574	-0.0089017909	0.0034899404	0.0605229557	0.0469156582	0.0098105495	-0.0372549258	-0.0455686871	0.0238997474	-0.0402452972	0.0835196346	-0.036422444	-0.0327260296	0.0728274765	-0.0080661769	-0.0113322335	-0.088951865	-0.025543492	0.0634248854	-0.0858141367	-0.0335475893	0.0080420171	-0.0171742159	0.0144732874	0.0547650267	0.0163007061	0.0241093413	0.0362757837	-0.0211896034	-0.0526688845	-0.1470732536	0.0606712998	0.0325319093	0.0056884621	0.064098487	0.1039724047	-0.0799203495	0.0824569565	0.0470337756	-0.0176341948	-0.0168186774	0.0145979528	0.0660088465	0.0416674512	-0.0455396975	-0.0308505711	0.0799532077	-0.05833645	-0.0148794683	0.0749343514	-0.0687090676	0.0017099414	0.0709742717394164	0.0262568594222472	0.0050373472489405	0.0006894226667196	0.1605353266666327	0.0099547804405233	9.909765361902544e-05	0.0257715911079624	-0.2839331802282672	0.0024304612008663	0.0806180508345376	5.907141648916546e-06	-0.0020700017184053	0.0005620613375028	3.159129471154365e-07	4.284907114200894e-06	8.60456490281436e-07	-0.0001041705947954	7.403853716674469e-13	1.0851512820031286e-08	0.0011010017073914	-1.5138243607199994e-05	2.2916641951093148e-10	1.2122047596787775e-06	0.0	0.0	0.0
1807.044582603764	-5.731666670476898	32.85200282145573	3265410.1235176115	2471.6134440104165	2.768544865750755	7.664840673674866	6108873.016613033	1932.3892771803487	-9.54045309232015	91.0202452067611	3734128.318561591	2059.9469253802617	1544.5776498216078	1.201816	31.425364	0.1119986604612882	0.0658636791466471	0.0119488053	0.0452120311	0.0701876845	-0.0002803792	-0.0824779706	0.0890127068	0.0469953028	0.0191412559	-0.0733725031	-0.0045992763	-0.0703755374	0.0288617558	-0.0544948004	0.0727430748	0.0624313257	-0.0247073529	-0.0013377795	0.0133364146	-0.0243192551	0.0117911845	-0.0209079337	-0.0301479228	0.0354556544	-0.0338581858	-2.16546e-05	0.0873031245	0.0001971858	0.0990888989	-0.0812967225	-0.0676212633	0.0110313074	-0.0791706622	0.067286355	0.0789377311	-0.0755871119	0.0131503074	0.0683072757	-0.1412546736	-0.0532229557	0.0572911444	-0.0348404048	-0.0678944766	-0.1367981972	-0.024034743	0.0565973965	0.0429782366	-0.1223398909	-0.0344035217	0.0809767686	-0.0302019482	0.031685535	0.0005838154	-0.1333024807	0.0439645033	0.0061861775	0.003971437	-0.0850994366	0.0536042652	0.0490406748	-0.0161852098	0.0079254309	-0.0027687393	0.059069678	0.0844102009	-0.0226138927	0.0759120858	-0.0055727431	-0.042841521	-0.0006532251	-0.0065418707	0.019490442	-0.0025240222	0.0169347353	0.0116974906	0.0659701146	-0.0224706587	-0.1011714047	-0.0047853246	0.0417892702	-0.089223451	0.0448719078	0.0598786726	-0.0126649169	-0.0441227998	-0.0096832884	-0.104678504	0.0513892642	-0.0552569986	0.035593769	-0.0533738852	0.0143393608	0.0257558556	-0.029811362	-0.0084012636	0.0713434944	0.1787796336	-0.1042800989	-0.136343735	0.1031503189	0.0431313802	-0.0247665952	-0.0035854798	-0.0121731425	-0.003864748	0.0905494976	-0.0029221102	-0.0211094274	-0.0462912213	-0.0434934492	-0.0567310379	0.0697738111	0.0286999209	0.0660270964	0.0802768298	-0.0039159985	-0.0053206116	0.001230313	-0.0353529542	-0.1154264887	0.0290189351	0.0431780639	0.0646543172	-0.0446098493	-0.1342931562	-0.0347013962	-0.0350924747	0.0061618559	0.00025491	-0.042136331	-0.0560734364	0.0801385413	0.0042506968	0.1208539893	0.0013630954	-0.035556715	-0.1352139084	0.1272284188	-0.1856114895	-0.0462468756	-0.0292606206	0.0793936715	-0.0606775209	-0.010657419	0.0727503781	-0.0717551168	0.0085347133	0.061174621848508	-0.0097996498909083	0.0037423343583079	9.603313798438094e-05	0.1959976677233896	0.0354623410567569	0.0012575776332257	0.0384150857530082	-0.3368132048713974	-0.0528800246431301	0.1134431349757419	0.002796297006258	-0.0022739713661633	-0.000203969647758	4.160361720652261e-08	5.170945774130584e-06	-5.6233596838373145e-05	-5.709405332865458e-05	3.16221741338069e-09	3.259730925495253e-09	0.0010849325110682	-1.606919632319995e-05	2.5821907047354276e-10	1.17707855357275e-06	0.0	0.0	0.0
1811.1831531536743	4.138570549910355	17.1277661965853	3280384.414267686	2471.304480541712	-0.3089634687044054	0.0954584249938581	6107345.835545542	1937.045166015625	4.655888835276301	21.677300846450507	3752143.9751845	2060.539569336871	1553.783317129156	1.147325	30.00053	0.1237295991025893	0.0549890661980421	0.0287857219	-0.1040561697	0.0162205296	-0.0259260716	-0.0250098125	0.0701195592	0.0664682111	-0.0337542935	-0.0641226654	9.41308e-05	0.0961919704	0.0256129151	0.0883810224	0.0972771775	-0.0064798994	-0.0605536914	0.0185574481	0.0336170959	0.0426411874	0.0080200838	0.0781932046	0.0868279664	-0.0140190784	-0.0441540573	0.1048127485	0.0445066467	0.0152921588	0.0144646838	0.0210463376	-0.0087226606	-0.0287861426	0.035151346	-0.0304677023	-0.0121955844	0.0062295512	-0.0490103817	0.0108270334	-0.0144709407	-0.0566036903	0.0219697958	-0.0988824816	-0.0008828571	0.0617284728	-0.0714367044	-0.0450825732	0.0703165112	-0.0567637695	-0.1182389957	-0.0078557212	0.0416940973	-0.0296042102	0.0187635061	-0.0521861987	0.041694585	0.0679549522	-0.1000509305	0.003640058	0.0306939607	0.0217932842	-0.0129532913	-0.0066525854	-0.0125283032	-0.0479641748	-0.0659927799	0.0230838577	-0.122883405	0.0440912817	0.0123531337	-0.0083369909	-0.0701692653	0.0140997115	-0.0133442506	-0.1002377063	0.0777625803	-0.0273342984	0.0365281657	-0.0272650362	0.0116813888	0.0751542048	-0.0205369119	0.0105414199	0.1075194723	0.0391417997	0.0486884421	0.0405661936	-0.0252159476	-0.0245677631	0.0238651814	-0.0861648969	-0.0239562632	0.0133815312	-0.0451559914	0.0330199747	0.0072994746	0.0164380556	-0.010484567	-0.0293566261	-0.0916905086	0.0044913186	-0.132020719	0.021875707	-0.0600287444	0.0140069681	-0.0199847076	-0.0682905545	-0.0259689143	-0.0654894704	-0.0213582978	0.0860044372	-0.104437951	0.0720627699	0.0674874884	0.0501021398	-0.0122941108	0.0372840195	0.0027802048	0.04778115	0.0036673575	0.0546897491	0.0559306166	0.0744393286	-0.0031032211	-0.0785013619	0.0020422735	-0.0469752724	-0.107895543	0.0007445201	0.0506101758	0.0505780219	-0.1648059997	-0.1602018114	-0.0854245277	0.0305914718	-0.005489086	-0.0299100584	0.0072099553	0.0113752303	-0.1351092616	-0.0469489822	-0.0276578354	0.0787557834	-0.0629121428	-0.0064061583	0.0702792922	-0.0744157659	0.0152996203	0.020248530596632	-0.040926091251876	0.0004100029913227	0.0016749449451568	0.2040370770932327	0.008039409369843	6.4632103015921e-05	0.0416311288287497	-0.3251571119032235	0.0116560929681738	0.1057271474212454	0.0001358645032827	-0.001820190631295	0.0004537807348682	2.0591695533761426e-07	3.3130939342540903e-06	-0.0004019087693305	-0.0003456751724921	1.6153065886475705e-07	1.1949132487746166e-07	0.0015476367139617	0.0004627042028934	2.140951793753092e-07	2.3951793984021687e-06	0.0	0.0	0.0
1807.074286966956	-4.108866186718387	16.882781340357703	3265517.478617132	2489.1467093398287	17.842228798116594	318.3451284843411	6195851.340617297	1933.977708711399	-3.0674573042260818	9.40929431324994	3740269.777792593	2064.062789596061	1542.1028608816985	1.151205	30.101967	0.0618646677912724	0.036580164526908	0.012834232	-0.0146188358	0.025990804	-0.0309348656	-0.0740089854	-0.0458046739	0.0671811888	-0.0037464578	0.0408619016	0.0634035354	0.0318902445	0.0508014057	-0.0498739595	0.0561140096	0.064757082	0.0383868528	0.0155716148	0.0252703768	-0.0004819761	-0.0281697289	-0.089253054	0.005620011	-0.018120761	0.0120223008	0.0116935766	-0.116246962	0.0528863525	0.0495572888	-0.0612304799	0.0481831012	0.0343074814	-0.0594146955	-0.095293301	0.0618296811	0.0004335258	0.0035946694	-0.0661599211	0.0330868529	0.0206716663	-0.0744766742	0.0403394638	-0.033149561	-0.0751659097	-0.0445033069	-0.0471080987	-0.0441226091	-0.039476112	-0.02835586	-0.0909470926	0.0559053901	-0.0337632843	0.0344018547	-0.0030885871	0.0403195599	0.044754457	0.0791139718	-0.02926186	-0.0980976405	0.0137406768	0.002145507	-0.0755125432	0.0086893925	0.0077674389	-0.0191887818	-0.0224721621	0.0548077403	0.0172543169	0.0662857152	-0.0455726339	-0.0404590196	0.0216726344	-0.0664551021	0.0048435038	-0.021445242	0.0764166275	-0.0474749582	0.0128934118	-0.0420097012	0.0622784675	0.0576043193	0.0055818367	-0.0223118775	0.0350478542	0.1097577916	0.028269741	-0.0190649254	0.0111661504	0.1097812234	0.0592262289	-0.0853684215	0.0625540536	-0.0288713994	-0.0309238263	-0.0348489523	-0.0202272041	0.0161903849	-0.1382178487	-0.1151223145	0.0802933548	0.0262901292	-0.0195268052	-0.0396762374	0.03297197	0.0277697308	-0.0717646794	0.0628002064	0.0286678622	0.0181930344	-0.0485346299	0.0917223095	0.0797298668	0.029023202	0.0136139224	-0.0179838076	0.0032287698	-0.0516619425	0.0310918822	0.0374830054	-0.0436711803	-0.0921875992	-0.0668992536	0.0551631404	-0.0110662938	0.0692262656	-0.0085795234	0.0135009524	0.0444494681	-0.1134878521	0.0507481863	-0.1037591688	-0.0869957723	-0.1039573246	0.0033982435	0.1490318849	0.0203712388	-0.0526981674	0.0075232754	0.0557478504	-0.0476459404	-0.0260429185	0.0780401729	-0.0650363955	-0.0021373389	0.0675308461	-0.0766767246	0.0219572114	0.0068688380762864	-0.0133796925203456	4.7180936518241855e-05	0.0001790161719389	0.2038588183443579	-0.0001782587488748	3.1776181550412565e-08	0.0415584178167579	-0.3379248895245155	-0.0127677776212919	0.114193230960156	0.0001630161453867	-0.0018168613194704	3.329311824600044e-06	1.1084317225421675e-11	3.3009850541877224e-06	-0.0002938618992194	0.0001080468701111	8.63548158128328e-08	1.167412614080492e-08	0.0009482341178822	-0.0005994025960794	3.5928347218684405e-07	8.991479423158341e-07	0.0	0.0	0.0
1803.4266625227965	-3.647624444159419	13.305164085629311	3252347.7270981125	2473.5755556771583	-15.57115366267044	242.46082638649503	6118576.029643563	1935.7873429426056	1.8096342312067009	3.2747760507550674	3747272.637096793	2056.009526619264	1509.2542575459822	1.080225	28.245985	0.083446752273745	0.0462279072065102	-0.0071286791	0.0010543312	0.0663653072	0.0019557167	-0.0279488255	-0.0687647499	0.0473630933	-0.0506578232	0.0687802516	-0.0651693412	0.011438929	-0.0126207317	0.0608018529	-0.0291111831	0.0772402107	0.0445295184	-0.0044041648	-0.0076527671	0.0596279974	0.0487008812	0.1211702727	0.0495338014	-0.0446121962	-0.0093674199	-0.0050980139	-0.0465366732	-0.0179183214	-0.0112006107	0.0846502968	0.0534293964	-0.0288742724	-0.0022939006	-0.0062305925	-0.0084191175	0.0116617382	0.0118419074	0.0553222677	0.0350773387	0.0480666223	0.0038676878	-0.0340218729	-0.0090650687	-0.0516974779	-0.0818398405	0.016444901	0.0139183145	0.0523309287	-0.0089365408	0.0237121179	0.0179017575	0.0166687219	-0.0400036481	0.0843387446	0.0874274079	-0.0185585974	-0.0964640562	-0.0745015618	0.0430225715	0.0670694959	0.0837243161	-0.0643472078	-0.0853874098	0.0479849303	-0.0382282151	0.0035908603	-0.0003578319	0.0290419312	-0.0647802963	-0.0043790432	-0.076507731	-0.0138495219	0.0279405737	0.0409939218	0.0071234338	-0.1328677334	0.0497909902	-0.006043253	-0.0544739661	-0.0651948349	-0.0077808877	0.0249422571	0.0368409776	0.0810134252	0.043751958	-0.0969456796	0.0752980503	0.0161821267	0.13029632	0.0096866439	0.0375609798	0.0705577004	-0.0061249413	0.0130749305	0.0335108591	-0.0136485151	0.0040374995	-0.0599735431	0.0464601961	-0.0411528131	-0.060108512	-0.0098726787	-0.0234730628	0.0022775935	-0.0538105147	-0.0239633729	-0.1261099298	0.0025706405	-0.0182760722	0.0473418792	-0.0074483294	0.0692242172	-0.0075854116	0.0057277232	-0.0155020846	0.0109444452	-0.0349475068	0.1021666893	0.0379129729	0.0176015498	-0.0300751979	0.0238032416	-0.0412378277	-0.0320098036	0.0610832547	-0.0002681491	-0.1118873877	0.0274930029	0.0662781134	0.0111144948	0.0047291725	-0.0439736572	-0.1211676793	-0.0180246265	-0.0242867032	0.0637354538	0.0258648395	0.0182663241	-0.0132800275	-0.0483376736	-0.0244165784	0.0772475461	-0.0670465522	0.0021373389	0.0645158866	-0.0785258491	0.0284607885	0.0119178570268729	0.0050490189505865	0.0001420353161129	2.54925923633816e-05	0.2042813165829216	0.0004224982385636	1.7850476158942066e-07	0.0417308563048518	-0.3221347720912106	0.0157901174333048	0.1037708113902562	0.0002493278085575	-0.0025369573393142	-0.0007200960198437	5.185382777948823e-07	6.436152541500184e-06	-0.0001666999627349	0.0001271619364844	2.778887757581705e-08	1.6170158090488013e-08	0.0005517897211847	-0.0003964443966975	1.571681596728448e-07	3.044718964050889e-07	0.0	0.0	0.0
1808.0376349008343	4.610972378037786	21.26106627102744	3269000.0892178025	2474.826519845546	1.2509641683877817	1.5649113505901342	6124766.303330817	1928.825826569805	-6.961516372800588	48.46271020877066	3720369.069242692	2054.361678406112	1486.1431807182305	1.370767	35.843143	0.0707017828471841	0.0396948883174993	0.0307782735	0.0948976007	-0.0712748525	0.0649530191	0.0209436262	0.063642786	-0.107306531	-0.0038874352	-0.0163643829	-0.0357251158	0.0192921897	0.050325817	-0.1172868238	-0.170812355	0.0646280041	0.0528879863	-0.0690925475	0.0100123128	-0.0790215014	0.1527736387	-0.046964969	-0.1138179045	0.2856010992	0.0765187303	-0.0833227536	0.0657550873	-0.0928740527	0.0353104189	0.0043905879	0.0799047606	-0.1096924123	-0.0564559851	0.048751828	-0.0165790857	0.0318955041	-0.1433763547	0.0504777359	-0.1182663299	-0.0068665267	-0.0911910247	0.0631095482	0.1161686237	0.0435246269	0.010654173	0.1356654583	0.00210677	-0.0774382926	0.1566082076	-0.0394789821	-0.0426545571	-0.0814284097	-0.0202225015	0.0917527734	-0.0246376682	-0.064585102	0.0303993813	-0.0166526883	-0.031519532	0.0946496485	0.0830035651	0.1075881413	0.0164849327	-0.0409888815	0.0603746012	0.1723062013	-0.050215198	0.0462236729	0.1107227934	0.0662033418	0.0945070315	0.0581926142	0.0712404049	-0.0124338407	-0.0515395919	0.0604308251	-0.1035329875	-0.0772900234	0.107486206	-0.160075647	0.0263209482	0.3165154551	-0.001688768	-0.0062179684	-0.1736604395	-0.0284510246	0.0874975985	-0.1135637091	-0.055282573	0.0452546395	-0.0645249937	-0.1820673046	-0.0985452925	-0.0549243324	0.0645038563	0.0445959181	0.0557298182	-0.055401081	0.1524036765	0.1241310936	0.0595875582	-0.1060036283	-0.1425542988	-0.0093229544	-0.1749681288	-0.0095239607	0.1759383008	-0.042117002	-0.0873565585	0.0541793141	0.0331925726	0.0174423291	-0.1196525379	0.034078392	0.0309638774	-0.005679066	-0.0500948414	-0.097287736	-0.0869063039	-0.353186933	0.2029941071	0.1899978821	0.0305435595	-0.0975923307	-0.2414923597	0.1056382597	-0.0057954628	4.03174e-05	-0.1045969547	0.02025634	0.2178421699	0.1362634029	-0.1113818947	-0.0730512701	0.0041159104	0.1056341532	0.0207707401	-0.0971115867	0.1002512596	-0.0490241061	-0.0227795284	0.0763786853	-0.0689390864	0.0064061583	0.0612463124	-0.0799532077	0.0347647336	0.0249079157436398	0.0129900587167668	0.0006204042666922	0.000168741625465	0.2182328770934276	0.013951560510506	0.0001946460406783	0.047625588644475	-0.3226215268240509	-0.0004867547328402	0.1040846495702817	2.369301699423993e-07	-0.0018870018858569	0.0006499554534572	4.224420914788844e-07	3.5607761172274965e-06	1.0244769890199734e-06	0.0001677244397239	1.0495531010314309e-12	2.8131487680702863e-08	0.0005040014366245	-4.7788284560199945e-05	2.2837201412066446e-09	2.540174481195599e-07	0.0	0.0	0.0
1803.8790240171927	-4.158610883641586	17.294044481542254	3253979.53328922	2494.90128346878	20.07476362323405	402.996134528721	6224532.414254166	1936.7727497731607	7.946923203355709	63.15358840003336	3751088.68426389	2067.80205651132	1560.3736432687665	1.552466	40.594246	0.0919549014708739	0.0535511701019294	0.029089224	-0.0906021277	0.166675576	0.0679650081	-0.0244641428	0.0501626086	0.1082255062	0.052043467	0.0141015405	0.1040548974	-0.0114653115	-0.0113035921	-0.0092328995	-0.0127388748	0.0081090627	-0.0227309766	0.0963427321	-0.0582071303	-0.0405969917	-0.0614178773	-0.040244735	0.0715665062	-0.0729691864	0.1215410435	-0.042841949	0.0360879655	0.0012484496	0.0069482191	0.0031136387	-0.0163556036	-0.0333014867	-0.0222786504	-0.0387574525	-0.0955141495	-0.0421892545	0.0099692888	-0.0673532002	0.0211755269	-0.0258895561	-0.1116125429	-0.0746176976	-0.0899763292	0.0042165435	-0.007512067	0.0211894763	0.0876557779	0.0121227635	0.0347902743	-0.015924278	-0.0039078745	-0.0083707097	-0.0355078035	0.0254450573	-0.0235465339	-0.0937452859	-0.0052124917	0.0735761011	0.0604821959	0.0178023409	-0.1067011776	0.0952332683	-0.0352808921	0.0501474362	0.0610527847	-0.0692261241	-0.0062399073	0.0195999104	0.0171956472	-0.08100771	-0.0490189973	-0.1038110207	-0.0309487437	0.0168349923	0.0208393969	0.1117332342	0.0808586461	-0.0359544707	-0.0173031393	0.0590851407	0.0509693658	-0.0264987731	-0.0704164623	0.0307136672	-0.0016091004	0.0324951187	0.021779324	-0.0520291399	-0.0107302597	-0.0257938675	0.0864614887	-0.1110297376	0.0049260705	-0.1047079246	-0.0321161581	0.0705405075	0.1486663322	-0.0088833222	0.0339196621	-0.04513462	0.0441957108	-0.0836195161	0.0266303129	0.0066371146	0.0120518477	-0.0248809932	-0.1113398664	-0.0263277094	0.0455179878	0.0496916674	0.0398952595	0.0256024439	0.0542419299	-0.091243678	0.0578134278	-0.0048299753	-0.0612900962	-0.000803597	-0.0788504097	0.0317191183	-0.0989130598	-0.0106962545	-0.0979861953	-0.0404036029	-0.0205718458	-0.0186524124	-0.0518017802	0.0453969352	0.0186125155	-0.165789385	-0.0111359351	0.0427457616	-0.0330539065	0.1275575109	0.0638546911	-0.0366234507	-0.0282786524	0.0395292117	0.0320793185	-0.0497051625	-0.0211324865	0.0754344479	-0.0707106781	0.010657419	0.0577350269	-0.0809511339	0.040824829	0.0330003771198619	0.0080924613762221	0.0010890248900531	6.548793112564655e-05	0.1750138205016753	-0.0432190565917522	0.001867886852681	0.0306298373665926	-0.294554588420425	0.0280669384036258	0.0867624055595259	0.0007877530313529	-0.0019684805848049	-8.147869894800023e-05	6.638778382258855e-09	3.874915812753842e-06	-6.909455250925234e-05	-7.011902949827231e-05	4.774057186453828e-09	4.916678297779583e-09	0.0006039326101637	9.993117353919998e-05	9.986239444921702e-09	3.647345976191397e-07	0.0	0.0	1.0
1798.89435133421	-4.9846726829828185	24.84696175647513	3236020.887262128	2479.283979744747	-15.617303724033263	243.9001756087032	6146849.05221895	1935.597462811808	-1.17528696135264	1.381299441525522	3746537.538043509	2062.3433364663933	1528.5596583107358	1.273407	33.297348	0.0227650060658755	0.016514594012	-0.0027001083	-0.0628867682	-0.0055292064	0.0264090561	-0.1501819142	-0.0724260839	0.0806512135	-0.0388467236	0.1313111329	-0.0308282345	-0.0105778437	-0.0546628253	0.0929743752	-0.1002848141	0.1528186558	-0.0266155531	0.0675255289	-0.0310978364	0.0106370916	-0.0605848269	0.0393123016	-0.0256680883	0.029375609	-0.0203399039	0.0130685486	0.0284887868	-0.0537171674	-0.0121186213	0.0136600722	-0.1116092788	-0.0380573393	-0.03441033	-0.0405740332	-0.0899152784	0.0951795863	-0.0097112197	-0.0603877375	-0.0363126084	-0.1013128135	-0.0006028219	0.0266796318	0.0484089354	-0.0598564248	-0.0132243191	-0.1377537146	0.0160892418	-0.0064472879	0.0803276356	0.0091970004	-0.0286113592	0.0009360156	0.0693441695	0.038837085	0.0030426311	-0.0373800182	0.1161611896	-0.0095380888	0.0100487287	0.0035734176	-0.0076665065	0.0307342018	-0.0186605381	-0.0476633648	-0.0483129713	0.1032725809	-0.0245160671	-0.0418453051	-0.0178561652	-0.0547619066	-0.0864936514	-0.0776536011	-0.0455729839	0.0064335652	-0.0466302853	-0.0550752362	-0.1015469035	0.001578679	-0.0016812345	-0.0049916023	0.0634278957	-0.0746823941	0.0966902089	0.0832946224	-0.1195973047	0.0881145281	0.0152515141	0.0078104404	-0.0220113761	0.1367152854	0.0155373092	0.0289221788	-0.0527191189	0.0293560287	-0.0133307591	0.0440055683	0.0807644251	0.0053367899	0.0114735856	0.1089875463	-0.0143739557	0.0267619539	0.0765230788	-0.0362957791	0.0130029125	0.0140296503	-0.0154490164	-0.0026868433	0.0358251752	0.1010300008	-0.0049750984	-0.061070991	-0.1463444316	0.0802729909	0.0443570982	-0.0072536236	-0.0664317496	0.0241803462	-0.0132820622	0.0261468273	0.0524996266	0.0111958543	0.0780222089	-0.0486570768	0.0630072681	0.1081694204	-0.0297521701	-0.0969800155	0.0345770585	0.0378243725	0.0551825607	-0.0613648436	0.0165765386	0.0948366274	0.001510462	0.0086867079	-0.0839399122	-0.0062433634	-0.046849129	-0.0503807682	-0.0194761753	0.0744157659	-0.0723582192	0.0148794683	0.0539958877	-0.081514268	0.0465985677	0.0169603266234332	-0.0160400504964287	0.0002876526791735	0.0002572832199279	0.1748515359077203	-0.000162284593955	2.6336289435142088e-08	0.0305730596092888	-0.2942651182707223	0.0002894701497026	0.0865919598308821	8.379296756887638e-08	-0.0019349746943347	3.3505890470200044e-05	1.122644696201042e-09	3.744127067715666e-06	-9.902428405883512e-05	-2.9929731549582783e-05	9.805808833364868e-09	8.95788830630091e-10	0.0005419042156677	-6.202839449599999e-05	3.8475217237514016e-09	2.936601789584252e-07	0.0	0.0	0.0
1797.0000843055766	-1.894267028633294	3.588247575767209	3229209.3029942494	2468.114502186976	-11.169477557770731	124.75722891354408	6091589.195905665	1927.906145711584	-7.691317100224069	59.15635873619918	3716822.106672496	2053.650675961438	1506.5727453661605	1.049003	27.429567	0.0553042299154831	0.0230326709880547	-0.0044480729	-0.0465255695	0.0229403295	0.0809647972	0.0238274758	-0.0237253108	-0.0006174491	-0.0792352302	0.0901524393	-0.0289747153	0.005664099	-0.031660304	-0.009053049	-0.0090098642	0.0105589778	0.0030047204	-0.0207249408	0.0225942118	-0.0473433747	-0.1125585545	-0.0142106258	-0.0461775152	-0.0008471046	0.0525624364	-0.0509700845	-0.1484531549	-0.0060751056	-0.0563121761	0.0424196083	0.0488822169	-0.059028548	0.0087970405	-0.0401507656	0.0330063134	-0.0792480585	-0.0529223338	-0.01696122	0.0582709803	-0.0416388988	-0.0091677049	-0.018263575	-0.0860375074	0.034080382	-0.0542995722	-0.0090295218	0.0085412269	-0.0362890361	0.1669011038	-0.011255094	-0.0196619845	-0.048490133	-0.0584659988	0.0133306388	-0.0456703054	0.0539331721	0.0055597012	-0.0043268966	0.0515076812	0.0384463519	-0.0273130164	-0.0193555361	-0.0075223959	-0.0155327685	-0.0268442234	0.0235890167	-0.0908556205	-0.0982535051	0.0155395112	-0.0027552305	-0.0360986479	0.0107608582	-0.0427768601	-0.0303260381	-0.1111725236	0.0139924192	-0.0136041481	0.0674077672	0.0114683407	-0.0209620574	0.097177395	-0.0413506172	-0.0989959116	-0.0267483409	0.0280838139	-0.0911295391	0.0483786287	0.0095874315	-0.0772844316	0.0744988191	-0.0199148766	-0.0341898202	-0.0405334129	-0.0483885305	-0.0115994757	-0.0073592295	0.0387990893	-0.0285240563	-0.001386251	-0.0445921083	-0.041059429	0.0160882059	-0.0018040856	0.0291972535	-0.0627943641	-0.1048497123	-0.0317254606	-0.0361410773	0.0466539358	0.0176352815	0.0248319405	0.0111168982	0.065229153	-0.0987528849	0.0110029853	0.0001788064	-0.0553921694	-0.0713584036	0.0478904822	0.0347671367	-0.0194812117	0.0204394632	-0.0662602257	-0.0707500042	0.0477280994	0.0760192484	-0.0108154736	-0.0576122324	-0.123803089	-0.0154418729	0.0144576603	-0.0131399091	-0.0692258293	0.0305554262	-0.0541282531	0.0068508639	0.0077334791	-0.012659238	0.0049618711	-0.0510508491	-0.0178113211	0.0733236445	-0.0738788195	0.0190607341	0.0500436514	-0.0816395852	0.0520454508	0.0078844128084369	-0.0090759138149963	6.216396533384383e-05	8.237221157724068e-05	0.184041746678659	0.0091902107709387	8.44599740142778e-05	0.0338713645205316	-0.2778581345106374	0.0164069837600849	0.0772051429137314	0.0002691891161036	-0.0020449233818384	-0.0001099486875036	1.208871388378626e-08	4.1817116375893984e-06	-0.0003179691115928	-0.0002189448275339	1.0110435592711449e-07	4.793683750387761e-08	0.0004581752993161	-8.37289163516e-05	7.010531433413229e-09	2.0992460490339787e-07	0.0	0.0	0.0
1799.4173421933413	2.417257887764663	5.84313569596048	3237902.7713861484	2462.2779246363148	-5.836577550661332	34.06563750488383	6062812.578151317	1932.0447178637887	4.138572152204688	17.12777945900414	3732796.791825367	2059.2114371596967	1484.8925311858704	1.006206	26.310522	0.128098648083287	0.0728164625034123	0.0380073864	-0.0205877335	0.0149929788	0.1136335506	-0.0261329816	-0.1192193511	0.019640263	0.1031459708	0.0525834008	-0.0537955918	-0.0389305653	-0.1391133162	-0.0221631929	-0.0271371871	-0.0684836282	0.0012081963	0.0712314858	-0.0272108466	-0.0850309547	-0.0031536364	0.045193718	-0.0306775146	-0.0111573523	0.0135959964	-0.0140727274	-0.0063951655	-0.0179284812	0.0955387761	0.0531075039	0.0268603431	0.0004090388	-0.0579782813	0.004372371	-0.051431271	0.053996767	0.0089862591	0.0283797646	-0.1021392951	0.0117258607	0.0108519743	-0.0151691018	0.0040878107	-0.0987879692	-0.0922759793	0.0394069314	0.092493257	0.1310834364	0.070634147	-0.0486045565	-0.0318337943	0.0891125674	0.0403840635	-0.021538033	0.0021068459	0.0053286578	-0.0002402274	0.0157444698	-0.0261383359	-0.0677482896	-0.0745503762	-0.032192915	-0.0407223455	-0.0391125861	0.0660112962	-0.0492790334	0.017939779	-0.0468439918	0.012723505	-0.0768171048	0.0175909302	-0.083539334	0.0638723261	0.0662014807	-0.1025757361	-0.0254149141	0.0466129069	0.0354303515	0.024856042	-0.0640843176	-0.1198344054	0.0219359735	0.0595598064	-0.0461042458	0.0086546012	-0.0276434322	0.0343502211	0.0047236472	0.0384034427	-0.0266622914	0.086598937	0.0457712002	-0.0483913644	0.0711533292	-0.0666323671	0.09043615	0.0836441688	-0.0008209443	0.0115863975	-0.0529876511	0.0982063836	-0.0448836514	0.0529240104	-0.0331957149	0.0630264729	-0.0284907696	0.0030957883	0.0001721128	-0.0361718237	-0.0607827806	0.1018645779	-0.0104400207	0.0089407072	-0.0125668116	-0.0403762483	0.0133067627	-0.0890683161	0.0205611572	-0.057251212	-0.0014628848	0.0005486517	-0.019199902	-0.0305478974	-0.0046212595	0.1272984283	0.1273304888	-4.74746e-05	-0.0571273677	0.0483173801	-0.0224985522	0.0291012361	0.0053652141	0.0030606031	0.0024266044	-0.0066580186	0.0222748157	-0.0447363946	-0.049251667	-0.0340069505	-0.0517153317	-0.0161386543	0.0721591615	-0.0752698111	0.0231897558	0.0458939156	-0.0813264124	0.0571272725	-0.0045801403109919	-0.0124645531194288	2.0977685268372977e-05	0.000155365084467	0.1692509133300319	-0.0147908333486271	0.0002187687511468	0.0286458716630499	-0.3480955467240036	-0.0702374122133662	0.1211705096490829	0.0049332940744303	-0.0020630023468602	-1.807896502179981e-05	3.2684897625946117e-10	4.2559786831506925e-06	2.428758349992677e-07	0.0003182119874277	5.89886712265915e-14	1.0125886894274987e-07	0.0007340013349038	0.0002758260355876	7.608000190802712e-08	5.387579596405603e-07	0.0	0.0	0.0
1800.6378271673866	1.2204849740453485	1.4895835718704744	3242296.5846260875	2461.3832231426604	-0.8947014936543383	0.8004907627473039	6058407.371168152	1933.434473953848	1.3897560900593362	1.9314219898570135	3738168.865073193	2060.1495129091104	1504.7627901177168	1.014276	26.521521	0.0915837222039129	0.0401549367263493	0.0096023004	-0.037362809	-0.0077626627	-0.0056273926	0.0266823532	-0.1085281602	-0.0329170562	-0.0105025153	0.082398898	-0.0404018707	0.074335903	-0.0913083519	-0.0351970439	-0.0302606016	-0.161855406	-0.0423511438	0.0224149503	0.0348718956	0.0240639402	-0.0320949349	0.0223130786	-0.0456126775	-0.029110442	0.0985096613	-0.0014512914	-0.047718288	-0.0256140216	0.06179019	0.0447586088	0.0386278314	0.0667390428	0.0738996969	0.0262593959	0.0366795092	0.0832455693	-0.0568118281	0.0839978453	0.0625115826	0.0078265096	-0.0050266191	0.0543827744	0.0845588104	-0.0649254915	-0.0125134575	-0.0496652942	-0.0338576426	0.0594370283	-0.0027281068	-0.0175643108	0.0197029908	0.0233091791	0.0529381089	-0.0369697413	-0.0090205403	-0.0284763585	0.0571852328	-0.0451815031	-0.0652130458	0.0420839855	0.0676838871	0.0470351401	0.0036425307	0.0164188604	0.0587516944	-0.0593229615	-0.0525259955	-0.0471469835	-0.0180487381	-0.057530584	0.0268322519	0.0426170095	-0.0483718392	-0.0697428465	-0.0631091874	-0.06308338	0.0427890942	0.0004520141	-0.0567956925	-0.031961221	0.0337345545	0.0425632751	-0.0170381637	0.029572049	0.0746474989	-0.05251492	-0.0053022054	-0.0597106204	0.0572775568	0.0341497505	0.0517928858	-0.0525683995	0.0048211028	0.1161262941	0.031798371	-0.0010397954	-0.0313634005	0.0181266057	-0.0652072889	0.0125185564	0.0401510999	0.0745982065	0.0339283239	0.0494805443	-0.0118743989	0.0001250846	0.082239952	-0.0013468781	0.0516615378	-0.003508944	0.0704284071	-0.0101416617	-0.0740377385	-0.0121997439	-0.0499668762	0.0380031359	-0.035651832	0.0451334733	0.065224475	0.0401628861	-0.0008153718	0.0586087565	-0.0564241695	-0.0671164916	0.0957309894	0.09577893	-0.0012494732	0.015526328	-0.0979790263	-0.0476554266	-0.0571478708	0.0054264924	-0.0625718519	0.0002740463	-0.0185634837	0.0209224267	0.0510453374	-0.0298244376	-0.0038763679	-0.0523741431	-0.0144589085	0.0709234662	-0.076528754	0.0272552159	0.0415630576	-0.0805764318	0.0618083875	0.0121038668287809	0.0166840071397727	0.0001465035922088	0.0002783560942399	0.1850583821766207	0.0158074688465888	0.0002498760713358	0.0342466048138282	-0.3240251095781872	0.0240704371458164	0.1049922716371562	0.0005793859443906	-0.0020128650248533	5.013732200689989e-05	2.5137510580235682e-09	4.051625608277676e-06	-0.000482069863477	-0.0004823127393119	2.323913532727334e-07	2.3262557850264458e-07	0.000566015214788	-0.0001679861201157	2.8219336551559977e-08	3.203732233715058e-07	0.0	0.0	0.0
1798.906788605599	-1.7310385617875	2.996494502395336	3236065.6340913097	2459.323250606142	-2.0599725365182167	4.243486851209296	6048270.850971961	1928.070867823804	-5.363606130043991	28.76827071824547	3717457.271350837	2054.5562091776337	1473.0031631019026	1.033735	27.030342	0.0908876620519007	0.039801817786031	0.0156364095	0.0198699332	0.0074283031	0.1059868698	0.0367073661	-0.0698412357	-0.0034933365	0.0453596486	0.0287024496	-0.0483497193	-0.0441048059	-0.085994178	0.0165678899	0.0181665909	-0.0668865631	-0.0446255997	0.0171072573	0.0107706337	-0.1200952385	0.0224051141	-0.0688688829	0.0218054043	-0.0801372979	0.0634020091	-0.0241477137	-0.0120108821	-0.041217512	0.0519208688	-0.0446808734	0.0458002019	-0.0097529205	0.0957162012	-0.0249137798	-0.1011452583	0.1188813627	0.0192430352	-0.0100556848	-0.0162808869	0.0351987796	0.0276324017	-0.0680411036	0.0140248929	0.0290269706	-0.0200288869	-0.0487863728	-0.0275349279	-0.0288879216	-0.0140677841	-0.0717921503	0.0235609803	0.0462914794	0.0068349378	-0.1156405008	0.0048523857	-0.1050750623	-0.0349801982	-0.082138543	-0.0480377056	-0.04762882	0.0195993156	-0.0530340532	-0.0684958481	0.0635593307	-0.0529230156	-0.0640464516	-0.0351247946	-0.0167235977	0.0274034543	-0.0182425699	0.0131205156	-0.0346837101	0.061467883	0.0321707199	-0.075347869	0.0577368341	0.0890821332	0.0597872069	0.0121026143	-0.0400505263	0.0400858441	-0.0216348285	-0.0106449176	0.0296225367	0.0295466384	0.0788162835	0.082568789	-0.0334358731	0.0509494371	-0.04901725	0.0617681998	-0.0388960735	-0.0389633402	-0.0214563691	-0.0495924491	0.0259171615	-0.0282455327	0.0831770211	0.0393053893	-0.1227480632	0.0034161521	0.0744624244	0.0349400988	0.0337722883	-0.0243293811	0.065495002	-0.0103459217	0.0545762624	0.0755219704	-0.0963747872	-0.0343269424	-0.0111501808	-0.0150784221	0.0223457042	-0.049658102	0.0111959428	-0.0269072185	-0.1039966989	-0.043035731	-0.0010037495	-0.0352502502	-0.0165394917	-0.0429097841	-0.0219586816	0.0684113486	0.1280276487	-0.0203459659	-0.0314680283	0.0145125428	-0.0009398858	0.0765987727	-0.0472322395	-0.0462714912	-0.058030883	0.0629006857	-0.032728294	-0.0520531616	-0.0358282806	-0.0262404696	-0.0530272111	-0.0127728206	0.0696177779	-0.0776534394	0.0312459714	0.0370681691	-0.0793936715	0.066055961	0.0288985024274381	0.0167946355986572	0.0008351234425486	0.0002820597848916	0.1761127030625573	-0.0089456791140634	8.002517481179031e-05	0.0310156841800004	-0.2933858198242021	0.0306392897539851	0.0860752392739191	0.0009387660766286	-0.00184169570826	0.0001711693165932	2.9298934943017317e-08	3.3918430818233035e-06	-0.000742259916203	-0.000260190052726	5.509497832016845e-07	6.769886353755867e-08	0.0008248169971726	0.0002588017823846	6.697836256544589e-08	6.80323078824825e-07	0.0	0.0	0.0
1801.2395001655173	2.3327115599181525	5.44154322177578	3244463.7369565223	2476.6148218615303	17.291571255388135	298.9984364801652	6133620.97586422	1933.1531581127736	5.082290288969489	25.82967458135357	3737081.13272139	2063.033364057085	1495.3358338526773	0.938533	24.540981	0.0942508192407248	0.0449760208636645	0.0044676407	-0.0348063678	-0.0408732746	0.034417346	0.0230632087	-0.0984312277	-0.0630429576	0.0520852694	0.057093392	0.021819253	0.0379840052	-0.0606552558	-0.0107793156	-0.0514844908	-0.0239286118	-0.024894009	0.0534879975	-0.021565055	-0.0355035639	-0.057846198	-0.0153409462	-0.0594568524	0.0396480856	-0.0525115934	-0.0091258161	-0.0854567329	0.0849201788	0.0380815987	0.0888848878	0.0346120767	-0.0559511084	0.063332902	-0.0110688282	-0.0445965311	-0.0357032644	-0.0322632352	-0.068824675	-0.0469970612	0.090255529	0.0047414418	0.0803580053	-0.071932201	0.0186407992	0.0445837532	-0.0788373458	-0.0047710532	-0.0012947556	0.0270109442	-0.0059047792	-0.0277384571	0.0063170082	0.0364339787	-0.1015190469	-0.0629858472	0.0186831614	-0.0029068335	-0.0250690632	0.0883654424	-0.0861198981	0.0750337502	0.0534891797	-0.027471673	-0.0046569213	0.0670670315	-0.0778103397	-0.0032729093	-0.0613330737	-0.0472396313	-0.0608788004	0.0935779437	-0.0416034648	-0.0205587455	-0.0393198271	-0.0747115552	-0.0248020785	-0.0319685144	0.0688877834	0.042931001	-0.0168035666	0.0698890147	-0.0128337193	-0.0181178728	-0.0444566368	0.0159478845	-0.0061288363	0.0123319718	-0.0482490807	0.0132076791	-0.0228374854	0.0176961974	0.0179309353	0.0020341115	-0.0565707124	0.0672743995	0.0007689845	-0.0208037576	0.0075446674	0.0526936443	0.0910125611	0.0496160707	0.1198438169	0.1211575694	0.0095895035	0.0531256615	-0.0508511012	0.0290918109	0.0315796945	0.0504830948	0.0311385592	-0.0537204743	0.0196619768	0.0946365497	-0.0532548417	-0.0707328846	0.0027496508	-0.0299520594	-0.0031256557	-0.0388098463	0.0018997208	-0.0215390216	-0.0250459257	-0.0141115168	-0.0235980968	0.1061384717	0.0816983519	0.0589818116	0.0124645188	-0.0932795268	0.0023027231	0.0099806148	0.0067751857	-0.040962277	-0.0563744413	0.037217014	-0.0101855949	0.0091500483	-0.0022282518	-0.044850061	-0.0536744641	-0.0110811301	0.0682433853	-0.0786418943	0.0351510839	0.0324269895	-0.0777844842	0.0698401994	0.0283820793330846	-0.0005164230943534	0.0008055424272695	2.666928123816432e-07	0.1551367005424566	-0.0209760025201007	0.0004399926817232	0.0240673958551998	-0.3008878397573227	-0.0075020199331206	0.0905334921138283	5.628030307693892e-05	-0.0025248948277396	-0.0006831991194796	4.6676103685770083e-07	6.375093891146185e-06	-0.0004141711957534	0.0003280887204495	1.715377793918012e-07	1.0764220848625577e-07	0.0005309773632388	-0.0002938396339338	8.634173047034963e-08	2.819369602720286e-07	0.0	0.0	0.0
1806.2594234577875	5.019923292270278	25.199629860277664	3262573.104830059	2473.8426099755297	-2.772211886000605	7.685158740883031	6119897.258930541	1937.1300793745384	3.976921261764801	15.815902722276936	3752472.944417605	2061.4195371667925	1474.0449387367985	0.940453	24.591194	0.1031283422037644	0.0516149066542634	-0.0073416699	0.0326523688	0.0371155532	0.0431193792	0.0453270014	-0.1022084682	-0.0249565307	0.0826091092	-0.016799524	0.004836659	-0.0426663854	-0.0398869489	0.0234578536	0.0131021779	-0.0467345795	-0.0355364642	0.0717772124	-0.0782085077	-0.007284743	-0.0224552826	0.0316355595	-0.042047467	-0.0359101096	-0.0494293547	-0.0523121621	0.0185594478	0.0235525514	0.0037889397	0.0318751714	0.0252712696	0.0537497849	-0.0379257569	0.0383603532	0.0743465723	-0.0223348582	0.0056559306	-0.0932873642	0.0766056798	-0.0424345213	0.0592572596	0.023681762	0.0011894093	0.0147896427	-0.0521488086	0.017239443	0.0151786027	-0.0237410036	0.011892761	-0.0217194864	-0.0139157781	0.181016687	-0.0433943733	0.0250297655	-0.0459215005	-0.088178861	-0.1004024478	0.0754100442	0.0531891702	0.0002004181	-0.1095471477	-0.0450239325	-0.1205801172	0.0672480187	0.0089271278	-0.0753295315	0.0229925814	-0.0592081473	0.0581516554	-0.0328709977	0.0714444089	-0.0659129393	0.0377797073	0.0733181547	0.0272140372	-0.0251796613	0.040820793	0.0548967348	-0.0214959645	-0.0456708605	-0.021385916	-0.0408983138	0.011498213	-0.0887217351	-0.0043520267	-0.0101354256	-0.0079583575	0.0255705309	-0.0399170834	-0.0257155125	0.0036031854	-0.0721741708	-0.0562225338	0.0517884407	0.0117872397	0.0432816239	-0.0374407717	0.0764108163	-0.0024690449	-0.0583157102	-0.0017851247	-0.035837112	0.0246697424	-0.0302690857	0.0980280977	0.067530709	-0.0265472087	0.0167376957	-0.0069351456	0.0256667798	0.0681257633	0.0940214966	0.0198427709	-0.0066323769	-0.0057093073	-0.0002174533	-0.0126794764	0.0543649146	-0.018734643	-0.0137826954	-0.0596561994	-0.01247207	-0.024173847	-0.0068955112	0.0644303401	0.1098955449	0.0538074057	-0.0710899313	0.0240337253	-0.0460012663	0.0336416113	0.0407215266	0.0263515297	-0.0808280524	-0.0306229487	0.0486925267	0.0597166558	-0.0143978897	0.0430200745	-0.054315831	-0.009384579	0.0668016447	-0.0794923845	0.0389598496	0.0276578354	-0.0757575129	0.073134559	0.0159044940868682	-0.0124775852462164	0.0002529529321592	0.0001556901335765	0.2013059589762633	0.0461692584338067	0.0021316004243276	0.040524089119353	-0.320170863825389	-0.0192830240680663	0.1025093820426957	0.0003718350172096	-0.0022878715803344	0.0002370232474052	5.61800198105068e-08	5.234356368101824e-06	-0.0003533441518501	6.08270439033e-05	1.2485208964666653e-07	3.699929270013986e-09	0.0007370965610438	0.0002061191978049	4.24851237037767e-08	5.433113403025964e-07	0.0	0.0	0.0
1804.761853013562	-1.49757044422563	2.242717235418151	3257165.3460929454	2481.2422015310704	7.39959155554061	54.7539551888279	6156562.862658753	1927.3622924324093	-9.767786942129078	95.40966174682733	3714725.406290312	2058.7579633373603	1523.0268497536738	1.094471	28.618488	0.0214887031354113	0.0111764743495338	-0.0119004852	-0.0253954364	-0.0398058619	-0.0650472644	0.0104813934	-0.017103892	-0.0590478156	-0.0126678027	0.034896182	0.0425223634	0.0171942453	-0.0292549234	-0.0113588423	-0.0355739796	-0.0001867626	-0.010251814	-0.0527636668	-0.0233610157	-0.0986958605	-0.0166223129	-0.0129936814	-0.1699183141	-0.1006399117	-0.0636434528	-0.0914077585	0.0390989023	-0.1212083987	-0.2613994988	0.2927861615	0.0225123506	0.0953423874	-0.0966071107	-0.0535648728	0.1178194694	0.0290562437	-0.1071262243	-0.0445944232	-0.1396837531	0.0364789202	0.0646953012	-0.0638091016	0.0172677549	0.0788816169	0.0523187346	0.0588346024	-0.0741597027	-0.0109559887	-0.1766517226	-0.0574532122	-0.0471282461	-0.107708215	0.0406335702	-0.0490387479	0.0466166344	0.0944452881	0.1284540981	0.0150785989	0.1990606802	0.0275680677	-0.0533820325	-0.0026066426	0.0486282024	-0.1790117704	-0.0790886771	0.1001667946	-0.0405343769	0.0092345022	-0.0762107928	-0.004013706	0.0663249989	-0.0266623398	-0.0443379428	-0.0326914149	-0.078905028	0.005825636	-0.047186147	0.007586418	0.0516994647	-0.0603719234	-0.0234162237	-0.1000915775	-0.1426990307	0.0467971187	0.0346999804	-0.08247568	-0.0195377726	-0.1115631414	-0.1355242245	0.1093186024	-0.0695197199	-0.1012311449	0.0998968129	0.0409530274	0.254794408	0.2416701912	-0.2881294656	-0.1174760195	0.1085521575	-0.0894321462	-0.0650320184	-0.0314196771	-0.0254744108	-0.1579138575	0.0002173775	0.1486454433	0.0542948695	0.033274342	-0.0880590285	-0.1034908587	-0.1449959603	-0.1181322381	0.0105515281	0.0724444032	0.0734927502	0.0177284355	-0.0237544896	0.0135118069	0.0562576264	0.0373963115	0.0346740257	0.0339264838	-0.0164615522	-0.038496922	0.0257162668	0.0991335982	0.0984872231	-0.0012430605	-0.0942225588	-0.0640751884	0.0036200971	-0.0011945414	0.00723183	-0.0317411491	0.0583594433	-0.0437086114	-0.0110717238	0.0161971994	-0.0508202824	-0.0549512416	-0.0076839116	0.0652939789	-0.0802034182	0.0426618292	0.0227795284	-0.0733236445	0.0759159322	0.0077406856796784	-0.0081638084071897	5.991821479157825e-05	6.664776770930281e-05	0.2015284819468235	0.0002225229705601	4.9516472426931436e-08	0.0406137290357911	-0.3214469994180504	-0.0012761355926613	0.103328173434868	1.6285220508572013e-06	-0.0024024023795736	-0.0001145307992392	1.3117303974369998e-08	5.771537193380896e-06	-0.0002988047617651	5.453939008499999e-05	8.928428565349818e-08	2.974545070843795e-09	0.000669642027068	-6.745453397579999e-05	4.550114153892355e-09	4.4842044441574003e-07	0.0	0.0	0.0
1802.9089471621448	-1.8529058514170629	3.43326009421559	3250480.6717573134	2476.554231490212	-4.687970040858545	21.977063103987263	6133320.861512073	1932.5742036113588	5.211911178949549	27.16401813725928	3734843.0524640777	2059.0794838491406	1493.170756543307	1.162464	30.396374	0.1350293680537098	0.0830793286041363	0.0837903817	0.0251102899	0.0640065551	0.0806758418	0.0576292036	-0.0475929172	0.034931641	0.1048452862	-0.007730982	0.0150881666	-0.0043248315	-0.0017587639	-0.0376330452	-0.0480495743	0.0062216598	-0.0704026946	0.0661296405	0.0178930208	-0.0505655125	-0.0831737279	0.0131866925	0.0160150272	-0.0017357084	-0.0127436547	-0.0426389612	-0.0052302975	0.1342906807	0.0508316034	0.0185244462	-0.0160964126	0.0008598751	-0.036254305	-0.0447916581	-0.0298230499	-0.0031387581	0.0551052783	0.0095121746	0.020543511	-0.0184927662	-0.1202513809	-0.0807220236	-0.0144030196	0.0639242478	-0.0447850754	-0.0138893553	0.0179613896	-0.0057582891	-0.1192229279	-0.0399107529	0.0057328772	-0.027236898	-0.0530275573	0.0832886773	0.0971675931	0.0777909959	0.0388262155	0.0095480717	0.0945648253	-0.0252726744	0.0299278441	0.0538300443	-0.0117945194	0.0894536077	0.0837477945	0.0619944214	0.0708688343	-0.0221988277	0.0303911914	-0.0713050038	0.0054301988	-0.0230247611	0.0290983569	0.026697261	-0.0276906327	0.0423730611	0.0781885357	0.0083838006	-0.0007587201	0.0456760373	0.0827789329	0.02349916	0.0254166227	-0.0487117662	-0.0009082167	0.0217011256	-0.039311409	-0.069563974	-0.0678397609	-0.0438527473	0.0607355343	-0.0493134445	-0.0171947386	-0.0802358905	-0.0135029286	-0.0180852628	-0.0336414032	-0.0977208605	0.0822945067	-0.0168733478	-0.0958438388	-0.0316889639	0.0047050673	0.0915245289	-0.0118090718	-0.0967589851	-0.0660346221	-0.0795030256	0.0027640802	-0.0658432099	-0.00649913	-0.0254834329	0.0673515041	0.097769836	0.0306016689	0.0686264248	-0.0534225433	-0.0929431475	-0.0212811224	-0.032426002	-0.0863540782	0.0195571823	-0.0862048895	-0.0231474076	0.02134752	0.1127295011	0.0131552279	0.0152872728	0.0514476427	-0.05782216	-0.070973521	0.0147131805	0.0732031182	-0.0199337259	-0.062772158	0.0767208393	0.0402086781	-0.028130971	0.0029094535	-0.0555806262	-0.0059798738	0.0637218759	-0.0807737477	0.0462468756	0.0178113211	-0.0704959515	0.0781648097	0.0214177070791521	0.0136770213994736	0.0004587181765283	0.0001870609143616	0.2107613073761598	0.0092328254293363	8.524506540859934e-05	0.0444203286869081	-0.3464776919629102	-0.0250306925448597	0.1200467910279452	0.0006265355692752	-0.0009108914411249	0.0014915109384487	2.224604879512121e-06	8.297232175145972e-07	-0.000409741603444	-0.0001109368416788	1.6788818159286017e-07	1.230698284168932e-08	0.0005303132335948	-0.0001393287934732	1.9412512690697618e-08	2.812321257257729e-07	0.0	0.0	0.0
1809.492082247935	6.583135085790218	43.33766755776218	3274261.595717968	2477.1784340577105	0.6242025674987417	0.3896288452720212	6136412.994160611	1935.4970599797769	2.9228563684180244	8.543089350401802	3746148.86919036	2065.228713376572	1496.9818987271383	1.130416	29.55839	0.1027364781548817	0.0544910382619871	0.0370805947	-0.0301750464	-0.096173184	-0.0370902298	0.030548043	-0.104810761	-0.1179200987	0.0738303508	0.0632143523	-0.0278410129	0.0930764686	0.0084326655	0.043658631	-0.0742373721	-0.0318516415	-0.0458896696	0.0556444755	0.0043763989	0.0186332123	-0.0623550038	0.0740457456	-0.0241202959	0.0359282289	-0.1135223838	0.0558789502	-0.0447328065	0.0532198325	-0.0349431864	0.0129641372	0.0223538957	-0.0365882922	0.0330398008	0.0338258368	0.1175056696	0.0020268484	0.0409017174	-0.0157104879	-0.0329259183	0.0548979685	0.0692868001	0.0506562825	0.011083725	-0.0006711451	-0.1390219927	-0.0102355936	0.0440111614	0.0643002641	0.081168616	-0.0568732956	0.1622101467	0.0815121235	-0.025305499	-0.0054177718	-0.0005633113	0.0488040755	0.0073892401	0.1023516488	-0.0014152472	-0.0119008963	0.032488328	0.0019460296	-0.0294724129	0.0155405993	-0.0202648413	0.1590445304	0.0671345296	-0.0908659111	0.0487869736	-0.0660713135	0.1198435491	-0.006887615	-0.0222410118	-0.0189979569	0.0012321808	-0.1135084129	-0.0445232092	0.1114243876	0.0583724334	0.0517076951	0.0520308713	-0.030496788	0.0317469264	-0.1220811807	0.0078127624	0.0240000502	0.0280763721	-0.011986354	0.0192146925	-0.0103173465	-0.012063683	0.0708382597	0.0698355004	0.0213195233	0.0034821274	-0.0188039067	0.0091290636	-0.0177566787	0.0247697256	-0.0424968062	-0.0541065836	0.0337748861	-0.0660547495	-0.0106767355	0.1006638816	-0.0037093141	-0.0429722341	-0.0299208056	-0.0359353857	0.0531031996	-0.0420405507	0.0420538814	-0.0963981891	0.085890818	-0.0143801893	0.0475364446	-0.012095587	0.0672451807	-0.0372319278	0.0215853254	0.0309795986	0.026924005	0.0192185838	0.002561415	0.0830681203	0.0867412006	0.0581477761	0.0317374593	-0.0332255882	0.0116322929	-0.1231581596	0.0548178394	0.035843895	-0.1086093777	-0.0186348759	-0.0267233948	0.0511340644	0.0009656862	-0.0046687472	-0.0562039158	-0.0042732129	0.0620868871	-0.0812023727	0.0497051625	0.0127728206	-0.0672896215	0.0798654172	0.0160696625839307	-0.0053480444952213	0.0002582340555613	2.8601579922867905e-05	0.1992871229664814	-0.0114741844096784	0.0001316569078673	0.0397153573802574	-0.3670774695816021	-0.0205997776186919	0.134745868674432	0.0004243508379395	-0.0016777671532404	-0.0007668757121154	5.880983578326551e-07	2.814902620492396e-06	-0.000461354535175	-5.1612931731e-05	2.1284800712654034e-07	2.6638947218688673e-09	0.0010181140223741	0.0004878007887793	2.379496095337073e-07	1.0365561625547697e-06	0.0	0.0	0.0
1810.2903178784304	0.7982356304953555	0.6371801217923178	3277151.0350043885	2461.162885994747	-16.015548062963717	256.4977797571009	6057322.751397992	1928.6716844453583	-6.825375534418527	46.58575118583899	3719774.466381296	2046.565449760248	1497.9108744236787	1.203552	31.470768	0.0827816648930324	0.0712672711927566	0.0098475092	0.082601211	0.0858505966	-0.0016614068	0.1104868788	0.0189076485	0.0293328705	-0.008506953	-0.0822891872	-0.0606452477	-0.0693612859	0.0256081316	-0.0071314389	-0.0265020388	-0.0541274977	-0.0458709506	-0.0698117901	0.0471409947	-0.0310397291	0.0561223017	0.0478810912	0.0793286423	-0.033072808	0.0538099924	-0.1010333611	0.029610052	0.1294853909	0.030663662	0.061265238	0.0032843824	-0.0320900625	0.0917293019	-0.0219056313	0.0028971793	0.0357007116	0.0603279938	0.0298216926	-0.0024700557	-0.0464259328	0.0380219614	0.0782327679	-0.0449971459	0.0267497003	0.0008499849	0.0677827937	-0.0670886729	0.0778267	0.0116182504	0.0070367256	-0.1013774234	0.0093000794	-0.0979652691	0.0300316709	0.0128939051	-0.0884883971	0.0165245588	0.1495638199	-0.0559328013	0.0613521568	-0.0334816856	-0.102189447	-0.053799367	-0.049404059	-0.0794342288	0.0022939512	0.0068602717	-0.0769088473	-0.0557830682	0.072791295	-0.0536686045	0.0338973716	0.107042177	0.0692919668	0.0065849123	-0.0760033545	0.0367593837	0.0018760459	0.0106196157	0.0035247961	0.0334269578	0.0848215374	-0.0470523516	-0.0635493045	0.0722515221	-0.0376174456	0.0025499437	-0.0752865158	-0.0075167874	-0.133219542	0.0158998851	-0.0127038054	-0.0794682154	0.0155803116	0.0404091528	0.0025130688	0.0051638819	0.0102970447	0.0194582236	-0.0555457966	-0.004853086	-0.0559979794	0.0978554387	0.073208622	0.0473460274	0.1238917319	0.0462133148	0.1082945202	0.0617232675	0.0486370978	-0.0152876413	-0.0653146482	-0.0994504203	0.0014532905	-0.0320097653	0.0254341881	-0.0073711332	-0.036549034	0.0875972316	-0.0392932376	-0.0763957037	0.0644929289	-0.1003567587	-0.0395432563	-0.0425258911	0.0427871168	0.0011310701	-0.1144732537	0.0441496569	0.0183456182	-0.0882137307	-0.0183855282	0.0585666461	-0.0859710561	-0.0500252295	-0.0024550535	0.0435128601	-0.0322273365	0.1167637036	-0.0568210419	-0.0025646777	0.060390626	-0.0814885411	0.0530272111	0.0076839116	-0.0637218759	0.0810058262	0.0142592291698662	-0.0018104334140645	0.0002033256165187	3.2776691467612472e-06	0.1992895638457668	2.440879285386943e-06	5.9578916858310746e-12	0.0397163302578359	-0.2960611232024845	0.0710163463791175	0.0876521886719167	0.0050433214530388	-0.0015552496363833	0.000122517516857	1.5010541936829736e-08	2.4188014314703877e-06	-0.0004613512886388	3.246536199976498e-09	2.1284501152868137e-07	1.0539997297757842e-17	0.0010946421433921	7.652812101799984e-05	5.8565533065456306e-09	1.1982414220900503e-06	0.0	0.0	0.0
1809.876927320423	-0.4133905580074497	0.1708917534497106	3275654.492046816	2478.977361101757	17.814475107010367	317.355523338292	6145328.756855032	1930.0628503514088	1.3911659060504462	1.935342578157159	3725142.6063066046	2057.4053824371863	1478.0102033208552	1.240571	32.438747	0.0649972859322216	0.036114008675742	0.0356097117	0.0481330875	-0.1387714096	0.0515444052	-0.0341049742	0.0449177099	-0.0795014348	0.0303645831	-0.0299340475	0.0329649301	-0.0021375758	0.0497528425	-0.0339826108	-0.0798321007	0.0737547149	0.0133212775	-0.0262776627	0.0395636043	-0.0326339704	0.0929948545	-0.0266303394	-0.0459358982	0.0305761658	-0.0355564964	0.0953878899	0.0566500592	0.0271447193	0.1074202989	-0.0282683001	-0.0491344449	-0.0283293247	0.0141231237	0.0652992275	-0.0546153973	0.0107491834	-0.060387893	0.132415887	0.140082691	0.0151025337	0.112055163	0.0139329384	-0.0165676478	0.006680399	-0.0541861258	-0.0245006122	0.0189361712	-0.0060172056	-0.0512346874	-0.0048787172	0.0407848721	0.0599631865	-0.0027150856	-0.0568250451	-0.0021023237	0.0887693985	-0.0519148993	-0.1051854427	0.0228026103	-0.0305289608	0.0551751643	-0.009312965	-0.071407352	-0.0586393353	-0.0940545017	0.0432296184	0.0378580393	0.0531692459	-0.0538728087	0.0257447877	0.0930050339	0.0544380216	0.04434773	0.0178746416	-0.0203675249	0.035547886	-0.0318390915	-0.0148218387	0.0612906212	0.0946284205	-0.0102675727	0.0792548072	0.13112598	0.0895387369	-0.1127879587	-0.016224757	-0.0272347201	-0.0088441028	0.088449903	-0.0607472707	-0.0354233761	0.0159647916	0.0062376676	-0.0124650013	-0.0119556186	0.0192063686	-0.0321030865	0.0658526174	-0.0319346307	-0.0982405406	-0.020246514	0.1166173904	0.0013321562	-0.0121352725	-0.0375470619	-0.0066052694	-0.0556573881	-0.0484370502	0.1024910181	-0.0615821124	-0.0427746209	0.0873431636	-0.0685097488	0.0137788305	-0.0588815654	0.0129704131	-0.0461640879	-0.0617089754	-0.0743088601	-0.0354160742	0.0800328159	-0.073326257	0.1016833399	0.0054071895	0.008818055	-0.0358217688	-0.0459059258	0.0187385182	0.0680125093	0.0005158518	-0.0549395012	-0.0796207377	-0.0513138381	-0.0878950142	0.0720881919	-0.079042432	0.0067049252	0.0383186003	0.0475149545	-0.057431937	-0.0008550176	0.0586347667	-0.081631751	0.0562039158	0.0025646777	-0.0598118772	0.0815780375	0.0061772676968416	-0.0080819614730245	3.8158636198442726e-05	6.531810125145394e-05	0.2264900523076676	0.0272004884619008	0.0007398665725659	0.05129774379433	-0.3091191793988557	-0.0130580561963711	0.0955546670722219	0.0001705128316275	-0.0014097920904971	0.0001454575458862	2.1157897655235995e-08	1.9875137384281837e-06	-0.0004611401316134	2.1115702540002243e-07	2.126502209844239e-07	4.458728937578569e-14	0.0009071752502852	-0.0001874668931068	3.514383601115384e-08	8.229669347300153e-07	0.0	0.0	0.0
1815.2716278289404	5.394700508517417	29.10279357659808	3295211.082800731	2477.443808603104	-1.53355249865308	2.351783266125105	6137727.824785854	1939.2304456815943	9.167595330185575	84.0448041380404	3760614.721458435	2061.770353240675	1515.8904707579898	1.227873	32.10672	0.1148754466492465	0.0618040795246898	-0.0260936471	-0.0387218045	0.0190758366	-0.0826762176	0.1372004288	0.0223201648	-0.0479579578	0.0231079502	-0.1003858047	0.0614062618	0.0519405616	0.0680956087	0.0194624832	-0.0106069853	-0.0656552525	-0.0252388686	0.0366372334	-0.0017057582	0.10840817	0.0314136283	0.0576569827	0.049936647	-0.0330372812	0.0807667411	0.0568861846	0.0166806181	0.0637205136	0.009041042	0.024028077	0.0138363553	0.0273725227	0.0665204894	0.1201727945	0.0813719848	0.0193870697	0.0105382868	-0.0381939894	0.0576750224	-0.0098506079	-0.0111589141	0.0216979847	0.0772925282	0.0242308593	-0.0168174301	0.0197342264	-0.0428301277	-0.0295634949	-0.0025857386	0.0239610987	-0.0148497284	-0.0225825062	0.0518491172	0.0688112643	-0.1119934326	-0.0003738068	-0.0064990018	0.0188216319	0.0871067492	-0.0211614311	0.0419728002	0.0142979378	-0.0595877692	-0.0779488004	0.0362472467	-0.0551958693	0.0694502182	0.0292366334	-0.0402891179	0.002376077	0.0511819155	-0.001774819	0.0011168429	-0.0509254566	0.1376053676	-0.0829335103	0.0589474308	0.0338543348	-0.0243348328	0.0886298744	0.0127327826	0.0423125636	-0.0350365216	-0.0400599106	-0.0040071342	-0.0478439894	0.0164647886	0.0483176341	-0.0121638536	-0.0841461959	0.0444388982	-0.0920028984	0.0645451838	0.0665179064	0.0102568163	0.0325767866	0.0304654589	0.0179629274	0.054247905	-0.0201639997	-0.0784146294	0.0198339516	0.0241947352	0.0115178163	-0.0163359012	0.0042047853	0.0150999687	-0.04036833	0.0443629956	0.0432646873	0.039340498	-0.0496274048	0.0222733065	0.0221490811	0.0661544122	-0.0091169286	0.0012723747	0.0893006164	-0.0252650745	-0.0017829028	-0.0092103969	0.0485745251	-0.0945653359	-0.0567987951	-0.0351771257	-0.0502622551	0.0924936045	0.0220579426	0.016217488	-0.0110948358	-0.0952384207	0.0835560979	-0.0065130359	-0.1317450333	-0.0360378662	-0.0138125817	-0.0378253834	0.0416209612	0.048503672	-0.058036534	0.0008550176	0.0568210419	-0.081631751	0.0592265694	-0.0025646777	-0.0555806262	0.0815780375	0.0004250250727153	-0.0057522426241263	1.806463124366461e-07	3.3088295206815426e-05	0.1942922796669961	-0.0321977726406715	0.0010366965630203	0.0377494899381982	-0.3018583802982419	0.0072607991006137	0.091118481756278	5.271920357947387e-05	-0.0022043358512212	-0.000794543760724	6.312997877055956e-07	4.859096544979091e-06	-0.0002569351800463	0.0002042049515671	6.60156867454246e-08	4.1699662244521664e-08	0.0013017191836707	0.0003945439333855	1.5566491537130186e-07	1.6944728331363135e-06	0.0	0.0	0.0
1816.1378418473591	0.8662140184187592	0.7503267257051746	3298356.660589983	2460.727191325805	-16.716617277299065	279.4452931956936	6055178.310130185	1936.005658487636	-3.224787193958264	10.399252446317211	3748117.9096961454	2050.604747823274	1509.0522507308606	1.084628	28.361118	0.0894924364014216	0.0521036189368662	-0.0124038028	0.0912142629	0.0115246177	-0.0939747658	0.0452812102	0.0105034418	0.0486330784	-0.0439667777	-0.0919626819	-0.0394959674	-0.1018742528	0.0628932387	-0.009033569	-0.005949657	-0.0663159373	0.0191229891	-0.0439045867	-0.0180660458	0.0714553858	-0.0025840191	-0.0282862733	0.0656668034	-0.0527694233	-0.0001885433	-0.0473927608	0.0064649648	-0.0713238876	0.0916887699	0.0782595715	0.0173344494	-0.114230669	-0.0647361083	-0.0237667824	0.0328273906	-0.0570850537	-0.0148032166	0.0088478972	0.0757279799	0.1019096198	-0.0170778671	0.0406326086	-0.0946116501	-0.0003241772	0.0203724907	-0.0633479555	0.0050281837	0.0620824282	0.0143418402	0.1245787356	0.039116382	0.0239207846	0.059274655	0.0094338311	0.0290863398	0.0124391627	0.0848566533	0.0748758945	0.0642841305	0.0878378766	-0.0767274925	0.0344347729	-0.0377653405	0.0322922993	-0.0453895306	-0.0134617726	0.0039106396	0.0959340845	-0.0126267569	0.0990984765	-0.0777136128	0.0074312046	0.0506325385	0.0452126707	0.1017107559	0.0224277821	-0.0197330949	0.0382271423	-0.0586193964	-0.0402615435	-0.0189997799	0.0048437086	0.0549989849	-0.0677624492	-0.0077556641	-0.128012781	-0.02195783	-0.0257249705	0.0179335663	0.0387072495	-0.0463568484	0.0217197091	0.0643726629	-0.0230550964	0.087847568	-0.0547266228	0.035264076	-0.0136976123	-0.0268046168	-0.0355598834	-0.0167623418	0.0725040563	0.020802387	-0.0770421832	0.1707884728	0.0540595816	-0.0830934375	-0.0233134865	0.0850542575	0.0020637391	-0.0535518787	-0.0114171277	-0.0246123224	0.0042726133	0.0118555456	-0.0093907577	0.0181170544	-0.0063599053	0.0928661368	-0.0556169358	0.0051884474	0.0219939275	-0.0168251706	0.0219808176	-0.0605603178	0.0411971983	0.0604690279	-0.0286781763	0.0959057849	0.0436998027	-0.0591897415	-0.0406189601	-0.0518897575	-0.0042593383	-0.0234932509	-0.0288460809	0.0208555267	0.0244927196	0.0323888778	-0.0586347667	0.0025646777	0.0549512416	-0.0814885411	0.0620868871	-0.0076839116	-0.0510508491	0.0810058262	0.0076020652368526	0.0071770401641373	5.779139586536278e-05	5.150990551763996e-05	0.2314191239805154	0.0371268443135192	0.0013784025686802	0.0535548109439091	-0.2691877768395869	0.032670603458655	0.0724620591998392	0.0010673683303526	-0.0020939178307128	0.0001104180205083	1.2192139252993404e-08	4.384491881776998e-06	-0.0001308487313147	0.0001260864487316	1.7121390486666552e-08	1.5897792553746394e-08	0.0012878646836085	-1.3854500062199977e-05	1.9194717197349911e-10	1.6585954432860218e-06	0.0	0.0	0.0
1810.6601157746304	-5.4777260727287285	30.0054829278521	3278490.054856998	2478.1441339368566	17.41694261105158	303.34988991666427	6141198.348565653	1934.977055346872	-1.028603140764062	1.058024421189693	3744136.204718852	2059.876994904323	1513.3041408181043	1.172178	30.650385	0.0973672027642321	0.0584527464912996	0.056743418	0.0328169872	-0.0357151534	0.0619321204	-0.0444696158	0.1436533557	0.0034966827	0.0359606338	-0.0227980086	0.0503610479	-0.0134646949	0.0295271768	-0.0761979295	0.0164692651	0.0062096399	0.0262060508	0.036931879	-0.0094583379	-0.0076945216	0.0602218594	-0.0826450512	0.0382546642	0.033743776	-0.058975792	0.0126160771	-0.0469623956	-0.0070899849	0.080617094	-0.1028398536	-0.1119974085	0.015692425	-0.00493797	0.0623102615	-0.0694477137	0.0159138454	0.0420718238	0.0764687007	-0.0692775309	-0.0254964344	-0.0550039016	0.1104301575	-0.0787163789	0.0286077669	0.0263152968	0.017303563	-0.0775205868	-0.0739177281	-0.0262952811	-0.001309071	-0.0171621386	0.101333445	0.04139807	0.0364444265	0.0520488322	-0.0187254219	-0.0124671846	0.049555939	0.0237200778	-0.003246757	-0.0972452972	-0.0574090871	0.0442092351	-0.1808172718	-0.0441596385	0.0063121926	0.0189674137	0.0043399484	0.0393425358	-0.0113981156	0.0147752515	-0.0016444318	0.0257722071	0.0141041984	0.0307785111	0.1180960965	-0.0890438152	-0.0420385896	-0.0098001857	0.057498115	-0.0662735332	0.0643281066	0.065647769	0.0376873078	-0.055020795	-0.0356560191	-0.0496388802	0.0701964983	0.0080411317	-0.0475452317	0.0925312448	-0.00921186	0.0733693522	-0.0343721604	-0.0576070987	-0.0319518432	-0.0020276697	-0.1240272612	0.0295969736	-0.0511826581	-0.012874655	-0.0748592531	0.0865082528	-0.0379618662	-0.0099469041	0.0348450834	0.0309801913	0.0098105082	0.052286809	0.0089455149	-0.0675656609	0.0276748359	0.0256184067	0.0031498852	-0.0695500868	0.0165407531	-0.0290509171	-0.0637319315	-0.0672164227	-0.0442839529	0.0670737852	-0.0483005781	0.0251770328	-1.79312e-05	-0.019768924	-0.0933624012	-0.000233988	-0.0579680824	0.0691423202	-0.0497208177	-0.138171381	0.0310860352	-0.0261951517	-0.0261131006	-0.0338689025	-0.0103317655	-0.0274985143	0.0532987946	0.0435844322	-0.0592265694	0.0042732129	0.0530272111	-0.0812023727	0.064777029	-0.0127728206	-0.0462468756	0.0798654172	0.0063117738596503	-0.0012902913772022	3.9838489255364846e-05	1.664851838082607e-06	0.2195894259714634	-0.011829698009052	0.0001399417549853	0.0482195159984768	-0.3218797481650597	-0.0526919713254728	0.1036065722788022	0.0027764438421644	-0.0016969063960323	0.0003970114346805	1.576180792670689e-07	2.879491316895329e-06	-0.0001739304743122	-4.308174299750002e-05	3.0251809894466866e-08	1.8560365797026422e-09	0.0010968530202364	-0.000191011663372	3.6485455544176424e-08	1.2030865480017126e-06	0.0	0.0	0.0
1810.6913826511327	0.0312668765022863	0.0009776175662092	3278603.2832070705	2486.3266732519155	8.182539315058875	66.95394964248416	6181820.326123937	1937.187145803857	2.210090456984972	4.884499828056041	3752694.0378676937	2064.845718588017	1547.1529405665892	1.153766	30.168936	0.1223144385799723	0.0633541456199702	-0.0180923283	-0.1148860708	0.0044994417	-0.084015371	-0.0248314323	-0.0100328317	0.057583048	-0.0020211938	-0.0102777794	0.105872088	0.1082133075	0.0372929292	0.0201415214	-0.0132220483	-0.0392227218	-0.0458286792	0.0885722814	-0.0343327802	0.0256644006	-0.0189842291	0.0509496562	0.0015294763	0.0665709553	-0.0298668373	0.020949015	0.0468356831	-0.0413197521	0.0046667837	-0.0114660676	-0.0224428732	-0.0062042781	-0.0349014265	-0.0409676099	-0.09725871	-0.095770867	0.0149149517	0.1486008938	0.0841088535	0.0328726517	0.0489536268	0.1252821955	0.0409710927	0.0579356964	0.0007487669	0.0547569794	0.0262294885	-0.0247417204	0.0565380128	-0.0184329971	-0.0541156848	0.0138051539	-0.011065011	0.027991826	0.0667078616	-0.0501813851	-0.0479451401	-0.007737	0.0134555957	-0.0361051319	0.0003971605	0.0495465776	0.0208808556	0.0188562505	-0.0517536308	0.0496030147	0.0555832364	0.0424416903	0.0219443211	-0.0508909982	-0.0315697911	-0.059475335	-0.0765075117	-0.0758267448	0.0857890325	-0.0183984718	0.0258384792	0.021647398	0.0607848316	-0.0144719187	-0.0346820511	0.0020469814	0.032943185	0.0478485722	-0.0792359158	-0.0510539933	-0.0322504987	-0.0263926363	0.0114006778	-0.0544934195	-0.0223682368	0.039559807	0.0241791121	-0.0295692418	-0.0284162061	-0.1556449067	0.0379299118	0.0516921218	-0.0866962907	0.0147999574	0.0427850398	-0.0098961053	-0.0018383437	-0.0806363219	0.0138321562	0.038578364	0.0667098199	0.0581218885	-0.0904938601	0.0351422262	0.0314414974	-0.0471984886	0.0051257757	-0.0748768527	-0.0211239652	-0.0219591796	-0.0070427107	0.0868946514	-0.0546066078	0.0019089675	0.0146847661	0.0149013691	-0.0014132115	-0.0726275105	0.0186529333	-0.0488911212	0.0935459625	0.0745978473	0.0132176946	0.0110785726	-0.0210257143	0.0076042509	-0.0269801531	0.0195654516	0.030314598	-0.0926827794	-0.0381198178	0.0876360416	0.024779026	-0.0598118772	0.0059798738	0.0510508491	-0.0807737477	0.0672896215	-0.0178113211	-0.041194508	0.0781648097	0.0146945712871797	0.0083827974275294	0.000215930425314	7.027129271099352e-05	0.1801106506602394	-0.0394787753112239	0.0015585737000741	0.0324398464812547	-0.2711391869826158	0.0507405611824439	0.0735164587175939	0.0025746045491093	-0.0015512586528017	0.0001456477432305	2.1213265108166774e-08	2.4064034078921456e-06	-0.0004613188666691	-0.0002873883923569	2.1281509674486285e-07	8.259208806148349e-08	0.0010556430626484	-4.120995758800016e-05	1.6982606044047722e-09	1.1143822757176936e-06	0.0	0.0	0.0
1804.7007957246656	-5.990586926467131	35.88713172355891	3256944.962089241	2472.223891451897	-14.10278180001842	198.8884544989308	6111890.969465561	1931.7849152332217	-5.402230570635311	29.18409513830672	3731792.9587226254	2054.850788794786	1516.368105183275	1.200222	31.38368	0.1797266569552988	0.108030607086862	-0.0789387313	0.0700403887	0.0896356202	-0.0908326322	-0.0587578854	-0.02530896	0.0507659675	-0.0405435036	0.0366333121	0.0101623706	-0.069047576	0.0226583862	0.1049849739	0.0544438797	0.0225880111	0.0702299298	-0.0617152826	0.0128538952	0.0290590454	0.0158402921	0.0592542548	-0.0203279183	0.0597175245	-0.0150612733	-0.1612023778	0.080821774	-0.0554297126	0.0454867086	0.0100408343	-0.0114381232	-0.1326179717	-0.0091380062	-0.0329681901	0.0320276959	0.0926778796	0.0701335976	-0.1170323844	-0.0147686113	-0.1367231882	-0.0299081799	0.0022187284	0.0178939032	-0.0777863676	0.0404864209	0.0762139583	-0.0909409694	-0.1354364686	0.0120093561	0.0822957915	-0.0211201928	0.0122579459	-0.0630107904	-0.0217686224	-0.099131484	0.0599980487	-0.0050838731	-0.0256083252	-0.0532589535	-0.0842626606	0.1117300918	0.0738257866	0.0516303477	0.0627006201	-0.0117201414	-0.0496623377	-0.0325944214	0.003103667	-0.0419817591	0.0344547162	-0.0708124722	-0.0027963729	-0.0586377568	0.0826588124	0.0113842304	-0.0374823431	0.0473189509	-0.0161036524	0.0680328479	-0.099755703	-0.029848535	0.02568267	0.0124486455	0.0342124589	0.0109353139	0.0859457291	0.0479303233	0.0073934328	-0.0628717191	0.0035890925	-0.0689964045	0.0471309311	-0.138124274	0.1104402791	0.0364604925	-0.1081338299	0.0652505103	-0.0442963987	0.0774763971	0.0636718777	0.003006666	-0.0838497729	0.0251220836	0.0875326602	0.0614053151	0.0154363583	0.0180817058	-0.0129608614	-0.0157193321	-0.0772452335	-0.0944664527	0.0613002864	-0.0166858717	-0.0525108671	-0.041645186	-0.0655351729	0.0523855009	0.0448216584	0.1019997663	-0.0533965553	-0.036426589	-0.0242995111	0.000629697	-0.0414377565	-0.0413029871	0.0598497923	0.0112847337	-0.0364900982	0.0378803134	0.0195228669	0.0457417496	0.0319474114	0.0124461311	-0.007421409	-0.0479193598	-0.0789959645	-0.0920036728	0.0750834198	0.020450677	-0.060390626	0.0076839116	0.0490241061	-0.0802034182	0.0696177779	-0.0227795284	-0.0359208828	0.0759159322	0.0269806164244386	0.0122860451372589	0.0007279536626426	0.0001509469051147	0.1756960140091052	-0.0044146366511342	1.94890167615374e-05	0.0308690893386876	-0.179688397349345	0.0914507896332708	0.032287920141976	0.0083632469245487	-0.0024913957080262	-0.0009401370552245	8.838576826061947e-07	6.207052573971372e-06	-0.0002744364053728	0.0001868824612962	7.531534059394383e-08	3.492505434016305e-08	0.0007511588684965	-0.0003044841941518	9.271062448833189e-08	5.642396457209422e-07	0.0	0.0	0.0
1802.2632790182456	-2.437516706419956	5.94148769407639	3248152.9268975984	2453.383546792684	-18.840344659213315	354.9585868779477	6019090.827673049	1927.3124226247232	-4.472492608498442	20.0031901330732	3714533.17440358	2048.372930610613	1509.0483885519975	1.189893	31.113609	0.1522632113036914	0.0616360875259604	-0.0679345233	0.0291603058	-0.0979775296	0.0036551345	-0.1094026714	0.1175588225	-0.0129015906	-0.1374701387	0.0436847292	-0.0500607717	-0.0270566544	0.0337453539	-0.0078846023	0.0166783163	-0.0289534982	0.007755999	-0.1257428489	0.0368702236	-0.0522644203	-0.0055304606	-0.0586744206	0.036978113	-0.0028794379	-0.152714314	0.0118368478	0.037032796	-0.063450586	-0.0360070943	-0.1238672613	-0.0553540947	0.0471310694	0.0252127341	0.0824788978	-0.0364367492	-0.0948250306	-0.0735943897	0.0949769844	-0.072774729	0.0688733522	0.0014843353	-0.0396117872	0.0330716008	0.0272183788	0.066205348	-0.1268839145	0.0071372394	-0.0401749858	-0.0667019389	-0.0293938326	-0.0050483392	0.0145871988	-0.0521370567	0.0230226792	-0.0110087637	-0.0872792212	-0.0351894259	0.0416458822	-0.105236167	-0.0349289652	0.0214907621	-0.0579859988	-0.0637713052	0.0157991446	0.0431916272	0.0387653779	-0.0224769981	-0.0291191297	-0.0090128105	0.1114890934	-0.0494748071	0.0580550359	-0.0217765192	-0.0002185722	-0.045544805	0.0916637095	-0.0742357266	-0.0594906463	0.1301526458	-0.0083381763	-0.0702668714	-0.0685437099	0.0991397785	-0.0100461343	-0.0177409942	0.0432260672	-0.0030804313	0.0067460012	0.0016124526	-0.0829267623	0.0432782612	0.0178039031	0.1355684781	-0.0385561053	-0.0377447744	-0.0343453292	-0.0199579867	0.0537735961	-0.0261831373	-0.0383220638	0.109254788	0.0370652903	-0.0839987128	0.017186305	-0.0899609124	-0.0108720795	0.0284887407	0.1420832209	-0.053326434	0.083471424	-0.085223111	0.0056967758	0.0012963281	-0.0563278149	0.0082326007	-0.0816379211	0.0717860695	-0.0890682604	-0.0026935949	0.0177217958	0.1185861481	-0.1344615019	0.0551647216	-0.0253895761	-0.0133760149	-0.0430905967	-0.0073255017	0.0066452002	0.0520021718	0.0043515437	0.032519511	0.0820482734	-0.0397203859	0.0855537931	-0.0907667957	-0.1306324859	0.0646693929	0.0506652418	-0.0121387493	-0.0609627523	0.009384579	0.0469489822	-0.0794923845	0.0717551168	-0.0276578354	-0.0304543249	0.073134559	0.0494024935035497	0.0224218770791111	0.0024406063643682	0.0005027405717507	0.2153630325675237	0.0396670185584185	0.0015734723613139	0.0463812357966802	-0.1593258892556832	0.0203625080936618	0.0253847389871142	0.0004146317358644	-0.002964076798335	-0.0004726810903087	2.2342741313551587e-07	8.785751266427865e-06	0.0001180994419995	0.0003925358473723	1.3947478200593265e-08	1.540843914722896e-07	0.0012821780822654	0.0005310192137688	2.819814053917406e-07	1.6439806346417786e-06	0.0	0.0	0.0
1802.911955751733	0.6486767334874912	0.4207815045680017	3250491.52019254	2478.939446343316	25.555899550632148	653.1040018420005	6145140.778636905	1933.1040466789184	5.791624054195154	33.54290918513191	3736891.25528641	2061.286572020551	1506.5859188865077	1.251515	32.724911	0.1715012205381184	0.1011047033461941	-0.0392297892	-0.0690906696	0.004478213	-0.031234252	0.0303350713	-0.0236351798	-0.0103538845	0.050419397	0.0065471344	0.0923954172	0.0059204281	-0.0624646567	-0.028624144	-0.0125903168	-0.0932945304	0.1072575072	0.0140801048	-0.0394521469	0.0060398151	-0.0024179365	0.0457445342	-0.1040210316	-0.0031748128	0.0756685663	0.0952052195	0.0042246045	0.0556564981	-0.114916528	-0.021753731	-0.0348127075	0.1399365581	0.0730588777	0.0715293919	0.0199786463	0.0807245469	0.0299648032	-0.06227068	-0.0472821962	0.0015026303	-0.0934006114	-0.0431776305	0.0168574292	-0.0342128581	0.0382917715	0.0853338647	-0.0237150354	0.1081726898	0.0015390272	0.057793864	-0.1151777957	0.0012420026	-0.0186778436	-0.0447647138	-0.0091267293	0.027444538	-0.0746930846	0.0204193025	-0.0718908761	-0.0291548087	-0.0431926094	0.0062447368	0.0186209376	0.0640949392	0.0702068485	0.0851283411	7.70373e-05	-0.061058449	0.0359346939	-0.0374131434	0.0532920217	-0.0280662862	-0.0422349016	-0.0212045719	-0.0300604801	-0.0518840962	-0.0210677552	-0.0414896782	-0.0264538474	0.0644695107	-0.1033358148	0.0098606867	-0.1832438466	0.0025808116	0.0035537958	0.0679171491	-0.0438193988	0.0104744197	0.0720613064	-0.0422415454	0.0658650338	0.0267017149	0.0653707755	0.1226972903	-0.0133274546	-0.002145574	-0.051585904	0.0357661413	-0.0256133032	0.0835491591	0.0902330634	-0.0457687031	-0.0077732023	0.0190028293	-0.0120073026	-0.0556834396	-0.0315453899	-0.0774462251	-0.0653448521	-0.0376915237	0.0871761264	-0.0287405166	-0.0081151888	-0.0151238634	0.0712288836	-0.0422774055	0.0817705165	0.0772704259	-0.0800907543	0.0476683539	-0.0279079357	-0.0644013541	-0.0024414614	0.016453503	-0.0490850101	-0.0268639727	0.0003082974	0.0319939768	-0.0491934174	0.0356948519	-0.0512295011	0.1873138599	0.1166739362	-0.0694764766	-0.0914824549	-0.0696066523	-0.1388198922	-0.0844972463	-0.0232091468	-0.0615281933	0.0110811301	0.0448275254	-0.0786418943	0.0736957799	-0.0324269895	-0.0248241955	0.0698401994	0.0603452574456326	0.0109427639420828	0.0036415500961796	0.0001197440826921	0.2145907324893698	-0.0007723000781539	5.964474107165256e-07	0.0460491824703242	-0.2391093589138648	-0.0797834696581816	0.0571732855201994	0.0063654020306979	-0.0020248152590176	0.0009392615393174	8.822122392408918e-07	4.099876833150511e-06	-0.0002371073267244	-0.0003552067687239	5.6219884386391376e-08	1.261718485472742e-07	0.0015877635114181	0.0003055854291527	9.338245451043988e-08	2.520992968190735e-06	0.0	0.0	0.0
1805.4691407366736	2.557184984940477	6.539195047205028	3259718.8181524226	2458.488541760207	-20.45090458310869	418.23949826741625	6044165.90996623	1933.0520512137823	-0.0519954651360876	0.0027035283947181	3736690.232701812	2049.4775654371565	1496.4593129407765	1.124349	29.399736	0.1243979887175615	0.0629611105933724	-0.0468695489	0.0283262356	0.0224757234	-0.1073402959	0.0354316612	0.0098473521	0.0244417914	-0.0706964839	-0.0819100782	-0.0706697312	0.0518070326	0.0469454237	0.0149722041	-0.071197995	0.0149673315	0.0085973955	-0.0732126371	0.082155822	0.133852665	0.078442913	0.0978041898	0.0289802138	-0.0506836717	0.0507767544	0.0358417037	0.0201022737	0.1186970944	-0.0925742449	-0.0464651737	0.0460825794	-0.1224972279	0.0759328663	0.0270803188	-0.1246394279	0.0175788718	0.0014983651	-0.0864329619	-0.0169764654	-0.0756337637	0.0282093218	0.0442436303	0.0539050279	-0.0340647738	0.0142891095	0.0570180657	-0.0934540108	-0.0747918547	0.040248806	-0.0645167543	-0.0451022084	-0.0428578179	0.2211376013	0.000736599	0.0019499294	-0.0148116397	-0.0647526082	-0.093479024	-0.0085529631	-0.1043797543	-0.1231593562	0.0723461612	0.0404169838	0.0405491283	-0.0729279272	0.0001839074	0.0700626966	-0.0671047531	0.024143152	0.0453229071	-0.0840088931	0.0684883177	0.0230978931	0.0217321789	0.070352757	-0.1973772978	-0.027326421	-0.1086403927	-0.0384341628	0.1890951265	0.0438287997	-0.0060826291	-0.0304672862	-0.0572561854	-0.0093398314	0.1663699637	0.148544312	0.0663521675	-0.0127931537	0.0059504618	0.0190787959	0.0388479877	-0.1177332693	-0.083995767	0.0017803019	-0.0660935722	0.0088718289	0.0054435402	0.1412355531	0.0353705996	0.0665203455	0.0259716232	0.0846765012	-0.1103053989	-0.0507471117	-0.0068772219	0.184243303	-0.0414400424	-0.0640562355	-0.0347140885	0.0304970506	-0.0484792737	-0.0449275555	0.0267791189	0.1497357643	-0.0129766989	0.1169826152	0.0557530306	0.0344064042	0.0521647236	-0.0013441771	0.0417975681	0.0063390434	-0.0446133025	-0.1137458471	-0.0049945311	-0.1256672633	-0.0737302406	0.1170519837	0.1296560495	-0.1451176564	0.1812245834	0.176724046	-0.1992443227	-0.0453359463	-0.050362048	-0.2449182792	-0.042734593	-0.0008608273	-0.0620868871	0.0127728206	0.0426618292	-0.0776534394	0.0754344479	-0.0370681691	-0.0190607341	0.066055961	0.0572832057606689	-0.0030620516849637	0.0032813656622191	9.376160521389034e-06	0.1720506204046756	-0.0425401120846941	0.0018096611361783	0.0296014159816337	-0.2264657637866562	0.0126435951272086	0.0512867421674735	0.0001598604977407	-0.0014302434340667	0.0005945718249509	3.535156550254437e-07	2.045596280690907e-06	-0.0009596317954347	-0.0007225244687103	9.208931828092258e-07	5.220416078851012e-07	0.0015818152086654	-5.948302752700058e-06	3.538230563777908e-11	2.5021393543651622e-06	0.0	0.0	0.0
1808.592616446948	3.1234757102745334	9.756100512675	3271007.2522664177	2466.6261552247965	8.137613464589322	66.22075289906542	6084244.589639062	1932.9265763891024	-0.1254748246799408	0.0157439316284618	3736205.149711296	2053.819621098885	1493.5566784942048	1.232577	32.22971	0.0967336864649671	0.0469770308110254	-0.0297837566	0.1058324702	-0.012604999	-0.0455032204	-0.0138183408	0.0220519764	-0.0061948434	-0.0346658867	-0.0019648418	-0.0296240742	-0.0761788503	0.0476872897	-0.0296078126	0.1148974816	0.0829253149	0.0484657183	-0.0627082986	0.0373801429	0.0350351764	0.0184326281	-0.1167269	0.0444061907	0.0285094075	-0.0174870027	-0.0756872689	0.0568633492	0.0678793855	-0.0637439966	-0.0729746335	0.0158123061	0.0027845909	-0.0636223071	-0.0887569453	0.0517887816	-0.0167523714	-0.034673239	-0.0336264265	0.0085046629	0.0499334021	0.1070234172	-0.0154606527	0.0037573274	-0.0010913792	0.0008077269	0.0472734585	0.0278818825	0.0330349919	0.0039329556	-0.0560228426	-0.0047217895	0.0613768187	0.0312566204	0.1172108631	0.0077396579	-0.0149412283	-0.0088735098	-0.084326258	-0.0591577688	-0.0211576581	0.0570178774	-0.0170036454	-0.0759228897	0.0162661975	-0.1195849414	-0.1507705921	0.0499916022	0.0444466809	-0.0511906087	0.0564177005	-0.0173126182	0.0797735426	-0.0021249904	0.0879434515	0.0579791807	0.0835771811	0.0431184665	-0.0032712656	0.0207960171	0.0158151986	0.0205538165	-0.0078899776	0.0217299681	-0.0591123421	0.0393509389	0.0147536675	0.013581774	-0.0432696798	-0.019189801	0.1495512858	-0.0385357655	0.1693993581	0.0272924414	-0.0347884953	-0.0489072553	-0.0370767026	-0.0739288062	0.0603206001	0.0007964538	0.0324481845	0.0510186318	-0.0520522227	0.0265727392	-0.0812383838	-0.0368301742	0.0949783354	-0.0380933034	0.0234079304	-0.0622279994	0.033851541	0.0592674814	-0.0287518417	0.0703127939	0.0403848387	-0.1200090128	-0.0182901854	0.0579798869	-0.0844732791	0.0749928807	-0.0654645964	-0.0201679617	-0.032861945	0.0602200134	-0.0195540264	-0.0334486178	-0.009709251	0.0522816233	0.0497897392	0.0629331138	-0.0110180029	-0.0244496317	-0.0223612363	0.0464063527	0.0834070719	-0.0677751954	-0.0957807059	0.0582061321	-0.0156159711	-0.0680704942	-0.0626387723	0.0144589085	0.0404540309	-0.076528754	0.0769663555	-0.0415630576	-0.0131948967	0.0618083875	0.0508193631673492	-0.0064638425933196	0.0025826076727349	4.178126107121389e-05	0.2069454665594179	0.0348948461547422	0.0012176502881631	0.0428264261294951	-0.2450808730669464	-0.0186151092802902	0.0600646343432566	0.0003465222935171	-0.0017389826750733	-0.0003087392410066	9.531991893733145e-08	3.0240607442050907e-06	-0.0007781630616088	0.0001814687338258	6.05537750452381e-07	3.2930901356375326e-08	0.0013368254147656	-0.0002449897938998	6.001999911506647e-08	1.7871021895632185e-06	0.0	0.0	0.0
1806.916431875846	-1.6761845711021124	2.8095947164007726	3264946.9917829386	2468.8582817457645	2.232126520967995	4.982388805608685	6095261.215344649	1935.093609186608	2.167032797505726	4.6960311454654935	3744587.276314853	2061.7957450910462	1506.6082293300478	1.207335	31.569683	0.1905691904105668	0.1064213852973912	0.0879762684	0.0057238974	-0.0541083643	0.0882396236	-0.039177359	0.0963215908	-0.053805528	0.0804786149	0.0126494582	0.0132221781	-0.0362605477	0.0079415073	-0.0409967066	0.0142245613	0.0096217231	-0.006394132	0.0558871042	-0.0027677867	0.0017798429	0.0502969489	-0.0705454041	-0.0217229948	0.0181486555	0.022222389	0.0034960615	-0.0527098929	0.038749151	0.0285748834	-0.0775930186	-0.1278349021	-0.0156088187	0.0437584288	-0.0398801916	0.1454950602	-0.0737893258	0.0840541589	-0.0826473161	-0.0172660785	0.0999008185	-0.067074867	-0.0492855477	0.0070995467	0.0943084997	-0.012677182	0.0678800681	0.1106389098	0.0646620513	0.0300540461	0.0678936788	-0.0800769928	-0.0486402415	0.0942780157	-0.0017297554	-0.0236273121	0.0227021752	-0.0244578142	0.0354331848	-0.1335057518	-0.0551299621	-0.019589929	0.001739948	0.0199842062	-0.0696376876	0.0157425088	0.00255086	0.0660731029	0.00142892	-0.1190842891	-0.0502024558	0.0754406145	0.0070514221	0.0181105697	0.0104524943	-0.0063426195	0.048469247	-0.0761690977	-0.0383667518	-0.0369646128	0.0388270263	-0.0054197073	0.0629975262	-0.0043394852	0.0133763236	0.0623105495	0.0952694858	0.0711087353	0.0453170116	-0.1421493381	-0.0201051046	-0.1096587933	-0.0145553793	0.0942761395	0.0258266026	-0.1273915559	-0.0890146732	-0.009886982	-0.0469899194	-0.0426738276	-0.0152556226	0.0430452786	-0.0010377153	-0.0227069129	-0.0160288707	0.1366307793	-0.0294349704	-0.0056210424	0.0931567473	-0.0870095819	0.10711097	0.0219223573	-0.141566001	0.0090558522	-0.0621090848	0.0233146207	0.0355687834	-0.0351585155	-0.050849696	-0.1012353245	0.0324681944	0.0367696303	-0.0281177901	0.0762057184	0.0732455903	-0.0972377602	0.0176670579	-0.0746478381	-0.0400408633	-0.0431740873	-0.0130425523	-0.0742979492	0.0187384441	0.1354753698	0.0566803627	-0.0702810675	-0.0816604441	0.0364188666	0.0621035719	0.0108006211	-0.0631837885	0.0161386543	0.0382063093	-0.0752698111	0.0782873035	-0.0458939156	-0.0072581889	0.0571272725	0.0508662103098345	4.684714248529703e-05	0.0025873713512843	2.1946547590377224e-09	0.2172637730384679	0.0103183064790499	0.0001064674485956	0.0472035470749108	-0.3008268071633608	-0.0557459340964144	0.0904967679081018	0.0031076091682817	-4.280111875605737e-05	0.0016961815563172	2.877031871990784e-06	1.8319357667701254e-09	-0.0004630181791722	0.0003151448824366	2.143858342439395e-07	9.931629692597843e-08	0.0008589897996671	-0.0004778356150984	2.283268750565618e-07	7.378634759321246e-07	0.0	0.0	0.0
1809.159774312832	2.2433424369860404	5.0325852895824665	3273059.0889916574	2474.438761159378	5.580479413613375	31.14175048576268	6122847.182727957	1936.7191709984008	1.6255618117927495	2.642451203958927	3750881.147312733	2060.396223312582	1536.3027351602425	1.1273	29.476896	0.0921763872216868	0.0440260809997732	0.0503852596	-0.078438143	0.0645098866	-0.0215991493	0.0527186637	-0.0064274198	0.0130753264	0.0504654764	-0.0184424158	0.0256401	0.083784873	-0.0001889091	0.0067472946	0.0110265702	6.60756e-05	-0.0506100055	0.0868427245	-0.0279555958	0.0312343611	0.0214839163	0.0302021774	0.00850928	0.0286035204	0.0078251901	0.0976350145	0.0716692173	-0.1117808901	-0.0618738009	0.076657884	0.0724369938	1.25775e-05	0.0515354987	-0.000830388	-0.0052901624	0.061106308	0.0395654642	-0.0945293928	0.0508736527	0.0821084157	0.0474191294	-0.1015958922	-0.0253835257	0.0243292232	0.1023876132	0.0151482316	0.0124307327	-0.0311897275	-0.0582331269	-0.0138795447	0.079581361	-0.0183088395	0.0095913179	0.1143764152	0.0043331397	0.0445814494	0.0345522947	-0.0723447427	0.062446246	0.0167943723	0.0207638411	0.0179839618	0.1114481405	-0.0440277171	-0.0294486028	-0.1027412674	-0.037050373	0.0709422556	0.0331123514	-0.05790456	-0.0017515902	-0.0395759043	0.0059570922	-0.0660193622	0.0586642672	-0.0258671724	0.0281177868	-0.0048896403	-0.0271719824	-0.0807078219	0.0002654489	-0.0260563504	-0.0096631543	0.0540642868	0.0271420013	-0.021673959	-0.0117761015	-0.056929809	0.0073116856	-0.0195386243	-0.0995827474	0.0186732711	0.028468318	-0.0253117593	0.0419630089	0.0054962363	0.0122033944	0.114323935	0.0748069383	0.0558144596	-0.1165298179	0.0081892409	-0.015166863	-0.0433764498	-0.0429440421	0.0531684534	-0.0232656042	0.0017878549	-0.0858150116	-0.0855269697	0.0135780115	-0.0345411017	0.0390280482	-0.1031175198	-0.0285505431	0.0439325294	-0.0495023606	0.0768547308	-0.0431040652	-0.018137963	-0.0647232947	0.0564967856	0.0174011203	-0.0905585847	-0.0795718963	-0.0627634197	0.0623709828	0.0341123967	-0.0261837264	-0.0220294432	-0.0147166053	-0.0940246338	0.1959637635	0.1566567915	-0.1296679041	-0.0267530701	0.119188262	-0.0291137788	-0.0395388603	-0.0637218759	0.0178113211	0.0359208828	-0.0738788195	0.0793936715	-0.0500436514	-0.0012824971	0.0520454508	0.0338582481506222	-0.0170079621592122	0.0011463809678291	0.0002892707768091	0.2091439614454202	-0.0081198115930476	6.593134030659181e-05	0.0437411966090834	-0.3341491820061648	-0.0333223748428039	0.111655675835389	0.0011103806651643	0.0004111302071506	0.0004539313259066	2.06053648639376e-07	1.6902804723169528e-07	-0.000343343892891	0.0001196742862812	1.1788502878554646e-07	1.4321934796914624e-08	0.0007580706393225	-0.0001009191603446	1.0184676924659084e-08	5.746710942028239e-07	0.0	0.0	0.0
1807.5111821073467	-1.648592205485329	2.717856259986981	3267096.673443098	2457.174383287685	-17.264377871692886	298.058743296599	6037705.949885216	1934.009680079663	-2.709490918737856	7.341341038722912	3740393.44264184	2055.882042850181	1503.7560266780504	1.162957	30.40926	0.0716652020372353	0.0352359565857747	0.0754385464	0.0935216308	0.007363074	-0.0527015652	-0.0241233211	-0.0564820367	0.0438787241	0.0319448174	0.0440754136	-0.0575639949	-0.0353171524	0.064521332	-0.022041203	0.0738314354	0.0037307451	-0.0954806528	0.0188736368	0.0721215496	0.0606585672	-0.0113607331	-0.0468874731	-0.0223629632	0.0168404353	0.0049554372	-0.0416931214	0.0525458305	0.041161272	0.016165146	0.0196799949	0.0174803625	-0.0137173463	-0.0065314687	-0.0608229212	-0.1299333527	-0.0373220541	0.0813118142	-0.0461528178	0.0985325789	0.1164229987	-0.0147804584	-0.0662033109	0.0376784377	-0.00561277	0.0500230736	0.0270867203	0.0278803405	-0.0178030112	-0.0449511213	0.0406238558	-0.0499242603	-0.1283716892	-0.0586063413	0.1329675072	-0.0186132575	0.0951138609	-0.0224520353	-0.014663192	0.0624728434	-0.0290135651	0.1092016144	0.0052012091	0.0023620053	0.0192869248	0.0062607115	-0.0142979078	0.0042492925	0.0234407603	0.0989176225	-0.0324912377	-0.0298535896	0.0612020738	-0.0243449573	0.0540945875	0.0155156377	0.0173969355	0.0443223974	0.0631613343	-0.0535504103	-0.0824745418	0.0696047603	-0.0015097769	0.0534429129	-0.0137098352	-0.0159982751	0.0927745248	-0.0394429348	-0.0917538969	-0.0731644944	0.0239346321	0.0421344444	0.0841032223	-0.0468224649	-0.0440763628	0.0107819998	-0.0139893547	0.0049376965	0.0343861337	-0.0165617043	0.0730932159	-0.0567232045	0.0779917062	-0.000581929	0.034367285	-0.0371757714	-0.0181913329	0.0044547148	0.009974283	-0.0632635232	-0.0621073946	0.0063255773	-0.0135143755	0.1111433231	-0.0351193896	-0.0124718431	0.0802072378	-0.0301541962	-0.0441068999	0.0898615791	-0.05293897	-0.0304334103	0.0516178733	0.0675817894	0.0172878309	-0.0737283162	0.1018951691	-0.0180165798	0.0449456471	0.0197389606	0.0021779773	-0.0287945077	-0.0609117598	0.150594273	0.0389479196	-0.0361648113	-0.0856277479	-0.0125575363	0.0515753166	-0.0883388494	-0.0642529755	0.0194761753	0.0336000067	-0.0723582192	0.080282427	-0.0539958877	0.0047000831	0.0465985677	0.0408200146290766	0.0069617664784543	0.001666273594318	4.846619250053131e-05	0.2194951946031267	0.0103512331577065	0.0001071480278852	0.0481781404538644	-0.3416737173425943	-0.0075245353364294	0.116740929122707	5.661863202917612e-05	0.0001981808527798	-0.0002129493543708	4.534742752694056e-08	3.9275650408528776e-08	-0.00077595390366	-0.000432610010769	6.021044606051927e-07	1.8715142141755437e-07	0.0004670766631694	-0.0002909939761531	8.467749415739094e-08	2.1816060927746118e-07	0.0	0.0	0.0
1803.896986449908	-3.614195657438813	13.062410250249576	3254044.337723059	2456.437570856905	-0.7368124307799917	0.5428925581519201	6034085.539517372	1926.7965635765256	-7.213116503137371	52.029049687832696	3712544.997410308	2053.062372882325	1502.8643559631273	1.15134	30.105516	0.0650201167891319	0.0341963538088311	0.0771774374	-0.0086518478	-0.0400261743	0.1144805041	-0.0146468671	0.092389082	-0.0258114189	-0.0073739396	0.0744226352	-0.0636568075	0.0115205643	-0.0120267334	-0.0337782231	-0.0127709002	0.0249157994	-0.0199673721	-0.0096726166	0.0134360749	-0.0683961763	-0.0894892471	-0.1239811231	-0.0499417873	0.0020997032	0.0004001508	-0.0749883024	-0.0077469311	-0.0156896518	-0.01954699	-0.0861106976	-0.041815095	-0.0776773715	0.1070499406	0.0419204705	0.0134433392	0.0106420554	-0.0289284158	-0.0375606576	-0.0028439257	-0.0445210707	-0.0111290775	-0.0284499352	-0.0128435606	0.0490024012	0.0320397808	0.0629479128	-0.0860560145	0.0014692918	0.0427111421	-0.0082940873	0.1069784835	-0.0506879649	-0.0502690456	-0.0683221336	0.0208655347	0.0027632507	0.092291513	0.0152936141	-0.0535629297	0.0519325131	0.017276018	0.0285936464	0.0144410056	-0.0688812832	0.0834109104	0.0069490167	-0.0432902257	-0.0214390821	0.0323590185	-0.0176026425	0.0053251975	0.0218620459	-0.0013485711	-0.0044278983	-0.0963003879	0.0941817352	-0.0806956341	-0.0060209343	0.0024355094	-0.0213644319	0.0833713622	-0.0768970424	-0.0390215129	-0.0812544967	0.0251545277	0.0323911985	0.0579565646	-0.047957572	-0.0850986663	-0.0315971589	-0.0420036742	-0.0819247961	-0.03522832	0.0508609144	-0.0336483848	-0.028730511	0.0541827742	-0.0309143642	0.0174759816	-0.0316903673	-0.0308075952	0.0297011155	-0.0607866916	0.0408995764	0.007315662	-0.0287044924	-0.0057950833	0.0054297093	-0.0272511321	-0.0631730993	-0.0574572325	-0.070196157	-0.0686897082	-0.0497213278	-0.0422907123	0.0378194928	-0.058383363	-0.0646889214	-0.0780455164	0.0026280194	0.0138760309	-0.0116742759	0.0687502931	0.0040134333	-0.093179914	0.0281852028	0.0205193036	0.0163297218	-0.106472376	-0.07768395	0.030600035	-0.1501578348	0.086804394	0.12684602	-0.043299561	-0.0095872995	0.0494531274	-0.1036137215	0.0365815391	-0.064777029	0.0211324865	0.0312459714	-0.0707106781	0.0809511339	-0.0577350269	0.010657419	0.040824829	0.0433534860489857	0.0025334714199091	0.0018795247525995	6.418477435496246e-06	0.2059032706207091	-0.0135919239824175	0.0001847403975438	0.0423961568523049	-0.317219089266409	0.0244546280761852	0.1006279505950099	0.0005980288343445	0.0004417762987711	0.0002435954459912	5.933874130770035e-08	1.951662981558922e-07	-0.0007758428859681	1.1101769190004133e-07	6.019321837073102e-07	1.23249279148125e-14	0.0007121720656986	0.0002450954025291	6.007175634095056e-08	5.07189051161411e-07	0.0	0.0	0.0
1808.213061920548	4.316075470640044	18.628507468260675	3269634.4773000837	2456.3024088541665	-0.1351620027385252	0.018268766984289	6033421.523742781	1934.3770098348305	7.580446258304846	57.46316547504794	3741814.41617754	2057.9771139170425	1466.9800043350017	1.047893	27.400553	0.1678967450047918	0.0812610383715691	0.0287373797	0.0120352404	-0.0751542301	0.0441547998	0.0597358801	-0.0100405061	-0.0432332652	-0.0075442448	0.0058229526	-0.0503678802	0.0061551682	0.0549207034	-0.0609355226	0.0410346227	-0.0222790239	-0.0183193618	-0.0216323855	0.0438833871	0.1203374253	0.041039371	-0.0526197899	-0.0281551931	-0.0691221031	0.1445266162	0.0958920404	0.0361915057	0.010518574	-0.0571740926	-0.0114369474	0.0226104922	0.0930985864	0.0649211558	0.0289201822	0.077387305	0.0674969755	-0.0341960902	-0.0143152285	-0.0093123242	-0.1663707617	-0.0190676467	-0.0240974855	0.0356353239	0.1167391626	0.0296368199	0.0149621869	-0.0209871826	0.0536696503	0.0073079736	0.0775523381	0.0117692779	-0.0905907046	-0.0404806607	-0.2068523195	0.0169613223	0.0231699049	0.0071943203	0.0716673299	-0.1124259107	0.0350314183	0.0487605979	0.0074613822	0.0594191446	0.0992128705	0.0895864013	0.061446568	-0.0682747585	-0.0550778338	-0.0388991963	-0.0033210863	0.0232431267	0.0789753415	-0.0281340794	-0.0178096533	0.0300191542	-0.0119180557	-0.0219243548	-0.0631462175	-0.1452805058	0.0312089928	0.0355987523	-0.0566468734	-0.126229683	0.0577107529	0.0536049029	0.0426451331	0.0178811269	0.0335616642	0.0031089248	-0.073822875	0.0470500944	-0.0493137467	-0.1136353839	0.1739393351	0.0202826217	0.0209194501	0.0884528707	0.0830489568	-0.0505605505	0.0505646318	0.0847134989	0.0078300023	-0.1598159702	0.0579099511	0.0309600602	-0.0043685525	0.0416939854	0.0140408229	-0.0064299875	-0.0210325725	-0.0658768924	-0.040942322	-0.0013398045	0.0731134892	0.0033737272	0.0411757202	-0.0326523587	0.0332794433	0.0356351111	0.0586153643	0.0102678452	-0.0156811353	0.0437132447	0.0891327294	-0.0948334116	-0.1053637682	-0.0418224816	0.1440912279	-0.0817180276	-0.0196242026	0.1142708312	-0.0625970052	0.139317549	-0.0485031545	-0.0067478485	0.3550980347	0.032561727	-0.2555099406	0.0419149457	-0.0652939789	0.0227795284	0.0288611001	-0.0689390864	0.0813979594	-0.0612463124	0.0165575133	0.0347647336	0.0456240063853812	0.0022705203363955	0.0020815499586533	5.155262597985534e-06	0.2406096573690916	0.0347063867483825	0.0012045332811283	0.0578930072192716	-0.3517055790861079	-0.0344864898196988	0.1236968143602944	0.0011893179800841	-0.0007859242099135	-0.0012277005086846	1.5072485390244258e-06	6.176768637281592e-07	-0.0003311788571751	0.000444664028793	1.0967943543980529e-07	1.9772609850242198e-07	0.0004558696411699	-0.0002563024245286	6.569093281928994e-08	2.078171297403734e-07	0.0	0.0	0.0
1816.5333331072884	8.320271186740456	69.22691262090343	3299793.3502898747	2463.3023251354466	6.999916281280093	48.99882794493013	6067858.345017698	1934.557917076772	0.1809072419414406	0.0327274301868589	3742514.334524418	2056.1697173547104	1521.5631615433128	1.180062	30.856533	0.0356788686764109	0.0153698067959617	0.0771506708	0.0223840893	-0.0557912571	-0.050816865	-0.0017931767	0.1071752923	-0.0288739255	0.0271876016	-0.0522402254	-0.0473668954	0.0007755832	0.0583160417	-0.0838807762	0.0661645927	0.0393667	-0.0314122129	-0.014574082	0.1217933938	0.1117371072	0.0513966274	-0.0230539465	-0.0085368811	-0.041925096	-0.0707450967	0.0493016046	-0.003612188	-0.004112754	-0.0068160205	-0.0103176592	-0.0014449004	-0.0451192091	0.0129294993	0.1264174062	0.0300690488	0.0213113305	0.0322938466	0.0314562322	0.0215553108	-0.048935906	-0.1105933101	-0.0861231555	-0.1125638741	0.0221550729	-0.0568221051	-0.0701284689	0.064430563	0.0898214351	0.0353463388	-0.006113402	-0.0416501875	-0.0263969517	0.0676914651	0.0334427388	0.0583736299	-0.0283867459	0.0647096603	0.0326837958	0.0033893291	0.0672401952	-0.0836950511	-0.0076770659	0.0118947773	0.02730728	0.0346935254	0.0189789606	-0.0606478512	0.0083966289	0.0404438502	0.00206179	0.010729454	0.1410769464	0.0040273953	0.0103856401	0.0634592003	-0.0027719645	-0.0612317257	-0.0556268967	-0.111258267	0.0666898614	-0.0208582171	-0.0096814516	0.0228246544	-0.0586205953	-0.0089175169	0.054077711	-0.0076788245	0.05980995	0.0734666481	-0.0713226689	0.0466279654	-0.0678304164	-0.0111165857	-0.0448010127	0.0560219197	0.0860525949	0.0399095296	0.0097687422	0.0570711605	-0.0615232616	-0.0420790712	0.0583807952	-0.0704563331	0.0692896959	0.0740999239	-0.0283982877	-0.0546149121	0.0354180584	0.009164741	0.0046975979	0.0388633397	-0.0883904695	-0.0391772618	0.0405271258	0.0674867048	0.092879689	-0.0402178334	-0.0484634538	0.0836526511	0.08122115	0.0883714978	0.0206240908	-0.0227773781	0.083730853	-0.0974224592	-0.0935253025	-0.1207081882	0.0404340704	0.0190487853	0.0349917222	0.0404376381	0.0290116714	0.0195043954	-0.1651844611	0.2750148584	0.1152307164	-0.0403612038	0.0443252546	0.08827791	-0.0658037687	0.0244165784	0.0264477464	-0.0670465522	0.0816216788	-0.0645158866	0.0223686765	0.0284607885	0.0342877599839539	-0.0113362464014273	0.0011756504847172	0.0001285104824738	0.2446140973742814	0.0040044400051897	1.6035539755164414e-05	0.0598360566342344	-0.3569171856446118	-0.0052116065585038	0.1273898774084702	2.7160842920640755e-05	-0.0006964481215444	8.947608836910002e-05	8.005970389834997e-09	4.850399860027233e-07	-0.000195185580557	0.0001359932766181	3.8097410857373134e-08	1.8494171285327067e-08	0.0005329317904085	7.706214923859997e-05	5.938574845272254e-09	2.840162932280094e-07	0.0	0.0	0.0
1807.561319458776	-8.972013648512302	80.49702890909103	3267277.9236035515	2488.3405106935465	25.03818555809994	626.9107360418444	6191838.4971586205	1932.9198988065943	-1.638018270177554	2.683103853435466	3736179.335202495	2059.429341711916	1554.4566855018234	1.201583	31.41927	0.125347555735976	0.0635450947031649	0.0673567836	-0.1263526322	0.0422545726	-0.0025803687	-0.0491622277	-0.0150417754	0.1182732314	0.0049781719	-0.0826800319	0.0561647067	0.1346974859	0.0326762407	0.0026596299	0.014462787	0.0931143479	-0.0526880463	0.1119810097	-0.0030511462	-0.0696875398	0.0095033595	-0.0050399771	0.0807752929	-0.0766838367	0.0360623639	0.041054964	0.0594744726	-0.0193179052	0.0265777166	-0.0645836414	-0.0042561118	0.0252920876	-0.0657403843	-0.0665468246	0.0077409964	-0.0154977476	-0.0640580087	-0.0957693599	-0.1345986735	-0.0380656362	-0.0240407036	0.0064661403	0.0177097291	-0.009482043	0.0091893305	-0.0319332134	-0.0184332426	-0.0034979209	-0.1069836345	0.0140508305	0.0316494704	0.0838549329	0.0180159027	0.0141344919	-0.0185318039	-0.0421021158	0.0177283231	0.0126734307	-0.0364129435	-0.0460967911	0.0568699459	-0.1267615577	0.1418381127	0.0144957629	-0.0620693682	0.0099288626	0.0022109885	-0.0410258044	-0.1082963696	-0.0828374926	-0.0830323255	-0.0354525686	0.0338878485	-0.1076133567	0.0404911234	0.0835594976	0.0657464998	-0.017255536	-0.0350409231	0.0603554251	-0.0201284304	-0.0529446967	0.0009253709	0.0052202368	-0.0439772295	0.0551765578	0.0299567283	0.0458400764	0.0239141096	-0.0197845704	-0.0791335708	0.0309152531	0.0380925836	-0.075830389	-0.0077111403	0.0602986501	-0.0723136014	-0.0928530755	-0.0152840281	0.022332039	0.0466770429	-0.0997181181	0.0237285846	0.0314393297	0.0034959655	0.0615972625	-0.0214243948	-0.0144572835	-0.0196518751	0.0073567813	-0.0364958266	0.033030084	-0.0718606955	-0.0381222725	0.013419853	0.0472681939	-0.0728280854	-0.0096026417	-0.0758742104	0.0145226987	-0.0351919154	-0.0177948221	-0.0345205613	-0.0164289005	0.0193251057	-0.1004660032	-0.0218033801	0.1066464952	-0.003639358	0.0763968364	0.0472689738	-0.0780414877	-0.008713347	0.1000221525	0.1867117337	0.0158928816	-0.0269623355	0.0166413843	0.125444981	-0.0663063423	0.0260429185	0.024008292	-0.0650363955	0.0816216788	-0.0675308461	0.0280596966	0.0219572114	0.0394191497382792	0.0051313897543253	0.0015538693660888	2.63311608107947e-05	0.2313504449401762	-0.0132636524341051	0.0001759244758927	0.0535230283740175	-0.3107246529907712	0.0461925326538406	0.0965498099762351	0.0021337500729761	0.0001630633336995	0.0008595114552439	7.387599416954867e-07	2.658965079719449e-08	-0.0003649712084992	-0.0001697856279422	1.3320398303336653e-07	2.8827159455727173e-08	0.0003470292557205	-0.0001859025346879	3.4559752403423046e-08	1.204293043259242e-07	0.0	0.0	0.0
1802.7634943981288	-4.797825060647256	23.019125312574843	3249956.2167345523	2474.97727597993	-13.363234713616748	178.57604201121168	6125512.516617034	1932.3797739584616	-0.5401248481327912	0.2917348515704707	3734091.590803755	2056.118765077901	1505.5978621228458	1.152081	30.124895	0.122910475664436	0.0634691782110151	0.0234608304	0.0563401513	0.0959744796	0.0040385579	-0.0537181944	-0.1175883107	0.0493266802	0.0405675679	0.0758298385	-0.0180778195	-0.0445348264	-0.0112231057	-0.017560666	0.0059829453	0.0602289948	-0.0103868203	0.074972184	0.0325757928	0.0052491736	-0.0279840236	0.0885083059	-0.0518700141	-0.1296439147	-0.0204985629	-0.0579767435	-0.0037576092	0.0225388233	0.0735343535	0.0139146717	-0.0374392261	0.0125618691	-0.0968241915	0.0033453328	-0.0630935169	0.0254599084	0.0099511633	0.0606380732	-0.0877862088	0.0354591109	-0.0513545822	-0.0615650908	0.0522017395	-0.0269922574	0.1001799594	0.0124160595	-0.0205588426	0.0301847861	-0.0450398259	0.014395291	0.0267115431	-0.0322202161	-0.1099821123	0.0200431765	0.012969476	0.0404711532	-0.0139753081	-0.0799803325	0.0410459335	0.0323930487	-0.0003778733	0.0052957402	-0.0839644829	-0.089616427	-0.0312772497	-0.0610257066	-0.0813337815	-0.0018818413	0.0479516527	-0.0714866209	-0.046855325	-0.0278503953	0.031239606	0.1190586667	-0.0505165948	-0.0734294678	0.0068967699	0.0194885564	-0.0569343102	-0.0178934986	-0.0612011748	-0.0453024985	0.0073594978	-0.0252978792	-0.0267552279	-0.094002497	-0.0493778771	-0.02565228	-0.0293737331	0.0112782167	0.0144735865	0.0802471535	0.0161733126	-0.02207044	0.0400916511	0.0417103281	0.0334766524	-0.0574350126	0.0547294789	0.0240894966	0.0130391642	-0.0239145097	0.0006598561	-0.0070575403	-0.0363823795	-0.0963893373	0.0009172015	-0.093313026	0.0116526179	-0.003891191	-0.0479547623	0.0541086919	0.0626010304	-0.003519991	-0.0390961545	0.0152742373	-0.0578365926	0.0889626075	0.033840529	-0.0541837396	-0.0802441569	-0.0391790425	-0.012821956	0.0694450126	0.0790069074	-0.0017131473	-0.0575420886	-0.0271821888	0.0414894855	0.0486453141	0.0461824024	0.0591059723	-0.040816474	0.0303503064	0.0504473205	0.0563460385	0.0543702745	0.0222962604	0.0403090357	-0.0668016447	0.0276578354	0.0215451443	-0.0629121428	0.0813979594	-0.0702792922	0.0336000067	0.0152996203	0.014963226257123	-0.0244559234811562	0.0002238981400218	0.0005980921933161	0.215023369539395	-0.0163270754007812	0.0002665733911427	0.0462350494480752	-0.3129582168474698	-0.0022335638566985	0.0979428454923479	4.988807501950301e-06	-0.0007860300047675	-0.000949093338467	9.007781651224354e-07	6.178431683947962e-07	0.0001157976626358	0.000480768871135	1.3409098671914553e-08	2.311387074524223e-07	0.0005150453046345	0.000168016048914	2.8229392692671648e-08	2.6527166582604495e-07	0.0	0.0	0.0
1802.3735673846493	-0.3899270134795642	0.1520430758410923	3248550.4764068667	2452.4216652354976	-22.55561074443221	508.755576054346	6014372.024116451	1924.7404934139704	-7.639280544491157	58.35860723744111	3704625.9669874543	2051.2079385498514	1486.952090338871	1.078151	28.19174	0.1648869417386228	0.0945296316184341	0.0684254107	0.0752629169	-0.0598864265	0.0084215804	-0.046612045	-0.0243677546	-0.025814097	0.0449001785	0.0525859144	-0.1301765898	0.0214509322	-0.0243112238	-0.0118292199	0.072405167	0.0143109117	0.0294944258	-0.0139345326	0.08287939	-0.0599494723	0.0571357718	0.0274143446	-0.0706696246	-0.0671988874	-0.0461237267	-0.0150447822	-0.0022216765	-0.0533662834	0.0486328317	-0.0072691787	-0.109911432	0.0700686966	0.0084731306	-0.0130721867	-0.0609635008	0.0151827999	-0.0333771057	0.0711874488	-0.0777589479	-0.0169852458	-0.0419114773	0.0439443275	0.0327410149	-0.1282704553	-0.0848738158	0.0230298376	0.0399406811	0.0491970324	-0.0610705528	-0.0039512092	0.0582532231	0.0322870393	-0.0809547436	0.0549468509	-0.018574469	0.0297227268	0.0842606427	-0.0688728794	-0.0846956933	-0.0055294806	-0.0119497101	0.0815137897	0.0424869082	0.0647610944	-0.0685557593	0.0162404354	-0.0321359723	0.0019710169	0.0391106412	-0.0613308027	0.0192972215	0.1178454954	0.0501196332	0.0018487559	-0.0740475837	-0.0239328944	0.0285160272	-0.0691771325	-0.0164002711	-0.0619225125	-0.0929294115	-0.0282434819	0.0901290607	0.0880975792	-0.0223577792	-0.0312194459	-0.0419464877	-0.0622307179	-0.0360357877	0.0141135172	0.0666738623	0.1045400539	-0.0202185927	-0.019505907	-0.0609147604	0.0563653966	-0.1033423484	-0.1577786543	-0.1013027136	0.0585454321	-0.0335615028	0.0341114464	0.0278131973	0.0011317367	-0.0746982641	0.0468229666	-0.0377368798	-0.065835663	0.0182276226	-0.0592071548	0.0161332332	0.0261304258	-0.0439995797	0.0033039762	-0.0114356074	0.0956352476	-0.0323255657	0.038868356	0.0934804163	-0.0198726265	0.095728517	-0.0127261413	0.0347665096	0.0426752838	0.0803808366	-0.0421500198	-0.0978607196	-0.0356537241	0.0592211072	-0.0076002696	0.039710802	-0.0573221986	-0.0305207245	4.75057e-05	0.0340825617	0.0606593166	0.1002139176	-0.0332358505	-0.0291679303	-0.0672896215	0.0292606206	0.0190607341	-0.0606775209	0.0809511339	-0.0727503781	0.0389598496	0.0085347133	0.0361216635039198	0.0211584372467968	0.0013047745742904	0.0004476794667266	0.2484039103885891	0.0333805408491941	0.0011142605073847	0.0617045026963422	-0.3949752621351337	-0.0820170452876639	0.1560054576987175	0.0067267957177187	-0.0012750164030738	-0.0004889863983062	2.391076977285674e-07	1.6256668281072506e-06	5.9158229632538806e-05	-5.66394330032612e-05	3.499696133256192e-09	3.208025370930914e-09	0.0005360378404243	2.099253578979996e-05	4.406865588860321e-10	2.873365663667473e-07	0.0	0.0	0.0
1807.9289658027888	5.555398418139475	30.862451584266584	3268607.145388741	2453.7268216071	1.305156371602607	1.7034331543348815	6020775.315074082	1931.00185724694	6.261363832969664	39.20467704882056	3728768.172691132	2050.2033359389006	1494.806916408504	0.9060760000000002	23.692276	0.04725850069756	0.0197474580946329	0.0916608693	0.0905980256	-0.0241286295	0.0212820059	0.0068361701	0.0140410583	-0.0528038812	0.050459211	0.0276464646	-0.1233766371	0.0110487164	0.0261269427	-0.0309580584	0.020371766	0.0014513389	-0.0479252581	0.0226683872	0.0505836686	-0.0265428435	0.0457320384	-0.0412241972	-0.045352001	-0.0745362065	0.011771454	0.0230091121	0.0824577278	-0.0291382793	0.0925930882	-0.0347017218	0.0591899794	0.0733410193	0.0916562067	-0.007431077	0.0119754208	-0.0274186478	0.0144401227	0.0517745289	0.0407479841	0.0056565545	-0.0147466352	0.0004442754	0.0334709843	-0.0917701945	0.046986778	0.0424871186	0.0090673145	0.0885985234	0.0575990072	0.0145496553	0.0234580897	0.0111017099	-0.0329681704	0.0643415871	-0.0966876978	0.0322223708	0.0466220686	0.0439677284	0.044000875	-0.0836700625	-0.1218739145	0.0550514113	0.0130109292	-0.0152931298	0.0553392067	0.0581668136	0.0577557445	-0.0189878153	0.0507251914	-0.0143134937	0.0452709963	0.1037579484	0.087451348	-0.0297484065	-0.0314418208	0.0378513411	0.036982589	-0.019227729	-0.0818511204	-0.0906822899	0.0556690738	-0.0527857224	0.0684770583	-0.0420595208	-0.0616785525	0.021058656	-0.0107922927	-0.1311303248	0.0545417662	-0.0738150062	-0.0001474687	-0.0254779151	0.1173200822	0.0358784752	-0.0105996266	-0.0084029717	0.0221245575	0.0488942165	-0.026465894	-0.0045806816	-0.0184762042	-0.022055351	0.0686642504	0.0261841809	-0.0612135494	0.0310036841	0.0193075205	-0.105283789	0.0935845536	-0.0152732715	0.078464644	-0.0531867464	-0.0466885381	-0.0168488621	0.0780461198	0.1037346402	-0.0579409029	-0.0522366497	0.0888767698	-0.0432917153	0.0514143733	-0.0102536008	-0.0560003071	0.0732312505	0.0523324964	-0.0049949884	-0.0186009729	-0.0101050072	0.0215016158	-0.0234605484	0.0497591363	-0.0274014369	0.0141460344	-0.0625463488	0.1041652615	0.0242408517	0.0520087298	0.0218429797	-0.1025178215	-0.0677702193	0.0308505711	0.0165575133	-0.05833645	0.080282427	-0.0749343514	0.0441104375	0.0017099414	0.0307954770521945	-0.0053261864517253	0.0009483614068722	2.836826211854214e-05	0.2445798775700325	-0.0038240328185566	1.462322699739806e-05	0.059819316512172	-0.4079092364137437	-0.01293397427861	0.1663899451516434	0.0001672876906397	-0.0012160455579816	5.897084509219998e-05	3.4775605708882472e-09	1.4787667990867807e-06	0.0002838080172986	0.000224649787666	8.054699068296243e-08	5.0467527098406366e-08	0.0003161723302092	-0.000219865510215	4.834084258214622e-08	9.996494238991541e-08	0.0	0.0	0.0
1804.6107577238272	-3.318208078961561	11.010504855285774	3256619.9868925656	2467.863459210743	14.136637603642612	199.84452273672235	6090350.053307613	1932.893507829801	1.891650582860848	3.578341927637785	3736077.3126105927	2057.747605741366	1511.5596338207044	1.110953	29.049469	0.102385374424028	0.0490161222191469	0.0848470429	-0.0644609471	-0.0829985285	0.0539034597	-0.0460455826	0.0121991022	0.0275977028	0.0340796406	0.0009755838	-0.0210963225	0.0302936517	0.0324788731	-0.0574304146	-0.0374265507	0.0032387111	-0.0294094763	0.0607697825	0.0578874983	0.0043616267	-0.0865619567	-0.0962383346	-0.0719897687	0.0349489957	0.0127577042	0.0451577196	-0.1431860585	-0.0059551129	-0.0529103572	-0.0522985568	-0.0015278133	-0.0028205025	0.0508521001	-0.0529685894	0.0577818344	0.0773662929	-0.1378690574	0.0787671804	0.0116789234	0.0267866848	0.0863520057	-0.0110319519	0.0280163986	-0.0216285727	0.1118082376	-0.1060088559	-0.0360197866	-0.0490318015	-0.0202415296	0.0312686311	0.0105244812	-0.0216557495	0.0001173408	0.0563192953	-0.0951705129	-0.057101122	0.0064917233	0.0159777947	0.0154640208	0.0134907419	-0.0126498245	0.0538201186	-0.0826151412	0.082817229	0.0010413682	-0.0150978892	0.0345962325	0.0167039649	0.0298384739	-0.0659911523	-0.0210261502	0.0285742872	0.0037125617	-0.0237397672	-0.0308885083	0.0648167577	-0.1130748864	0.0361843911	-0.0501263252	0.0312705107	0.0774825048	-0.0342412734	-0.0590397945	-0.1135941866	0.0068107507	-0.0307995377	-0.0256589573	-0.044695076	0.0985826494	0.0186487689	-0.0544457866	-0.0377670472	0.0067262812	-0.0096786192	-0.0484933702	0.0986589255	-0.0683771612	0.0532443471	-0.0775901601	0.0345011831	0.0383670305	0.1152693555	0.0263876063	-0.0288619321	-0.0584122059	-0.0666530642	-0.0553234982	0.0887714482	0.1327607603	-0.0158220702	0.0024423161	0.1011765283	0.0503086126	-0.0276231735	0.066478036	0.0550124043	-0.0697557385	-0.0431438798	-0.0366695554	0.0431828185	0.07247218	-0.0491059988	-0.0099429543	0.0720257296	0.0652874526	-0.0583338244	-0.0080265875	0.0669368406	-0.0524432104	0.0222384596	0.0302155094	0.0256056543	-0.0585833297	0.080252376	0.1204078086	0.0519052596	0.0247971512	0.0264581333	-0.0116203808	-0.0682433853	0.0324269895	0.0140379523	-0.0558930371	0.0793936715	-0.0768225931	0.0490241061	-0.0051268245	0.0372597996697408	0.0064643226175463	0.0013882926714292	4.1787466903720654e-05	0.2263225807546121	-0.0182572968154204	0.0003333288870063	0.0512219105594279	-0.3650678547405377	0.042841381673206	0.1332745385648583	0.0018353839836693	-0.0010280020166461	0.0001880435413355	3.53603734379959e-08	1.0567881462284484e-06	-9.772935210206056e-06	-0.0002935809525088	9.551026262288527e-11	8.618977567597783e-08	0.000530995302722	0.0002148229725127	4.614890951923519e-08	2.819560115128284e-07	0.0	0.0	0.0
1804.150589865657	-0.4601678581702799	0.2117544576930228	3254959.350912598	2481.7352257505686	13.871766539825783	192.42590693543025	6159009.730731226	1936.7920681210007	3.898560291199829	15.198772344120092	3751163.515136423	2065.748064613707	1535.241994084162	1.020566	26.686008	0.0673966888996967	0.0354108493982054	0.0504764997	-0.1055929079	0.0204028115	0.0061718004	-0.0088317465	-0.0064858327	0.0193361926	0.0707849946	0.0307069596	0.0480147427	0.0794742305	0.0522219371	-0.0199541038	-0.0454809775	0.0030916082	-0.0387762305	0.1060397807	-0.0091289639	0.0186101384	-0.087602462	0.0386412547	-0.0931254074	0.0343551511	0.0124385551	0.0120473787	-0.0066225889	0.0069800532	-0.037738122	-0.0253511131	-0.0451852282	0.0654165675	-0.0086458186	0.0145878916	0.0419102421	-0.1403260411	-0.0031315735	0.1839456518	0.0062687613	0.0651912146	0.0113874002	0.0224728917	0.1495560758	0.0107905691	0.0126290098	-0.032403349	0.054638549	0.0255934159	-0.0164458153	-0.0791762789	0.046937176	-0.0332023175	0.0088863523	-0.05792529	0.0154808398	0.0707568913	-0.0670707762	-0.0253742797	0.0755956551	0.0849669351	-0.0029044455	-0.0134957913	0.0293823913	0.0338293154	0.0109990488	-0.0714473979	0.0215723285	-0.038589155	0.0725193965	-0.1166544139	0.0174314353	-0.0229200158	-0.0642179524	-0.0209295905	0.0039302322	-0.048426082	-0.0330547684	0.0307211424	0.0003542475	0.0490189252	-0.0232028405	-0.022400009	-0.0527188619	-0.0524815954	-0.1260818889	-0.1191731398	-0.0910659213	0.0006756749	-0.0313164737	0.0057542578	0.0084960566	0.0326579124	0.0204628044	0.0828906737	-0.0376881474	-0.0114100728	0.0105599941	0.0650245988	-0.1144175687	-0.0363304395	0.036144942	0.0457965152	-0.0517702972	0.0467336792	-0.0355253903	-0.0578659719	0.0157414579	-0.0161229253	-0.0303461449	0.0544670888	0.0353144394	-0.0151178475	0.114255893	0.1069262831	0.120375555	0.0613942694	-0.0410697104	0.0607575464	-0.0303777411	0.0232025559	0.0176486983	0.0075162735	-0.0288088169	-0.019504456	0.0660836876	-0.0727244979	-0.0103239335	-0.0365189738	-0.0846130075	-0.0203161322	0.0505584125	0.0006717549	-0.0233921973	-0.0068463638	0.054798229	0.0234461354	0.011645209	0.0936277052	-0.032039672	-0.0687090676	0.0339891844	0.0115045374	-0.0533515689	0.0782873035	-0.0784076511	0.0536744641	-0.0119276293	0.031227014537734	-0.0060327851320068	0.0009751264369398	3.639449644896231e-05	0.2218867502150914	-0.0044358305395206	1.967659257534433e-05	0.0492337299210143	-0.3677475723175973	-0.0026797175770595	0.1352382769454864	7.180886292802134e-06	-0.0005213588001584	0.0005066432164876	2.566873488130024e-07	2.718149985026065e-07	-0.0003831919090129	-0.0003734189738026	1.4683603913295065e-07	1.3944172999585704e-07	0.0007359002254538	0.0002049049227318	4.1986027359724955e-08	5.415491418229537e-07	0.0	0.0	0.0
1804.6962356230165	0.5456457573595799	0.2977292925245095	3256928.5028718864	2456.7712568378083	-24.963968912760265	623.199743877261	6035725.008424425	1934.2875282107373	-2.5045399102634747	6.272720162102574	3741468.241791604	2055.6083530404144	1519.62716404384	0.933194	24.401363	0.0894356517056077	0.0545439728849627	-0.0016869158	-0.1112839837	-0.0638657267	-0.0184384381	0.0154153503	0.0245090183	-0.0021643076	-0.0550911157	0.0409547934	-0.0484090727	0.0782871636	0.0233025567	0.0464348687	0.009337067	-0.1024807405	-0.0579630293	0.0301803324	0.056887312	0.0622178144	-0.0816268632	0.0009670433	-0.049108861	0.0018987386	0.0168470601	0.081800273	0.0306927829	-0.0332400281	-0.0020648128	0.0215617132	-0.0343901955	-0.0557062315	-0.0746948075	-0.0875615419	-0.0201013415	0.0094083532	0.0795010626	0.0838060663	0.0462529114	-0.0062165423	0.0710889249	-0.0148696324	-0.0230129688	-0.1205350026	0.0398451228	0.002571393	-0.0130508219	-0.0527791651	-0.1460082439	0.0893597542	-0.007166408	0.0206511747	-0.0428796016	-0.0471185353	-0.0255992806	-0.0365600103	-0.0945406713	0.0675736806	-0.0272037378	0.0875736852	-0.0698969358	0.0250272298	0.0432609316	0.1160818625	0.0232739647	0.0037404751	-0.0700660727	-0.0698243495	0.0136172095	-0.0074559096	-0.0335746911	0.0476547743	-0.0631672238	-0.066303238	0.0048277688	-0.0360458441	-0.0007859989	0.1078494718	-0.0313426437	0.0081549806	-0.0303602258	-0.0201281116	0.0272437949	0.0527895557	-0.0878261885	-0.0616259978	-0.0206560027	0.0029780485	-0.0293395908	0.0237155214	0.021495528	0.0298226237	-0.0746531791	0.0466246547	-0.0169266132	-0.0023999398	0.0665654777	0.0562475278	-0.0955677392	-0.0612175029	-0.0269400597	0.0142913688	0.0338580445	-0.0012083867	0.0467288571	-0.0028522678	-0.0674672934	-0.0061133099	-0.0201642647	-0.1258393984	-0.0402072049	0.0716580197	0.0126248551	0.0819945909	0.0959599169	0.0179287672	-0.0183183762	0.0149586726	0.0383972548	0.0987734126	0.0828848557	0.0403137813	-0.0135704022	-0.0394227138	0.0474523133	-0.0770113093	0.009376922	0.0373060184	-0.0218346624	-0.0081074178	0.0219715295	0.0200963411	-0.0075515695	0.0319748437	-0.0180470842	0.0394502629	0.1166997766	-0.0103821248	-0.0327394899	-0.0691672152	0.0355364705	0.008959769	-0.0507165039	0.0769663555	-0.0796832699	0.058036534	-0.0186447705	0.0308741395064089	-0.0003528750313251	0.0009532124902611	1.245207877326912e-07	0.2147079785251122	-0.0071787716899792	5.153476297684701e-05	0.04609951604234	-0.3217709652638589	0.0459766070537384	0.1035365540868354	0.0021138483961738	-0.001088812812249	-0.0005674540120906	3.220040558377188e-07	1.1855133401175762e-06	-0.000464938523923	-8.17466149101e-05	2.1616783102769809e-07	6.682509049260183e-09	0.0008052475570644	6.934733161059997e-05	4.809052401510517e-09	6.484236281581841e-07	0.0	0.0	0.0
1804.7511613355248	0.0549257125082931	0.0030168338945436	3257126.754341925	2464.0518419989226	7.280585161114232	53.00692028823674	6071551.480058284	1933.755474180687	-0.5320540300501762	0.2830814908926337	3739410.2339237737	2054.21138300996	1533.5348222943956	0.946315	24.744469	0.0589850024536295	0.0277791915561386	0.0171057678	-0.084019354	0.025463952	0.0247362494	0.0358604804	0.0504886539	0.0322023972	-0.0197752694	-0.0428110243	0.0009601285	0.0567833983	-0.0204260407	-0.0011857303	0.0518991303	-0.038726716	0.0291655256	0.0372044361	0.0392858407	-0.0037731763	-0.0695827904	-0.0544968816	0.0370289544	0.0449689721	0.0500853742	0.0741177195	0.0337570991	-0.0799045444	-0.0515450732	0.049709843	0.0761951294	-0.0565414668	-0.0636223541	0.0303987605	-0.0440738583	-0.0447042563	0.1135931117	-0.0069156004	0.0594124943	0.1047310719	-0.0091281211	0.0350651198	-0.1249852584	-0.0460242947	-0.0455082701	0.0170680381	0.0185940686	-0.0008658253	0.0318379772	-0.0160158705	0.0680697087	-0.0043559965	-0.029776756	-0.0005216065	-0.0326742693	0.0529682348	-0.0046241244	0.086957357	-0.0175598386	0.0293772005	-0.0024046802	-0.0331341281	-0.0067623392	0.057370335	-0.0094660483	-0.1563597343	-0.0191423488	0.0069100139	0.070782033	-0.0119308319	-0.0391395937	0.0305362654	0.000298697	-0.1117639666	0.0058171037	0.0577168696	0.0171050573	0.0840395675	-0.0487534047	-0.0427010743	-0.0537539294	0.0077877472	0.0046362422	0.0241796766	-0.0397555477	-0.0575217271	0.0020522728	0.0717214756	-0.0295899903	0.0660051221	0.0689729623	0.0079151156	-0.0321653389	-0.0590663727	0.0545008285	-0.0542992503	0.0857752454	0.0774652001	0.0333647654	-0.043730393	-0.029774409	0.0546659799	0.0316115367	0.0068311815	0.0073374784	-0.0133107232	-0.0305791686	-0.0037661231	-0.0440248556	-0.0819699369	0.0184028335	0.0267684002	0.0462025148	-0.0509132984	0.0491433704	0.0298031407	-0.0173150146	-0.0767890339	0.0139023583	0.0458745314	0.0098439106	0.0223245046	-0.1007476654	-0.0180328547	0.0363067805	-0.0584119797	0.0325806965	-0.0340044602	-0.0198612757	0.03587952	-0.0089018467	0.0341424108	-0.0378822159	0.001903632	0.0561170874	0.0499081402	-0.0047373729	0.0034248926	-0.0893784343	-0.0696177779	0.0370681691	0.0064061583	-0.0479924649	0.0754344479	-0.0806444153	0.0620868871	-0.0252311319	0.0385267155471495	0.0076525760407406	0.0014843078108509	5.856192005931712e-05	0.2328290115534201	0.0181210330283078	0.000328371838013	0.0542093486209426	-0.33325522438777	-0.0114842591239111	0.1110590445817429	0.0001318882076251	-0.0013653550263451	-0.0002765422140961	7.647559617717325e-08	1.864194347965829e-06	-0.0004209725038684	4.396602005460001e-05	1.7721784901323005e-07	1.9330109194414902e-09	0.0006912131060017	-0.0001140344510626	1.3003856029171307e-08	4.777755579085174e-07	0.0	0.0	0.0
1802.40207363152	-2.349087704004887	5.518213041106953	3248653.235031203	2473.57658836394	9.524746365017563	90.72079331791528	6118581.138502189	1931.8503958634503	-1.9050783172367571	3.629323394805635	3732045.9519977695	2055.411608723336	1516.441473770374	0.941807	24.626587	0.084189888539376	0.0434095011536338	0.0149423389	-0.0743855718	0.0657924092	0.0520795847	-0.0101758242	-0.0579834231	0.0811922779	0.0279333094	-0.0732671947	0.0114947178	0.1118076106	-0.0525033264	-0.0328991645	0.0293247955	0.0554198661	0.0260997691	0.0612674144	-0.0492812829	-0.0724937434	-0.0216561962	0.0926237272	0.0583036148	0.0238893021	-0.0048793439	0.0230331925	0.0149986304	-0.0045814171	0.0140305853	-0.0186378713	-0.0076219455	0.0360707109	0.009455628	-0.0170674788	0.0032022437	-0.0186750053	-0.1339637786	-0.0591237447	-0.0985515807	-0.0421021886	0.0399500391	0.0542255583	0.0030439409	0.0668918911	0.0103763572	-0.0656099328	-0.0747233427	-0.0623503558	0.0317998808	0.0336129297	0.0314514544	0.0695961635	0.053664416	0.0762726897	-0.0371836791	0.0181952355	0.0095981048	0.0342328261	-0.0965189462	-0.0149029657	0.0012136452	-0.070794034	0.0383241278	-0.153499045	0.004970419	0.0071811666	-0.0286148574	-0.0148086428	-0.0044964483	-0.0643502699	-0.0358768019	-0.0586321973	0.0565146572	-0.0913392271	-0.0209205246	0.0102943497	0.0307873784	-0.0822290204	0.0002788486	-0.0012889736	-0.0278204512	-0.0077661335	0.0255143985	-0.0864062691	0.0249207553	-0.002365338	-0.0073642041	0.0424659371	0.0007628634	-0.043752886	-0.0312853218	0.0144560868	-0.0150812412	-0.0078354798	-0.0145719384	0.0401108503	-0.1400534831	-0.0368442005	-0.0680953523	-0.0179071105	0.1310767615	-0.0969963011	-0.008397522	-0.0055970376	0.016132796	-0.0199287641	0.0216327886	-0.0558452398	0.1121030074	0.0396190267	-0.0408954902	0.0447084813	-0.0567168262	-0.0771833642	-0.0449529993	-0.0089405286	-0.0077346838	0.0359487733	-0.085373901	-0.0016528982	-0.0247203648	-0.0180085703	-0.0671615878	0.0226865629	0.0830854517	-0.0327907031	-0.0341080835	-0.0160939147	0.0110711717	0.0508697266	-0.0087648591	-0.0027778613	0.0038459009	0.0345889911	0.0018814043	0.0541332495	-0.0346602932	-0.0184580231	-0.1165920143	-0.0700607062	0.0385836084	0.0038462256	-0.0451842308	0.0736957799	-0.081287294	0.0658037687	-0.0316405151	0.0484616974470668	0.0099349818999172	0.002348536119451	9.870386535168428e-05	0.2164914982916599	-0.0163375132617601	0.0002669143395781	0.0468685688325677	-0.2933348359968164	0.0399203883909535	0.0860453260092792	0.0015936374092845	-0.001250270933997	0.0001150840923481	1.3244348311586054e-08	1.5631774083977306e-06	-0.0006459449364402	-0.0002249724325717	4.17244860912734e-07	5.061259541727309e-08	0.0007110966808167	1.988357481500001e-05	3.9535654742370277e-10	5.056584894685278e-07	0.0	0.0	0.0
1801.1560177393717	-1.246055892148206	1.5526552863572618	3244163.000238752	2466.419782967403	-7.156805396537038	51.21986348390167	6083226.545812972	1930.7127185731424	-1.13767729030792	1.2943096168823711	3727651.601660094	2055.416338597839	1502.2208031527744	1.035951	27.088295	0.0435897034404463	0.0201371432167665	-0.0217500186	0.0713431753	0.0863468431	-0.0425518505	-0.0473902357	-0.1281371549	0.0533733559	0.0220889169	0.0500269152	-0.0071357925	-0.0536929587	-0.0067588068	-0.0560698388	-0.017987122	-0.0516785677	-0.0338386738	0.0090919953	-0.0138808721	-0.0208702312	-0.0267069425	0.0800863286	-0.0028030265	-0.0292122388	0.0332500931	-0.0297586046	-0.0246797588	0.0332713034	0.041973758	0.0155345055	0.0351445608	-0.0646158302	0.0943459302	0.0919346831	0.0216697692	0.0627303015	-0.114522607	0.0796247184	0.030847657	-0.0414583683	0.074013772	0.041808417	-0.0670288101	0.0179881641	-0.0046986021	0.0345181754	-0.0598882376	0.0726367356	0.0809808693	0.0536786123	0.0276827432	-0.0606323302	0.0187762859	-0.0122825052	0.0003472799	0.0415784069	0.0180019643	-0.0232852417	0.0061692123	-0.0420919317	0.0475626891	0.0013857948	-0.0137905953	0.0062451637	-0.108050384	-0.0265517737	0.0385436148	0.0276165219	0.0390563627	-0.0279076153	-0.032328348	-0.0393395682	0.0245306557	0.0936025866	-0.0542914016	-0.0552291427	0.0424469016	0.0106956363	-0.0108805336	-0.0202866978	-0.004845211	0.0549559963	-0.0114053311	-0.0939670387	-0.0006116814	-0.088804349	0.0601445588	0.0234993036	0.0837508015	-0.0237006856	-0.0394427102	-0.0158410647	-0.0727582508	0.0675755965	0.0445749448	-0.0404624126	-0.0033217951	0.0463078638	-0.0375775083	-0.0021366257	0.0447165317	0.0708837999	-0.0113028769	-0.016983638	-0.0112400341	0.0047812157	-0.0167279767	-0.0134598509	0.1251722907	0.015985993	-0.0491204199	-0.0049361773	-0.070997249	-0.0552545058	-0.0480644828	-0.0149595881	0.0156708952	0.0787834496	0.0550023298	-0.0926646375	-0.0715332221	0.0085189104	-0.0068900362	0.0251238325	0.0915659922	0.0340903683	-0.01420074	-0.0328998181	-0.0054632103	0.0118240432	0.0464979689	-0.0087091381	-0.0331032237	-0.0260559645	0.0477936782	-0.017525416	-0.0316955153	0.0762656021	0.0341420803	-0.0704959515	0.0400821236	0.0012824971	-0.0422967282	0.0717551168	-0.0816093689	0.0691672152	-0.0378279629	0.0372495302274273	-0.0112121672196394	0.001387527502164	0.0001257126937611	0.2155108348575254	-0.0009806634341344	9.617007710484685e-07	0.0464449199409875	-0.3076586395983938	-0.0143238036015773	0.0946538385195343	0.0002051713496165	-0.0013973370432534	-0.0001470661092564	2.162844049181541e-08	1.952550812448154e-06	-0.0004769791148226	0.0001689658216176	2.2750907597695106e-07	2.854944887491062e-08	0.0006856672279888	-2.542945282790006e-05	6.466570711263943e-10	4.70139547537845e-07	0.0	0.0	0.0
1797.0026366883644	-4.153381051007273	17.250574154866275	3229218.476264934	2435.362475632708	-31.057307334695	964.5563388816996	5930990.387719872	1924.8952675166088	-5.817451056533628	33.84273679516422	3705221.790907837	2046.2032289815	1507.0191448765754	1.229415	32.147034	0.1204812795954906	0.0701087868207996	-0.0525939827	0.0076105175	-0.0888856795	0.0295577495	-0.1121314815	0.085126362	0.0156568961	-0.1304463041	0.0714157673	-0.0680595592	-0.079263173	-0.0124227659	-0.0698096586	-0.0050633539	-0.2081399362	0.0622228864	-0.1488055706	0.0780478693	-0.0173251761	-0.008410235	0.0965203385	-0.0308306018	0.0215171747	-0.0550043453	0.0359242018	0.0254045517	-0.1414504434	-0.0153009944	0.0802177331	-0.0381981263	-0.0458158327	-0.00874422	-0.1183324721	0.0040987222	-0.0061957887	0.0517583115	0.0709833934	0.0516065862	-0.0930407369	-0.0585974562	0.0669947145	0.0593184096	-0.0179447752	0.0833985642	-0.0661132313	0.0048403056	-0.0611282887	0.0483137124	-0.0105014543	0.0156259474	-0.0252071908	-0.0292443942	-0.0141807431	-0.0349949476	0.027003227	-0.077611718	0.1741801516	0.0588922302	0.0365379828	0.0440708545	-0.0487140266	-0.0536561857	-0.0473291273	0.1154056183	-0.0213058348	0.0723353627	-0.0231919189	-0.010711154	0.0797274783	-0.0734905457	0.0829127136	-0.0563130934	-0.0436087951	-0.1245092228	-0.0500660956	-0.0455626649	-0.0531776558	0.0010285998	-0.1229580925	-0.1388844463	-0.069891022	0.0281431416	0.1127265091	-0.0645645022	0.0172351453	-0.0808350782	-0.0794311805	-0.0666528535	0.0009376653	0.0774929506	-0.1619814346	0.015076513	0.029175675	0.0776711642	-0.1270091762	-0.0154897505	0.0536997169	-0.1415622833	-0.0393328742	-0.0355621546	-0.1012405187	0.0922365785	0.127679749	0.0047431621	-0.0647284513	0.096740349	0.0119744216	0.0207107721	0.1091031106	-0.0215878432	0.0488923047	0.0420988159	0.0942599305	-0.0018587654	-0.0502356866	0.0228095965	-0.0264433843	0.079301718	0.064309333	0.1401832716	0.0079930007	0.0459646707	-0.0428736275	0.0380787906	0.0236943022	-0.0802051829	-0.07377686	0.0159501678	-0.0524376384	0.036004752	-0.0269910554	-0.0767601069	0.0138068476	-0.0145761012	-0.0363306659	-0.0577193097	-0.0596277334	0.0454235381	-0.0709234662	0.0415630576	-0.0012824971	-0.0393350228	0.0696177779	-0.0816093689	0.0721591615	-0.0437500746	0.0290174075136349	-0.0082321227137924	0.0008420099388123	6.776784437493678e-05	0.226288019312463	0.0107771844549376	0.0001161477047757	0.0512062676843576	-0.2376952541463382	0.0699633854520556	0.0564990338436923	0.0048948753039129	-0.0016732132275289	-0.0002758761842755	7.610766905040964e-08	2.7996425047776786e-06	-0.0007941055067424	-0.0003171263919198	6.306035558386039e-07	1.0056914845207063e-07	0.0007228363912876	3.716916329880003e-05	1.381546700332863e-09	5.224924485696804e-07	0.0	0.0	0.0
1797.2819202364835	0.2792835481191105	0.0779993002499995	3230222.300808941	2461.589166517002	26.22669088429393	687.8393147403063	6059421.224713868	1931.0385602815884	6.143292764979606	37.74004599625077	3728909.9212943898	2052.001785015741	1508.8644366339847	1.237911	32.369198	0.1243666166327353	0.0701212486092685	-0.0117544229	-0.0680217524	0.0235685258	0.0475272846	0.0410720283	-0.0616800451	0.0093194887	-0.0360038438	-0.0367037723	0.0037847813	0.097189257	-0.1221390525	-0.040478377	0.0608716846	-0.06342048	0.0302462814	0.014039991	-0.0039452464	-0.0901015224	-0.0090368288	-0.0678300331	0.0452313598	-0.0478103709	0.0147707523	0.0789079014	0.0648500421	0.0032826401	0.0290379949	0.068205243	0.0170838948	-0.0844962304	-0.001105212	-0.1551054434	-0.0054023847	-0.0377751956	0.0364084201	0.0338973631	0.0350697581	-0.0723562247	0.0047087215	-0.0376459852	0.0513620355	0.0333041288	-0.0511792213	-0.0743468468	-0.0226348695	-0.0262293829	-0.0130795065	0.0403551573	-0.0609192306	-0.0587619943	0.0525357667	-0.0169447103	-0.0119967372	0.1283946755	0.0091684657	0.0525291833	-0.0299009663	0.0201085619	-0.0342637751	0.0312616127	-0.0005866822	0.0670501754	0.0060615987	0.0477586728	-0.0315492436	0.017043295	-0.0403146602	-0.0066470814	-0.0191686571	0.003022164	0.0392599253	-0.1375002861	-0.0336169985	0.0545098483	0.1021110396	-0.0294209777	-0.0279117149	0.0342699095	-0.0297754881	-0.0061122526	0.0158582642	0.0435829046	0.0462516504	-0.0409858792	0.0449052242	-0.0673894883	-0.0468368031	0.0450188782	-0.0260373503	0.1065663459	-0.1181787534	-0.0556924374	0.0205576826	-0.0769240547	-0.0683933339	0.0379207965	0.0090617944	0.0044330419	0.0326057409	0.0202386167	-0.0147121499	0.0601213154	0.0797289852	-0.0192939348	0.0212726597	0.0163905892	0.0088474896	0.0417287371	-0.046372451	-0.0684159128	0.0483346275	-0.0009182487	0.0996732239	-0.0107618549	-0.0344038371	-0.052051239	-0.0108627214	-0.0323831678	-0.0455958992	0.0150410439	-0.0680268133	-0.1088038727	0.0870039453	-0.0383810706	-0.0545532667	0.0541708029	-0.0370063156	0.0801616485	-0.0026651527	-0.0762802018	-0.0577370615	-0.015977126	0.045724179	-0.0141519338	-0.0404768177	0.0189213126	-0.0227338875	-0.0713432033	0.0430257605	-0.0038462256	-0.0363043104	0.0672896215	-0.081287294	0.0747635377	-0.049365311	0.0240143510434762	-0.0050030564701586	0.0005766890560393	2.503057404359682e-05	0.2381179289154573	0.0118299096029942	0.000139946761215	0.0567001480709867	-0.2856682282093956	-0.0479729740630573	0.0816063366082953	0.0023014062404547	-0.00078627645385	0.0008869367736789	7.866568405039363e-07	6.182306618789313e-07	-0.0008821989673508	-8.809346060839997e-05	7.782750179948179e-07	7.760457801963717e-09	0.0005066530956444	-0.0002161832956432	4.6735217315155225e-08	2.566973593260535e-07	0.0	0.0	0.0
1797.4860767192204	0.2041564827368347	0.0416798694434755	3230956.195999455	2470.071606866245	8.482440349243006	71.95179427846581	6101253.743046794	1928.434345876138	-2.6042144054504206	6.781932669555488	3718859.026354728	2059.086320107572	1473.1491777696506	1.082592	28.307873	0.1597946136362384	0.0772676481490572	0.0133045474	0.0405262303	-0.0249544996	0.0349998795	-0.016153222	-0.1101764029	-0.0510894149	0.0855106955	0.019263829	-0.0070808979	-0.0141857785	-0.0419541825	0.0335967998	0.0708792126	0.0845767224	-0.0007558025	-0.0155834144	-0.0039724083	-0.0621085483	0.0493522462	0.0628358054	-0.0511403843	-0.0443831967	-0.02877769	-0.0761996376	0.0160485547	-0.0435725185	0.0782787124	-0.0225216617	0.0186396052	0.0150812916	0.0177555507	0.0147206258	0.0209147403	-0.1296863589	-0.0012835742	-0.0168392354	0.0337282614	0.0521579964	0.1309947468	0.0644031378	0.0612312306	-0.0090372308	-0.1238376618	0.0051975709	-0.0423515789	0.0194102693	-0.0437037992	-0.0214154597	0.0601783726	-0.076691887	0.0837416856	-0.0869713386	-0.0087292818	-0.0509909362	-0.0223075563	-0.0486525959	0.0868747498	-0.0124872838	0.0277860387	0.0073772897	0.0658602701	-0.048708452	0.0165018115	-0.0139655025	0.0039488223	0.09821405	-0.0293880018	-0.0572617901	0.0932417842	0.0187423013	0.0079229556	0.0548403908	-0.0479999055	-0.0504305208	0.1234714326	-0.0276827937	0.0821095524	-0.0039432406	-0.0061107877	-0.0251411943	0.0393850359	0.0267544923	0.0112704043	0.0108812068	0.0445959249	-0.0225534077	-0.0034524571	0.1482765374	-0.0100942111	0.0453171877	0.0591522835	0.025512469	-0.0336492157	0.0214677784	-0.0156302935	-0.0159094987	-0.0615279137	-0.0102468249	-0.0768890773	0.0741445517	-0.0057924378	0.0171429077	0.0309035153	0.0667341829	0.041688355	0.0063237371	-0.0557773861	0.0386570677	-0.0486440103	0.0021390211	-0.0362460646	-0.0958359845	-0.0990967564	0.023054499	0.0338488134	0.0264534388	-0.034593614	-0.0289455174	-0.0286010685	-0.0090969025	0.0696361773	-0.0247480207	0.0866981081	0.0552496344	-0.0840430622	0.0673985638	0.0048996762	-0.0458344802	0.0586273853	-0.0853624339	-0.0006733803	-0.0093626694	-0.0398032587	0.0238757591	-0.0235376798	-0.0246519427	-0.0599366946	-0.0717551168	0.044469591	-0.0064061583	-0.0332099078	0.064777029	-0.0806444153	0.0769663555	-0.0546342852	0.0676288476402504	0.0436144965967742	0.0045736610331482	0.00190222431339	0.2574434573756292	0.0193255284601718	0.0003734760502649	0.0662771337455174	-0.313307877573088	-0.0276396493636923	0.098161826149353	0.0007639502169478	-0.0002719900117762	0.0005142864420738	2.64490544500928e-07	7.397856650601743e-08	-0.0016350867138994	-0.0007528877465486	2.673508561970339e-06	5.668399589030291e-07	0.000623777691334	0.0001171245956896	1.3718170915452266e-08	3.89098608205975e-07	0.0	0.0	0.0
1800.6994634309524	3.213386711732028	10.325854159135975	3242518.55760052	2463.136929449908	-6.934677416336854	48.08975086865238	6067043.533219922	1932.412757212721	3.9784113365831217	15.8277567630531	3734219.064238471	2052.3011649662403	1494.5377320829466	1.021073	26.699245	0.1049048597576588	0.0479164708472401	-0.0366509129	-0.044621564	-0.0303212391	-0.0376899763	0.1246226397	-0.0606407258	-0.0796977714	-0.0279930339	-0.0460901459	-0.0400836766	0.0488506845	0.0220671367	0.0897489219	0.0506446572	9.38039e-05	0.0229012169	-0.0217149751	-0.0061315738	-0.0104533467	0.0002136147	0.0408496754	0.0286576553	0.05707165	0.0621603551	0.0142740939	-0.0351805702	-0.0118664315	-0.0449098381	0.045997296	0.0697701938	-0.0080071435	-0.0724318613	-0.0246234786	0.0246474085	-0.0157132537	0.0037781025	0.0324205225	-0.088719265	-0.0014024832	-0.0878275245	0.0284471284	-0.0733495437	-0.0321828113	-0.0400092244	0.0540146792	0.0228673846	-0.0616335769	-0.0357025746	0.0030449474	0.0485653025	-0.0588242058	-0.017062851	-0.0866324429	0.0575748974	-0.0886562815	-0.0357115056	-0.0216210541	0.0133071067	-0.0456766511	-0.0601355695	-0.1175466657	0.0147820717	-0.0135622804	-0.0235703394	0.0146817298	0.0508548323	-0.0268175472	0.0113251015	0.0407071997	0.0280641583	0.0321532039	0.0177597368	-0.0903006482	0.0135190125	-0.0627333283	0.0752474821	0.1140402113	0.0121215229	-0.0285782292	0.0271785005	0.0257090215	-0.0717878526	0.049490709	-0.0339313531	-0.0558784521	0.0136995696	0.0572840256	0.0427574778	0.0655452296	0.0571912828	-0.0093492942	-0.0097091077	-0.0656343341	-0.0116826824	0.0067814424	0.0407151839	-0.1437886598	0.0231035607	0.0017143824	-0.0236146719	-0.0362651265	-0.0197214977	-0.0651577173	-0.0513086833	0.030281895	-0.002061212	0.0279820997	0.0027704426	-0.0094681859	-0.0647008025	0.0060142851	-0.0511475146	0.0616049885	0.0262357727	-0.0016630769	0.071476632	0.0105798095	-0.0126052885	0.0346703661	-0.0511608025	0.0609072165	0.000450173	-0.0669521182	0.0418631405	0.0093043735	-0.0213667484	0.0925011438	-0.0928219199	0.0255043757	0.0728028267	-0.0827519993	-0.0183231329	-0.0404114846	-0.0228123925	-0.0156036641	-0.0439240545	0.0245385267	0.0321774901	-0.0721591615	0.0458939156	-0.008959769	-0.0300572439	0.0620868871	-0.0796832699	0.0787557834	-0.0595200392	0.0837507574458413	0.0161219098055909	0.0070141893727521	0.0002599159757796	0.2444995049077221	-0.012943952467907	0.0001675459054914	0.0597800079001212	-0.2866919963663221	0.0266158812067658	0.0821923007805072	0.0007084051324126	-0.0009007793623268	-0.0006287893505505	3.953760473658452e-07	8.114034595938763e-07	-0.0018238580521188	-0.0001887713382193	3.3264581942785832e-06	3.563461813314306e-08	0.0007906793281119	0.0001669016367779	2.7856156359142084e-08	6.251737999034857e-07	0.0	0.0	0.0
1806.0123406024195	5.312877171467108	28.22666383909633	3261680.57440823	2470.448414301964	7.311484852055855	53.45781074184223	6103115.367727089	1936.7647097129525	4.351952500231391	18.93949056427026	3751057.540789497	2056.331872301849	1467.3330620220895	1.057293	27.646343	0.0727444162856746	0.034079519713241	-0.0042080567	0.0948166643	-0.0080575419	0.0116172258	0.0712880412	-0.0476762858	-0.0804828313	0.0657363024	-0.0539184043	-0.0029982738	-0.0599681114	0.0496109695	0.1592504777	-0.0059762443	0.0628372331	0.0172846222	-0.0251780461	-0.0457480908	0.0132108227	0.0610406505	-0.0835027672	0.0440359447	-0.006867785	0.0373440752	-0.06303136	0.0394849935	0.0883413341	0.0069969459	0.0639834898	0.0309721768	-0.0131595858	-0.0801744601	-0.0714058408	-0.0342140802	-0.0041747631	0.01771524	-0.0956247658	-0.0175800037	-0.0050611423	0.0448071248	0.0266123626	0.0210357075	-0.026353738	0.0415280923	0.0092103595	0.0589453603	0.0008941176	0.1617619621	-0.0235092748	-0.0128920996	0.0108864883	0.0381197053	-0.0241298178	0.0468056867	-0.0170285604	-0.0474441854	-0.039383666	0.0054791345	-0.0081610622	0.0573369712	-0.0124108994	-0.1075211796	0.0161739059	0.0151162912	0.1411398944	0.0182723716	-0.047648666	-0.1054698493	0.047930047	0.0943841939	0.0057948596	0.0626494591	0.079632999	0.065901573	0.0050808846	0.0663549745	0.0726861694	0.037419356	0.0088777527	0.1002461319	-0.0126632499	0.0381016884	0.0530323041	-0.0167235408	0.0717996991	0.0513402851	0.051931933	-0.094940057	0.0934507449	-0.0025605324	0.0048701976	-0.0386856662	-0.0130625539	0.0260799794	0.0313227033	-0.0126710376	0.0762423397	0.0273023444	0.0164349585	0.1438493898	-0.0468332123	0.0696314137	0.0069751776	-0.0413212888	-0.093573819	-0.0159831286	-0.0075153268	-0.0374625062	-0.0654246752	0.1224187587	-0.0171362534	-0.0480630973	0.0001818788	0.0001390761	0.0075984815	0.0373227159	-0.055958625	-0.0137797241	-0.0334901784	-0.0722456897	-0.0207679809	0.0284383736	0.0800209567	-0.0089346542	0.1050606292	-0.02933573	0.0371690778	-0.0066567075	0.0154722362	0.016768874	-0.0787231685	-0.0463844799	-0.0441931982	0.0005086696	0.0253226595	0.0575493982	0.0210587905	-0.0700862956	-0.0725552932	0.0472981097	-0.0115045374	-0.0268518493	0.0592265694	-0.0784076511	0.0801222105	-0.0639883028	0.0669655572726668	-0.0167852001731745	0.0044843858608388	0.0002817429448535	0.2606091021418848	0.0161095972341627	0.0002595191230469	0.0679171041191993	-0.3109038415802345	-0.0242118452139123	0.0966611987093475	0.0005862134486624	-0.0007352370227204	0.0001655423396063	2.7404266202360648e-08	5.40573479578758e-07	-0.0017558215176036	6.803653451519995e-05	3.082909201679809e-06	4.6289700288379936e-09	0.0008698559272788	7.917659916689994e-05	6.268933855635941e-09	7.566493342220609e-07	0.0	0.0	0.0
1811.938335857273	5.925995254853433	35.1174197605454	3283120.532949224	2480.879913914706	10.431499612741844	108.81618417063326	6154765.147265438	1939.927681509904	3.162971796951524	10.004390588310754	3763319.409488392	2064.622854783476	1499.608409900177	1.007194	26.33634	0.0943804554358331	0.0526761345821764	-0.0040106742	0.046055684	-0.0110011815	-0.0310761548	0.0529715905	0.0751080503	-0.1210943667	0.0575513702	-0.0049055163	0.0698591366	-0.0185511702	0.0660634452	0.1195316616	-0.0426140978	0.0507083899	0.0253591817	0.010524144	-0.0674044668	0.1112366419	0.1031205544	-0.0409388854	-0.047734269	0.0276695325	-0.0409476446	-0.0371157166	-0.019379979	0.0792867375	0.0212327169	-0.0635464465	-0.0556991749	0.0573524458	0.0401073856	0.0159603653	0.0074138786	0.0041553719	-0.0267703673	-0.0995716003	0.073248539	0.0394666147	-0.0017270075	-0.0099788256	-0.1311403493	-0.0138799515	-0.0281782265	-0.0841991449	-0.0245320192	-0.0589888255	0.0244340456	0.0180011199	-0.0069371469	-0.079542825	0.0027567423	0.0085336769	0.0652753684	-0.0797446676	-0.0114572758	-0.0780719853	0.038564059	0.0320896014	0.0739116774	-0.0660116019	0.0028695584	-0.0358377389	-0.0187686852	0.0090966154	-0.030424508	-0.0026173644	-0.0314162648	0.0086241033	0.150846033	-0.0260492508	-0.0395175813	0.0506219548	0.102900577	-0.0458068113	-0.0692482615	-0.0335121522	0.0329725028	0.0010029701	0.0963828278	0.0129112782	-0.0182144936	0.0824276317	0.0301803786	0.0683333699	-0.0258002995	0.0770809223	-0.0412372251	-0.0007406525	-0.0644110843	0.0085805518	0.027744472	-0.0159456197	-0.0236336383	-0.0241752471	0.0743696035	-0.0143293133	0.069737352	0.0393156341	-0.056503353	-0.0182572809	-0.0193363632	-0.0442698083	-0.0494340908	-0.0834959021	-0.0897312928	0.0376729849	0.0772150402	0.0218148482	-0.0070215457	-0.0533168401	-0.1313287384	0.0017815308	-0.0159358334	0.0063494135	0.0637491126	0.0651836648	-0.0354371197	0.0145223806	-0.0196114092	0.0029487175	0.0396276782	0.0314957475	-0.0555851436	0.029608791	0.0284724136	-0.0357810184	-0.0858319292	-0.051629266	-0.0336869012	-0.0321413058	0.0011379112	-0.0563831443	0.0719632586	0.0020474715	0.0479157584	-0.0116392912	-0.0584891841	-0.0729434684	0.0486815572	-0.0140379523	-0.0235993474	0.0562039158	-0.0768225931	0.0810582975	-0.0680077345	0.0688142852672371	0.0018487279945702	0.0047354058568406	3.417795197907906e-06	0.2492095472298672	-0.0113995549120176	0.0001299498521921	0.0621053984305154	-0.3530552240146747	-0.0421513824344402	0.1246479912040521	0.0017767390411344	-0.0010763845476818	-0.0003411475249613	1.1638163378728901e-07	1.1586036944881532e-06	-0.0018661479257464	-0.0001103264081427	3.482508080767591e-06	1.2171916333691673e-08	0.0011979977960707	0.0003281418687918	1.076770860542405e-07	1.4351987193902545e-06	0.0	0.0	0.0
1809.073277245228	-2.8650586120450043	8.208560850453246	3272746.1224427894	2464.0597351775773	-16.820178737128572	282.9184127489521	6071590.378523393	1933.7061392716528	-6.221542238251232	38.70758782234415	3739219.4330568807	2051.4191557845925	1531.028477316797	1.026883	26.85117	0.1318364452163848	0.0811635299182827	-0.020243857	0.0035264614	0.0614321775	-0.0879467293	0.046095325	0.0424431573	0.0872557002	-0.0284311517	-0.0576155104	0.0081705141	-0.0629419955	0.0652052831	0.0712747516	0.0085054279	-0.079457917	0.0475955632	-0.032973474	-0.0007317616	0.0308989747	-0.0543702626	-0.0002050671	0.0553140067	0.012294322	0.0464259033	-0.0485096709	-0.0252392559	0.0112462091	-0.1216955482	0.0035443857	-0.0179704852	-0.0452717166	-0.0313075924	-0.0506451168	-0.0090929414	0.0221484191	0.0396020956	0.0658787905	0.08849112	0.0406538303	0.0080273776	-0.0435449572	-0.0118351356	0.0096702144	0.0332811944	-0.0253260354	-0.0867518876	-0.0533011249	0.0264544608	-0.0124993691	0.0145528141	0.1426875142	-0.0914410836	-0.0378134182	0.1426195421	0.0326079618	0.0057932874	-0.0330048164	-0.0208709278	0.0019575264	0.0322559716	-0.0021123292	0.0231405922	0.0287464899	0.0588891828	0.004009987	-0.0033564525	-0.0105082599	0.0120967702	0.0633823094	-0.1074098513	-0.0412086735	0.0033137533	0.0585890375	0.0828664136	0.0068799255	-0.0289746612	0.1041471686	0.039414357	0.0153522267	-0.007269741	0.0011286277	-0.0493704147	-0.084216321	-0.0014831777	-0.0190497339	-0.0497704733	0.0218093088	-0.0190803865	0.0055916012	-0.0568239446	0.0100351534	0.0222146931	0.0164709928	0.0319795631	-0.0558971153	0.0222319347	0.0227276263	-0.0536950925	-0.0944042575	-0.0582159188	-0.0477374633	-0.0800799765	-0.0873009866	-0.0093834524	-0.0087016251	-0.0247967441	0.1110636446	0.053478985	-0.1345045116	0.0068717062	0.0537694745	0.0011613194	0.0306300923	-0.078910749	-0.0031328236	0.0744977213	-0.0348424865	0.0754959835	0.0224279676	-0.0254283929	0.0597090046	-0.0634524543	0.0417181171	-0.0680152337	0.0836009229	0.0637454177	-0.0323669944	0.0635901568	-0.0199331233	-0.0407289592	0.0408630258	-0.0236908057	0.0494483294	-0.0159467122	0.0831198389	0.0212139116	-0.0562210443	0.0038499429	-0.0733236445	0.0500436514	-0.0165575133	-0.0203054443	0.0530272111	-0.0749343514	0.0815590168	-0.0715501408	0.0664978463615426	-0.0023164389056944	0.0044219635707233	5.365889203815112e-06	0.234180740385284	-0.0150288068445832	0.0002258650351717	0.0548406191673997	-0.2857540123857376	0.0673012116289371	0.0816553555945482	0.0045294530867229	-0.0013789930553872	-0.0003026085077054	9.157190893568919e-08	1.9016218468061253e-06	-0.0014339720817242	0.0004321758440221	2.056275931164436e-06	1.867759601563009e-07	0.0014070132010865	0.0002090154050158	4.368743953391896e-08	1.97968614803168e-06	0.0	0.0	0.0
1804.2227028008977	-4.850574444330277	23.52807243998998	3255219.561302176	2479.877789610647	15.818054433069848	250.21084604756064	6149793.851404189	1930.1621235524576	-3.5440157191951585	12.560047417902377	3725525.8231965327	2057.357907997263	1533.5803280085795	1.158239	30.2859	0.0736491643810876	0.0339907242800739	-0.0093281631	-0.0346405808	-0.026472352	-0.0249236448	-0.1022269051	-0.0244002598	0.0460983135	-0.0152248728	0.0560948302	0.0492098081	0.0019295922	-0.0228163863	0.0172161575	0.0079884402	-0.003164667	0.1338291225	0.0022561365	0.0107292256	-0.0731558417	-0.0321374863	-0.0268281525	-0.0529414408	0.0156032662	-0.1108352092	-0.0097690962	-0.0116793166	0.1016462181	-0.0484804112	0.0573227785	0.0293897867	0.0244559606	-0.0660362368	0.0492017539	-0.0019415392	0.0612249059	0.0091207719	-0.0789405909	-0.0041704618	-0.0272146045	0.0507208822	0.0254580288	-0.0023745366	0.0862144909	-0.0911461753	0.0157284187	0.0727146787	0.0518331764	-0.0033366054	-0.002526772	0.0692764134	0.0761036758	-0.0258273318	-0.0647346316	-0.059275989	-0.0276109644	0.0633891812	-0.0081814249	-0.0221668582	-0.0146646897	0.0695300449	-0.0257543259	0.0611984408	0.0038782265	-0.0823352259	0.0689619799	-0.0592575118	0.1548927977	-0.0091196404	-0.0109654177	-0.0141500373	-0.0318158404	-0.0296342179	-0.0044588124	-0.059792855	0.0632748956	-0.0936240202	0.0723262062	0.1012315011	0.0524642918	-0.0853749488	-0.0464814401	0.0002645948	-0.0213956125	-0.0006659041	0.0100367505	-0.0523827625	0.0689392203	0.0733852106	-0.0381779051	-0.0467026379	0.1276190891	-0.0706791627	0.0307609029	0.1251237199	0.0377280417	-0.0553642631	-0.0575690714	0.0574364747	-0.0003343015	-0.0215455143	-0.0279792998	-0.0589070227	-0.0444693558	0.0324892172	0.0191381805	-0.0103941302	0.0511752037	-0.0197677782	0.0362221873	0.0104341734	0.0484190559	-0.0156627646	-0.0312167913	-0.0805034273	-0.0357491408	0.033170026	-0.0375599497	-0.0549278519	-0.029067699	-0.0144729282	-0.0820635179	0.0918114023	0.019180643	0.0400748279	0.0037981615	0.0809503473	-0.0122116736	-0.0325266411	0.0949483733	-0.0970748924	0.0377072142	-0.0163994009	0.0122849322	0.0264319554	0.0431293245	0.0244860768	0.0049736472	-0.0697691922	-0.0736957799	0.0513837948	-0.0190607341	-0.0169759185	0.0497051625	-0.0727503781	0.0816216788	-0.0745906743	0.056943177958459	-0.0095546684030836	0.0032425255160087	9.129168829288416e-05	0.2586868063454517	0.0245060659601677	0.000600547268844	0.0669188637772092	-0.2749820063841213	0.0107720060016163	0.0756151038350369	0.0001160361132988	-0.001092863764318	0.0002861292910692	8.186997120776297e-08	1.1943512073593091e-06	-0.0016752447805252	-0.0002412726988009	2.8064450746769256e-06	5.8212515186718064e-08	0.0013580867106323	-4.892649045419996e-05	2.3938014681649195e-09	1.8443995135960608e-06	0.0	0.0	0.0
1804.472041080006	0.2493382791083149	0.0621695774286959	3256119.3470394425	2485.3292846679688	5.451495057321608	29.718798360001927	6176861.653228197	1932.6449503260333	2.4828267735756526	6.164428787584085	3735116.504020716	2057.0223940672427	1517.4075506398506	1.069762	27.972383	0.0580542952135836	0.0321652601689691	-0.0683140188	0.0279004231	0.0777369277	-0.0195913116	-0.0546589073	0.0272648147	0.0410486099	-0.0565603825	0.0597759064	0.0857668874	-0.0005749012	0.0140386401	0.0774783627	4.20473e-05	0.0873284126	-0.0048080905	-0.0317691084	-0.0240924275	-0.0073435947	-0.0081730221	0.0266926995	-0.0093793241	0.0183726902	0.0527218694	-0.0419552326	0.0232618575	0.081553415	-0.0692570348	-0.0551569528	-0.0536138015	0.1058087151	-0.0229984508	0.0141970182	0.0199504495	-0.0546920404	-0.0547362077	-0.0299958322	-0.0176600327	-0.0408969426	-0.0235910565	-0.0726767688	0.0729597672	0.1727661532	0.0269671929	-0.0704033917	-0.0102887205	0.0711669905	0.0522172039	0.087477072	-0.0763927545	0.1146818579	0.0065870785	-0.0114099252	-0.0481954959	0.0512659101	-0.0758804164	-0.0999921011	-0.0341699639	0.007521755	-0.0024330694	-0.0163951509	0.053446225	-0.0631910847	-0.0059598117	-0.0308216341	0.020479068	0.024503354	-0.0027095553	0.0134180952	-0.0379142703	-0.0366772232	-0.0710583761	0.0404615214	0.0144173012	-0.0021967766	0.0495508047	-0.0519244278	0.080266951	0.0073281632	0.0573637983	-0.031069895	-0.0741426334	0.0415389398	-0.07285411	-0.0018805753	-0.0375634408	0.0275802562	0.0065764354	-0.0296179795	-0.0368821685	0.064697631	0.0370173639	0.0167489161	-0.0807767146	0.0123774846	-0.0593772241	0.0405398262	0.105288665	-0.0069187674	0.0589991687	-0.0202255481	-0.1385798609	0.0486328778	-0.0019627062	-0.0638450058	-0.0208771816	-0.1131402418	0.0480835146	0.0975266686	0.0207742614	-0.1226147053	0.0481186778	0.0834275898	-0.0502477542	-0.0542091182	0.0642316429	0.0251637682	0.0137714239	-0.0199741386	-0.0415999469	-0.0145538033	0.0167868374	-0.0593978067	0.0187735621	-0.0388953003	0.0162043874	0.028278975	0.0439464943	-0.0857027854	0.0107401619	0.0567310416	-0.0140449798	-0.042701481	-0.0540763191	0.0098200341	-0.0021551567	-0.0671931192	-0.0316196497	-0.0740598336	0.0527013995	-0.0215451443	-0.0136166111	0.0462468756	-0.0702792922	0.0812459471	-0.0771080077	0.051866391216393	-0.0050767867420659	0.0026901225378119	2.57737636244171e-05	0.2559162032739976	-0.0027706030714541	7.67624137955091e-06	0.065493103098178	-0.2541888906466027	0.0207931157375185	0.0646119921281505	0.0004323536620738	-0.0015283275352371	-0.000435463770919	1.8962869578308235e-07	2.335785054963909e-06	-0.0016171127554951	5.813202503009997e-05	2.6150536639849552e-06	3.3793323341001693e-09	0.001452766707934	9.467999730169983e-05	8.964301889049891e-09	2.110531107681392e-06	0.0	0.0	0.0
1805.4992362237435	1.027195143737572	1.055129863318051	3259827.492004521	2455.196775940643	-30.132508727325785	907.9680822023646	6027991.208589328	1926.9471394696573	-5.697810856376009	32.465048555036304	3713125.278310295	2044.4453974590704	1481.9712210851524	1.119841	29.281878	0.0718150734633151	0.038973626162158	-0.04549294	-0.0200549538	-0.095582	-0.0152955503	0.0759096724	-0.0082444443	-0.0210509626	-0.0884059208	-0.0681378549	-0.0686927035	0.0494975427	-0.0512153633	0.0397376362	0.0741701011	0.0157020069	0.0810684451	-0.0619037727	-0.0002202622	-0.1202464801	0.0423711567	-0.0337980351	0.0410343163	0.0812362998	-0.0241426632	0.0710827001	-0.0241457513	-0.1256562875	-0.0143836862	-0.0151068276	0.1019225034	0.0147104065	-0.0663324296	0.0612994813	0.0379423394	0.0670191954	0.092367554	-0.0553259639	-0.0374345331	0.039820186	-0.0656458875	0.1245029641	-0.0548240108	0.0678891886	-0.0172137736	-0.0351144633	-0.0613874272	0.0660186035	-0.0553423534	-0.0245363597	0.0109585426	-0.0994783307	-0.077530172	0.1419442499	0.0710666012	-0.0715208745	0.0790786724	0.0629645491	-0.0408450861	0.0024329011	0.0109075008	0.0538671081	-0.1249606273	0.0135800361	-0.0221746551	-0.0052320876	0.0447260418	0.0703468635	-0.0206898362	0.097509672	-0.0208552398	0.0353190629	0.0842623629	-0.1446751993	-0.0225873038	0.0771290681	0.0252055902	-0.0013088234	0.0518809067	-0.0898910392	-0.0402317311	-0.0064738447	-0.0389950865	0.0076415983	0.0514270259	0.0234946138	0.005846161	0.1238250204	0.088348589	0.0453534612	-0.0401277287	0.0108010435	0.0611657657	-0.054410527	0.0015510919	0.0182008637	0.0455364729	-0.0154823651	0.1687828552	-0.0251385476	-0.059411215	-0.0790730315	0.0458357082	-0.0107545825	0.0139100878	-0.006185824	0.0166747961	0.0932659305	0.0296156094	0.0582519933	0.0196434925	0.0654325097	0.0143838904	-0.0786982429	0.0116003193	-0.0339606872	0.0601288289	-0.1030716764	-0.033148867	0.0347403901	0.0340350348	0.0034453292	-0.0081015757	-0.012936339	0.0010101635	-0.0359920141	0.0688035032	0.0608751635	0.0581582917	0.0971296004	0.04029483	-0.0365101651	0.01698196	-0.0330400328	-0.0544734056	-0.0322987047	0.0030492807	-0.0410423324	0.0273525981	-0.0744157659	0.0539958877	-0.024008292	-0.0102334157	0.0426618292	-0.0675308461	0.0804338397	-0.0790844839	0.0812562900565723	0.0293898988401793	0.0066025846737578	0.0008637661538359	0.2556364614922586	-0.000279741781739	7.825546445051416e-08	0.065350000444283	-0.2695641836639595	-0.0153752930173567	0.0726648491144169	0.0002363996353695	-0.0013077065712347	0.0002206209640023	4.8673609757348266e-08	1.7100964764504156e-06	-0.0018669093733041	-0.0002497966178089	3.4853506081307074e-06	6.23983502688156e-08	0.0013877814932646	-6.498521466939992e-05	4.22307812562799e-09	1.925937473047723e-06	0.0	0.0	0.0
1809.9349265591256	4.435690335382105	19.67534875140221	3275864.438378588	2467.0809398665738	11.884163925930809	141.2333522183951	6086488.363852937	1935.315664937177	8.368525467519703	70.03221850052586	3745446.7229512273	2056.900248131834	1509.6890152305111	1.25967	32.938152	0.0708549430058926	0.0396267336429031	-0.08625989	0.0948802804	0.1015298854	-0.0437974869	0.0052999067	0.048826371	-0.0717698768	0.0006930255	-0.0203113452	0.0275814345	-0.1097294176	-0.0404817534	0.0265572004	0.0897559241	0.0495214908	-0.0128330089	-0.0432191351	-0.0839175483	0.0112928698	0.0849754402	0.0157390963	-0.0436781374	-0.003096591	-0.0541169429	-0.017598197	-0.0833132294	-0.002322068	0.0203799372	0.0256056247	0.1083510119	0.0104515779	0.0260606274	0.1417647308	-0.0011246019	-0.0072535419	-0.0708595508	-0.0113345813	0.0243582615	0.0044660305	0.0186166482	-0.1308545455	-0.0209847423	-0.0286521842	-0.0251079308	-0.0588070531	0.0255204055	-0.1189387918	0.0414724752	-0.057869294	-0.0255073715	-0.0379301446	-0.0926863111	-0.030496486	0.0186436653	-0.0183208896	-0.0009978156	-0.0528273783	0.0151385697	0.0255799804	-0.0333884691	-0.021303284	0.0877896075	0.0140211886	0.0625969002	-0.0673367096	-0.0032947109	0.0134357455	-0.0864664244	0.0495825255	0.0805309169	-0.0285074041	-0.0066302076	0.0808095873	0.029705828	-0.0135857083	0.034128393	-0.1049222318	0.036337104	-0.0407398518	0.0014649927	-3.22566e-05	-0.0550874977	0.0319563645	0.0639059034	-0.0399875131	-0.0066544918	0.083392472	0.1117062202	0.0126563416	-0.0454425575	-0.1286772797	-0.0133281131	-0.0254284974	0.0810481861	0.0640366672	0.0570901748	-0.0336773933	-0.0888264602	0.0792408142	-0.0834581038	0.0619537172	0.0056357509	0.0608540682	-0.0835752768	0.0146338362	-0.0169978325	0.0128655201	-0.0607083249	0.0083234788	0.025441197	-0.1031829234	0.0233911796	0.0152235806	0.0088627958	-0.0790664662	0.0706094242	0.0786752201	0.0060466307	-0.0607203432	-0.114075871	-0.0677824776	0.0408040297	-0.017740878	-0.0706507846	-0.0473643037	0.0380163697	-0.011280321	-0.0179772244	-0.0946893692	-0.013728026	0.0550412096	-0.0220716918	-0.0356690699	0.0065996107	-0.0494699454	0.0050585884	-0.0185485182	-0.0061240379	-0.0747635377	0.0552666915	-0.0264477464	-0.0068322673	0.0389598496	-0.0645158866	0.0791897184	-0.0805062393	0.0653930551881529	-0.0158632348684193	0.0042762516668408	0.0002516422204906	0.2589793315259072	0.0033428700336485	1.1174780061865667e-05	0.0670702941576057	-0.2371862663186448	0.0323779173453147	0.0562573249301791	0.00104832953162	-0.0016261451986944	-0.0003184386274596	1.0140315945841761e-07	2.6443482072368498e-06	-0.0018671855115763	-2.761382721999054e-07	3.486381734640449e-06	7.625234537354904e-14	0.0014544851427029	6.67036494383e-05	4.449376848387621e-09	2.115527030343475e-06	0.0	0.0	0.0
1806.6040391072324	-3.3308874518932043	11.094811217179604	3263818.154118567	2465.7138730337792	-1.367066832794535	1.8688717253268807	6079744.90367124	1934.4317180002768	-0.8839469369002018	0.7813621872552493	3742026.071605502	2054.9390973297177	1513.1499806478455	1.045356	27.334208	0.1050903047128698	0.0586034405181906	-0.099484743	-0.0085238261	0.0086247095	-0.0705209958	0.016697594	0.0054794175	0.0371855523	-0.0922469346	-0.0121014435	0.0401542452	-0.0508138798	0.0494175924	0.0169624752	-0.0095612745	-0.0200346343	-0.0478600357	-0.0686986172	-0.0024333498	0.0526772626	-0.0200155574	0.0132889158	0.0707697291	-0.0559142804	0.0391522756	-0.1029716375	0.0581038374	0.0266431535	-0.0696178586	-0.0901841122	0.0372701324	-0.0661417945	-0.0560525396	0.0111032723	-0.0261622724	-0.0607533758	0.0258453696	0.0103015643	-0.0172048181	0.0297692616	0.0544258828	-0.0278522578	0.0485857442	0.0471653681	0.003025617	-0.0703124786	0.0436153762	-0.0323179352	0.0207848303	-0.0609288873	-0.0513291111	-0.0529251468	0.0843765017	7.77193e-05	-0.0984008143	-0.0672042472	0.1010736395	-0.0073085518	-0.0822616168	0.0227882222	0.0163485207	-0.0202836777	0.0066139688	-0.0373606238	0.0250182768	0.1622564703	-0.0463589609	0.0023771663	-0.0194849005	0.072541849	-0.0668760722	-0.010586061	-0.0736998888	0.0502091105	0.0675215442	0.0249556042	0.0528619051	0.0223146716	0.0304004405	0.0063902649	0.0341855672	-0.0375551678	-0.0578433876	-0.0133885353	0.0062995857	0.1018108938	0.0643787733	-0.0778381271	-0.0423715396	0.0465784235	0.00449858	-0.0631033926	0.0968215513	-0.0861167027	-0.0196248749	0.0515187288	-0.0149944395	-0.0678065179	-0.0331974517	-0.0286183913	0.0669644196	0.0524213002	0.0021064052	0.0432679957	-0.0022904322	-0.0209670481	0.1085199515	0.0185754423	-0.0407827086	0.0890126065	-0.0206223181	-0.0244686279	-0.1024746753	-0.0073659468	-0.0515573119	-0.0931624275	0.0753850097	0.0129476986	0.0301821516	0.0732804511	-0.0028233945	-0.0177449903	-0.0403745002	-0.0156442371	-0.059549605	0.0663103655	0.0240070562	0.0875020758	0.0549106538	-0.0764575068	0.050478391	0.0911337685	-0.0182353159	-0.00092047	-0.056168418	-0.0771345248	-0.0319645242	-0.0684786103	0.0955008109	-0.0751031108	0.0565132535	-0.0288611001	-0.0034191328	0.0351510839	-0.0612463124	0.0775202656	-0.0813633012	0.0648070801343294	-0.0005859750538235	0.0041999576355373	3.4336676370345805e-07	0.2374718178483306	-0.0215075136775765	0.0004625731445911	0.0563928642721907	-0.1928035432434001	0.0443827230752447	0.0371732062872096	0.0019698261075738	-0.0018310563884245	-0.0002049111897301	4.1988595676605054e-08	3.352767497590173e-06	-0.0014891607184501	0.0003780247931261	2.217599645374818e-06	1.4290274421810626e-07	0.0012651392674347	-0.0001893458752681	3.5851860481080744e-08	1.6005773660052095e-06	0.0	0.0	0.0
1804.2862814660048	-2.317757641227672	5.372000483469263	3255448.985486423	2459.3642947609856	-6.349578272793679	40.31714424233356	6048472.7343452	1931.2184590016764	-3.213258998600395	10.325033392086413	3729604.7363888095	2050.995914437347	1498.502753317574	1.042069	27.248262	0.1242576798170587	0.076734245685526	-0.0506389237	-0.0209198189	-0.0468130959	-0.0030431046	-0.0299218484	0.0015154957	0.0097095786	-0.0419411475	-0.0647897849	0.003731912	0.0331052115	-0.1297597585	0.0073662763	0.0947110318	0.0582920294	0.0463148513	-0.0034749428	-0.0318139178	-0.0628301215	-0.0454382535	0.0683472935	0.0825791191	0.0349533053	-0.0760174117	0.0995396199	0.0761340385	-0.0660675364	0.070175527	-0.0630282537	0.0234802853	-0.0773571806	-0.0220462425	0.12019118	0.0119928777	-0.0717113338	0.0280446609	-0.0751433843	-0.0730972802	0.0155850372	-0.0273440982	-0.0354126937	0.000613193	-0.0779573589	0.0097775893	-0.0046008637	-0.0055338959	0.0339746126	-0.0090511314	-0.1355918277	0.0179461276	0.0370874795	0.1056925576	-0.0720036212	0.0471933294	0.0253089491	-0.06727796	0.0095140207	-0.0290620703	0.0737817195	0.0509506201	-0.0442151041	-0.0855517984	-0.0259141758	0.0573455767	-0.0639207664	-0.0641769276	-0.0639173259	0.0627081108	0.0373630352	-0.0189200542	-0.0448809408	0.029418784	-0.0718983094	-0.0072637968	0.0318832439	0.0106209222	-0.0685812804	0.0426165642	0.0246441933	-0.103862639	-0.0036529907	0.0825977168	-0.0896788442	0.0225755691	0.0353702049	0.0291508151	0.1430720035	-0.0465410731	0.04140882	-0.0006634979	0.0102357323	0.0223607689	-0.0940310608	0.0360146209	0.039977083	0.0866647983	-0.0069026549	0.0166520724	-0.0218990437	-0.0019756188	0.0649618321	0.0144088888	-0.0773527569	0.1167369013	-0.0188086823	0.025611389	-0.1133503442	-0.0482599041	0.0212480202	0.0739584496	0.1272547347	0.0076664741	0.1439412716	-0.0544226572	-0.0611095034	0.0305788851	-0.0025390086	-0.0667805634	0.0039147235	0.009446508	-0.0411357067	0.0635354223	-0.0126076179	0.0172110193	-0.0191129892	0.0539863997	-0.021944539	0.062026929	0.1052706164	-0.0427193466	-0.0032208631	-0.0120921399	0.0020931857	-0.02709213	0.0190954535	-0.02064231	-0.0929528813	0.0223496943	-0.0754344479	0.0577350269	-0.0312459714	-0.0	0.0312459714	-0.0577350269	0.0754344479	-0.0816496581	0.0552363121729087	-0.0095707679614207	0.003051050182463	9.159959937135696e-05	0.2371376694855911	-0.0003341483627395	1.1165512832149612e-07	0.0562342742890574	-0.2519338894869136	-0.0591303462435134	0.0634706846720043	0.0034963978468777	-0.0011338452272494	0.0006972111611751	4.861034032671314e-07	1.2856049993562437e-06	-0.0018662027537514	-0.0003770420353013	3.4827127181093086e-06	1.421606963841468e-07	0.0012349441189234	-3.019514851130005e-05	9.117469936194655e-10	1.5250869768634927e-06	0.0	0.0	0.0
1807.129902961116	2.843621495111165	8.086183207458259	3265718.4861762524	2473.709561753547	14.345266992561392	205.78668508787132	6119238.995910925	1934.7221756582185	3.5037166565421103	12.276030409330623	3743149.896983671	2057.130561668148	1505.1430821761437	0.973048	25.443489	0.0652256224001351	0.034027657745079	-0.066328641	0.0738076825	0.0098440316	-0.0100768641	-0.0370176065	0.0735560407	-0.0237266608	-0.0330028975	0.0242736326	0.0626198063	-0.0537251083	0.0274572565	-0.0936477073	0.0131678914	0.0748267856	-0.0671292283	-0.0502563768	-0.0799189394	0.0478762317	-0.0128904332	0.0372551259	-0.0337899753	0.0729921173	-0.0755343631	-0.0993751749	-0.0331332093	-0.008475652	0.0928513486	-0.0527480279	-0.0278430599	-0.0426010421	0.013319652	0.0554237417	-0.1040549207	-0.0528341676	0.0019619033	-0.0850180571	-0.0097887108	0.0656805799	-0.0448974316	0.0246505401	0.0410432117	-0.0291588366	-0.0524692287	0.0139762136	-0.0602911591	0.1116865432	0.0160188047	-0.0527275682	-0.0177889843	-0.0588388291	-0.0366941335	0.0379897454	0.1184884669	0.0374118607	0.0512688516	0.0282404317	0.0065529742	0.00044771	0.0086898053	-0.0767663947	-0.0187379304	-0.0054615691	0.0146461295	0.0416994308	0.0414021848	-0.0716138596	0.0167489973	0.0378077533	0.0253116866	-0.0304311009	-0.0797688534	0.0609405234	-0.0210063106	0.0066139826	-0.0440995264	-0.0811053306	0.0169480684	-0.0400094499	0.0081792913	0.0661866673	0.0794165447	-0.0650365734	-0.0334511016	-0.030534298	0.0130433687	0.0949118068	0.0039207626	0.0477706971	0.0642280854	0.02163996	0.0217014595	-0.0630409428	-0.0114422506	-0.0629805507	-0.0129562407	-0.0581694527	-0.0414719912	0.0378720196	-0.0363713109	-0.0001870004	-0.0087761361	0.0143917485	0.0555742164	-0.0318874789	-0.0048216485	0.007010769	-0.0122356811	0.0871986827	0.0229034481	0.0582843028	-0.0631017782	-0.0391950375	0.0035959147	-0.0689990869	0.0412578075	0.0440019711	0.0428131213	-0.0371578814	0.0050800121	-0.0352928816	0.0663641386	0.0114474376	-0.0335699445	-0.0165752873	-0.0071159167	-0.0855856687	-0.0635929135	-0.031264423	-0.0136556408	0.0461642309	-0.0516332713	-0.0221331585	-0.0314188386	-0.0384533615	-0.0207230123	-0.0089509053	0.0753373157	-0.0757575129	0.0589314758	-0.0336000067	0.0034191328	0.0272552159	-0.0539958877	0.0729434684	-0.0813633012	0.0372217933160214	-0.0180145188568872	0.0013854618976606	0.0003245228896451	0.2374172770085749	0.0002796075229838	7.818036690914196e-08	0.0563669634221663	-0.2523033251571576	-0.000369435670244	0.0636569678853583	1.364827144486339e-07	-0.0013768855308439	-0.0002430403035945	5.90685891713068e-08	1.8958137650472888e-06	-0.0014660504866821	0.0004001522670693	2.1493040295008222e-06	1.6012183684070045e-07	0.00152299275526	0.0002880486363366	8.29720168953749e-08	2.3195069325744465e-06	0.0	0.0	0.0
1803.4249626975527	-3.7049402635632314	13.72658235657198	3252341.596080669	2471.073828920094	-2.6357328334529484	6.947087569341908	6106205.867973814	1927.454904150775	-7.267271507443411	52.81323516289883	3715082.4075348736	2052.470754882346	1507.6275170224012	0.942015	24.632029	0.0698766387228682	0.0353625044957801	-0.0375641019	0.0258170344	0.0761999048	0.0262905289	0.0338316248	0.0371462469	0.013014675	-0.007263528	-0.0070455873	0.04372117	-0.0215039419	0.0054098753	-0.0378838076	0.0028841195	0.0221568412	-0.0590530646	-0.0588219786	-0.0064348477	-0.0695815623	-0.0069856564	-0.0250459208	0.050285362	-0.0325108999	0.0290993773	-0.0155066992	0.0232778024	0.0388864433	-0.0175363162	0.0130200753	0.0170005378	0.0501615656	0.1405283384	-0.0293074435	-0.0227249133	0.0688924607	-0.0254034982	0.045934571	0.0786403057	-0.0471073664	-0.09617688	0.0334022344	0.0037307013	-0.1276067871	-0.0634075023	0.0794042615	0.0213059495	0.0074035264	-0.130667357	-0.0236190435	-0.0256985551	-0.0216650518	0.0234331283	-0.0277106719	-0.0433011763	-0.1186752938	-0.0336359603	-0.0348082743	0.0110584488	0.0381371995	-0.0802084534	0.0479738739	0.0211802399	-0.0025486218	-0.0361180279	-0.0102170366	0.0996838402	-0.0367927402	0.1535408979	0.0274114311	-0.0141735021	-0.0073347844	-0.0062780232	0.0152401602	-0.0271337082	0.0645787327	0.0744012154	-0.0605932718	0.0450135836	0.0646669139	0.0326126132	-0.0075858621	-0.0528822489	0.0522005084	0.0859560604	-0.0296757977	-0.0006107488	-0.0911863774	0.0523854455	-0.1177358809	0.0566364185	-0.0243191369	-0.0398848052	0.015682494	-0.0148751654	-0.0296397353	0.0350177344	-0.0902822805	-0.008303683	0.0087362467	-0.1133249767	0.0283633508	0.0505172963	-0.0360618675	-0.0095010924	0.0830763956	0.0462936891	0.0320833683	-0.0830547788	-0.0080113909	0.1098448593	0.0537914112	0.0211110284	0.015068722	0.072751619	-0.0346030854	0.0076724206	-0.0545094995	0.0018818716	-0.03322443	-0.0525590867	0.0033197342	-0.0977260445	-0.0258547402	-0.0271771691	-0.0124047174	0.0202893264	0.0028236642	0.0073842001	-0.1030287897	-0.0393529074	0.0466702148	-0.0645955063	-0.0189049785	-0.0259375756	-0.031808629	-0.0228447104	0.0083568946	-0.0333602253	-0.0760722702	0.0601020755	-0.0359208828	0.0068322673	0.0231897558	-0.0500436514	0.0700607062	-0.0805062393	0.0444952357827759	0.0072734424667545	0.0019798260073648	5.29029653171878e-05	0.2636427026421586	0.0262254256335837	0.0006877729496626	0.0695074746564616	-0.2744774464391426	-0.022174121281985	0.0753378686037524	0.0004916916546281	-0.0014630308192168	-8.614528837289992e-05	7.421010708850086e-09	2.140459177978181e-06	-0.0013225764794131	0.000143474007269	1.74920854389675e-06	2.0584790761825084e-08	0.001468539064091	-5.445369116900017e-05	2.9652044819288472e-09	2.15660698276127e-06	0.0	0.0	0.0
1806.015831983408	2.590869285855206	6.712603656387865	3261693.185374721	2454.7435882685286	-16.33024065156542	266.6767597380397	6025766.084145451	1930.8407032884013	3.385799137626236	11.463635800350565	3728145.821475248	2049.201739221868	1509.0467772605791	1.001061	26.175978	0.1220139468650373	0.0633501490246252	-0.0150879204	-0.0184137077	0.0099030214	0.0297744385	-0.0144961829	-0.010261843	0.0154704599	0.0011900004	-0.0362162252	-0.0664642694	-0.0310873514	-0.0582346895	-0.0117338677	-0.0914249281	0.0328024024	0.0146797868	0.0024493772	-0.0173505255	-0.0624808239	0.1185920811	0.1031419881	-0.020019164	-0.0074133429	-0.0451741784	0.006827307	-0.1110881941	-0.0304846782	-0.0265294747	0.0253625113	-0.0646523453	0.0074416109	0.0225242026	-0.0187800659	0.0182431668	-0.0358605498	0.0234387613	-0.0180802257	0.0984607796	-0.1096892191	0.0478554645	-0.0260254246	0.0382154543	-0.0241878225	-0.0386862715	-0.078368837	-0.013854147	0.0313821208	0.0186299376	0.006609465	-0.0630120069	-0.0763489546	0.0302436883	-0.0114095322	-0.005325148	-0.0290061903	-0.0459274883	0.0459319194	-0.0141723454	-1.06412e-05	0.0406786861	0.0676273963	0.0563997438	0.0876178043	-0.010479033	-0.052910092	0.0006171727	-0.0196109442	0.1185633405	0.0216922043	-0.0114907381	-0.0643682642	0.095849509	-2.44129e-05	-0.0369410029	-0.1038684364	-0.0711215999	-0.0371819307	0.0014445475	-0.0118522963	0.013191119	-0.0263047771	0.0039166134	0.0632446873	0.0134210919	0.0724562866	-0.0055091838	-0.0066604743	-0.0028972393	0.0329487945	0.0175206561	-0.0157908361	-0.0680766834	-0.0053952569	-0.0019646959	-0.0081873985	-0.0408261843	0.014660938	-0.0489667929	0.0036387404	-0.1028656724	0.030044385	-0.0253820271	0.000583731	-0.0099548407	0.0451070635	0.0212659572	0.055972449	0.111938625	0.0927279487	0.0043036494	-0.0864304105	0.0880500821	0.0026896568	0.0482279186	-0.0167192022	-0.0012130252	0.04527188	-0.0472521685	0.0329121732	0.0409802089	0.0367132064	-0.0045997848	0.0262702603	-0.0241200339	0.0751705465	-0.0143961467	-0.1525671839	0.0688368215	0.0152649305	0.0082023904	-0.0700174267	-0.0109156912	-0.0418688741	-0.0188626572	0.0068602629	-0.0327341981	0.0057615216	-0.0149187969	-0.0763786853	0.0612463124	-0.0382063093	0.0102334157	0.0190607341	-0.0458939156	0.0668016447	-0.0790844839	0.0430562869327815	-0.0014389488499944	0.001853843844438	2.070573792900217e-06	0.2425245556159296	-0.021118147026229	0.0004459761338214	0.0588181600767041	-0.3157920216210215	-0.0413145751818788	0.0997246009194917	0.0017068941224591	-0.0008048717763802	0.0006581590428366	4.331733256675895e-07	6.478185764134187e-07	-0.0016930395210124	-0.0003704630415993	2.866382819709897e-06	1.3724286519100476e-07	0.0013343156323882	-0.0001342234317027	1.8015929618076207e-08	1.780398206835522e-06	0.0	0.0	0.0
1813.6691059947232	7.653274011315261	58.57260309227359	3289395.6260396983	2478.40991514944	23.666326880911583	560.0950280341582	6142515.707511055	1936.5650281530664	5.72432486466505	32.767895156222544	3750284.108265487	2056.568148961259	1501.412546127635	1.036668	27.107046	0.0659690259970374	0.0335263062817541	-0.0209225333	0.007873184	-0.0621473604	-0.0575788434	0.0951480372	-0.0209427991	-0.1137612646	-0.034821558	-0.0036894967	0.0336509807	0.0046113966	0.0707143732	-0.017141381	-0.0621394982	0.0242090816	0.0953102357	-0.0435879438	-0.0182408585	0.0524773371	0.0575424653	-0.0816291393	0.0388349691	0.0156816311	-0.0319383315	-0.0031514475	-0.0304098354	0.1084874708	-0.0492110566	0.0976076902	0.0602243838	-0.0386463846	-0.0596784626	0.016305051	0.0791402969	0.0202330049	0.0171765472	0.037629118	-0.0382209252	-0.0281519214	0.0172860912	-0.0227256666	0.0805834488	-0.0825012241	0.0685307138	-0.0480654527	0.0151694254	-0.0652261566	-0.0215446412	-0.0028722281	0.0840735173	0.0141961108	-0.0141526149	0.0219464908	0.0428433326	-0.0115488773	0.0229003582	-0.0687295546	-0.1033811423	0.036911837	-0.0895120419	0.0669781516	-0.0047142722	0.0010099372	0.0437270114	0.0110509409	-0.0265149412	-0.0344782714	-0.0346520475	0.0564529668	0.0849268116	0.0347277271	-0.0004416075	-0.0167761531	0.0314658955	-0.0178488578	-0.0504114959	0.0985743051	-0.026142543	0.0003849393	0.0456355005	0.0335452667	-0.0393202302	0.0199412236	0.0906219065	0.0003035495	0.0402044055	-0.0111085862	0.0208819397	0.0248913648	-0.0624553377	0.0996417758	-0.0308900778	-0.0059427114	0.0833858532	0.0443353052	-0.0246774669	0.0335103384	-0.0119708283	0.020358287	0.0247669363	-0.0675879731	-0.0099296059	0.1475865102	-0.0991750196	0.0397204951	0.0435464831	-0.0137965081	-0.0797489743	-0.0182695	-0.0385925754	-0.014567627	-0.0030632772	-0.0047249669	-0.0305077491	0.0004933874	0.0212761053	-0.0283931661	0.0481168009	-0.0140110256	0.0163405611	0.0472459791	-0.0277896714	0.0758862406	-0.0206929289	0.0363951167	0.0651451244	0.0132444452	-0.0848534955	0.066477089	-0.0182291863	-0.0098950612	-0.021593022	-0.0652266629	0.0022658662	-0.0438930392	0.033982582	0.0490966828	0.0259623967	-0.0766767246	0.0623636846	-0.0404540309	0.0136166111	0.0148794683	-0.0415630576	0.0631837885	-0.0771080077	0.0582348829519645	0.015178596019183	0.003391301592429	0.0002303897771135	0.2588830487918585	0.0163584931759289	0.0002676002989869	0.0670204329517678	-0.298719976344671	0.0170720452763504	0.0892336242673608	0.0002914547299177	-0.0007710831017834	3.378867459680006e-05	1.1416745310084415e-09	5.945691498559091e-07	-0.0014309965266581	0.0002620429943542	2.0477510593075464e-06	6.866653089016768e-08	0.0012829494708278	-5.13661615604e-05	2.638482553449114e-09	1.6459593446973318e-06	0.0	0.0	0.0
1811.4541476649576	-2.214958329765522	4.906040402597673	3281366.1290925783	2476.059111730349	-2.350803419091335	5.526276715211511	6130868.724782884	1938.4504901555576	1.8854620024912947	3.554966962838483	3757590.302784322	2060.0450114146247	1513.4705101645095	1.123806	29.385534	0.0147144081681689	0.0097835411779419	0.0053230839	0.0333396111	0.0965870489	0.0574643515	0.0529094466	0.0781373866	-0.0179407646	0.0605284867	-0.0507966963	0.0626117524	-0.085578869	0.0049665465	0.021931094	-0.0065227424	-0.0196109402	-0.0213217818	0.0411101938	-0.0639676051	0.0346445376	0.0534761233	-0.0694089896	0.0229543633	-0.0558712974	0.0982102207	-0.0233470795	-0.0069992353	0.0065764307	-0.0496412859	-0.0161411311	-0.0130412049	0.0471682373	-0.042889631	0.0880384973	0.0748766308	-0.0283152813	-0.0325814635	0.0128273435	0.0030990099	-0.0139659371	-0.0202822718	0.009484983	-0.0537211692	0.0035691263	0.0643803766	0.040787271	0.0404116915	-0.0131048577	-0.0241634853	-0.0123657486	-0.0096337598	0.0807398558	0.0392098579	-0.0938206597	-0.0144268552	-0.0314209258	0.0925771047	0.085498181	0.0078721132	0.0469138713	-0.0164347724	0.0224682742	-0.0531649622	0.062004888	-0.0544384563	0.0359928656	0.0309273385	0.0971550076	0.0231541476	0.0123783523	0.0551672023	-0.053705112	0.0290482022	0.067475582	0.0929857928	0.0818585279	0.0375147451	-0.0413557675	-0.0244731274	0.0900148849	0.0731552007	0.0060004279	-0.110441123	0.0065343797	-0.0124043714	-0.006682502	-0.0315620344	0.0586208246	0.015152809	-0.0150822848	0.0217836217	-0.1010909399	0.0323130914	0.0340898346	0.0258467768	0.0340178455	0.0701653685	0.0166432701	-0.0059122019	-0.009680605	0.0432352063	-0.0161967734	0.00346198	-0.0774721734	0.0151956014	0.0189657121	-0.0052648897	-0.0086207498	0.0118990989	0.0610200331	-0.0024156995	0.0159835299	0.0580016304	0.0037155968	0.044951985	-0.0271335026	-0.0063252815	-0.0388810447	-0.0736423305	-0.0218379602	-0.0671270598	-0.0249147348	-0.0836062439	0.0524919526	-0.0758489948	-0.0390410951	0.0005876902	-0.0493846563	0.0311978726	-0.0837028864	-0.0546613884	0.0337969114	-0.0174109668	0.0162400785	-0.0496973905	0.0074080113	-0.002495842	0.0066958835	0.0214191725	-0.0769663555	0.063453702	-0.0426618292	0.0169759185	0.010657419	-0.0370681691	0.0592265694	-0.0745906743	0.0601678378762358	0.0019329549242712	0.0036201687147009	3.736314739264664e-06	0.268729551904741	0.0098465031128824	9.695362355200452e-05	0.0722155720669228	-0.2994031017696912	-0.0006831254250201	0.089642217349312	4.6666034630901843e-07	-0.0007580596815549	1.302342022849992e-05	1.6960947444810092e-10	5.746544807991164e-07	-0.0014310002597412	-3.733083100022211e-09	2.047761743379382e-06	1.393590943167144e-17	0.0013149588116361	3.2009340808300145e-05	1.0245978989819091e-09	1.7291166762994245e-06	0.0	0.0	0.0
1807.913739922091	-3.5404077428665914	12.534486985749712	3268552.090999082	2474.710542057666	-1.34856967268297	1.8186401620802533	6124192.266971346	1938.5897521972656	0.1392620417079797	0.019393916260675	3758130.227324256	2060.157309946093	1537.5632778637012	1.026351	26.837276	0.0797808891404735	0.0411322078502961	-0.0285771763	-0.0679556199	0.0387295971	-0.0090998235	-0.0810616033	-0.0065958111	0.1035757688	-0.0038617657	0.0083529499	0.0930581339	-0.0482819621	0.0028351362	0.0661453279	-0.1205478271	-0.0879861412	-0.0400026429	0.073508412	-0.06252713	0.0171075222	-0.0375552564	0.0331965999	0.0081097672	0.0256223816	-0.0242716277	-0.007673478	-0.0677770532	-0.0231369183	-0.0423060719	-0.00711617	-0.0688639048	-0.0069097486	-0.0756043973	-0.015422631	-0.0509949242	0.0507867492	0.1092153407	-0.0807363832	-0.0204316775	0.0617512366	0.0422469753	-0.0201203001	0.0284188699	0.0658612564	0.0739759739	-0.0064085556	0.1150527075	0.0476514765	0.0388134017	-0.0257749501	-0.0325430231	0.0737444052	-0.0602503348	0.0007933619	-0.0516742074	-0.0095750663	-0.0495044093	-0.0598377797	0.0182826626	0.0133015781	-0.0519517062	0.0749615822	-0.0173063468	-0.0275007968	0.0996785307	-0.1009588959	0.0256024594	-0.0109927579	0.0219526948	-0.019679647	-0.0729351806	-0.1409262839	-0.0333740302	0.0640736284	0.0428715569	-0.0155962769	-0.057122889	0.0950752019	-0.0132248318	-0.0151766308	-0.0428766559	0.0212304871	0.0184821443	-0.0056413806	-0.0704784336	0.0371469734	-0.0010748176	-0.0333328995	-0.0002733567	-0.0398058968	-0.0017212735	-0.1001891709	0.107593128	-0.0209784457	-0.0155879704	0.03483301	-0.0059910424	0.0987137805	0.0889041384	0.0487131637	-0.0207225408	-0.0267406917	0.0191187429	-0.1005040042	0.0628968724	-0.1040815337	0.0124189015	0.0270728916	0.0282356254	0.0009782095	0.0759856723	0.041617974	0.0774971789	0.0823021512	-0.0533198964	-0.0517775663	-0.0156069536	0.0542791016	-0.0681737207	0.0405070286	0.0211567974	0.0160938928	-0.0076853343	0.0361955177	-0.0087842133	0.051149454	0.010002086	-0.0111062588	0.0963200003	-0.0240482999	0.0119993629	0.0183245335	-0.0004431735	0.0797938305	0.0091602305	-0.0335588573	-0.0729935341	-0.0266549847	0.0018491437	-0.0772475461	0.0645158866	-0.0448275254	0.0203054443	0.0064061583	-0.0324269895	0.0549512416	-0.0715501408	0.0468570367978031	-0.0133108010784327	0.0021955818974706	0.0001771774253496	0.242236933729302	-0.026492618175439	0.0007018588177896	0.0586787320625742	-0.2711616745389094	0.0282414272307818	0.0735286537387454	0.0007975782120315	-0.0009011255573566	-0.0001430658758017	2.0467844818907445e-08	8.120272701212431e-07	-0.0014310528347742	-5.257503299990057e-08	2.0479122159152736e-06	2.764134094940634e-15	0.0012233564093544	-9.16024022817e-05	8.3910001037784e-09	1.4966009043084906e-06	0.0	0.0	0.0
1806.1927630082	-1.720976913891036	2.9617615381459146	3262332.297143196	2471.6031590019606	-3.1073830557052133	9.655829454883868	6108822.175588471	1934.3403973917325	-4.24935480553313	18.057016263307503	3741672.7729816055	2057.56307726654	1516.6517429235646	0.991201	25.918152	0.0400320932122233	0.0225457590200349	-0.0593991827	-0.0236674654	-0.0327775707	-0.067781755	-0.0467918168	-0.0650740114	0.0091770549	-0.042494746	0.1070656424	0.0603949031	-0.0180916858	-0.0449043842	0.0584678159	-0.0107967131	-0.0720157908	0.0779440656	-0.0189991375	-0.0426210441	0.0780817621	-0.0638792522	0.0400715271	-0.0106333483	0.0030901182	0.0585999737	0.0512275446	0.0763484906	-0.101979072	-0.0277411095	0.0517959648	0.0313323923	0.0633384646	-0.0980132073	-0.0069599684	-0.080296033	-0.0366751914	-0.0098547094	0.0576763923	-0.0463876269	-0.0142416993	0.0224450546	0.0269279583	-0.0654843882	0.0173664854	-0.091166062	0.075231126	0.0501919706	-0.0830971066	-0.0316433156	-0.0187167177	-0.0599610747	0.1003075585	-0.0026443242	0.0890991149	0.035039762	-0.0085447283	-0.0547569622	-0.0548214328	0.0542452332	0.0143057317	0.0584543976	0.023037229	-0.0137427075	0.0402281564	-0.0528987382	-0.034309469	-0.0979744304	0.0562670683	-0.0113697766	0.0102636526	-0.0266179306	-0.0257385244	-0.1110403501	0.0027192217	0.0083115606	-0.0593431954	0.0111135277	0.046077511	-0.0128274749	-0.0223180263	-0.0914340702	0.0275159279	-0.0067797711	0.1078624019	-0.0628264227	-0.0439880045	-0.0260491188	0.0002410617	-0.0161596782	0.049598107	0.0376147757	-0.0319643388	-0.0063299237	0.0498005727	0.0004616947	-0.0221723027	0.0352935399	0.0428022262	-0.0011525144	0.0159655886	0.047136602	-0.0268050955	-0.0045706054	-0.0641136044	-0.0607899014	0.1064733023	-0.0280611832	-0.0844956477	-0.0327042551	-0.0505815802	-0.015123966	0.0546243171	0.0276184863	0.0981708832	-0.0380826866	-0.0476082987	0.0072998164	0.0871857662	0.0461986008	-0.0065272002	0.0353736116	0.033199806	0.0028336365	0.0017452997	0.043359595	0.0059991668	0.0690460205	0.0183774801	-0.0507635424	0.0788413548	-0.0440618467	0.0672374332	-0.0103528158	0.0130454355	-0.0546757816	-0.0496740046	-0.0592250644	-0.0245444226	0.0287036882	-0.0775202656	0.0655497724	-0.0469489822	0.0235993474	0.0021373389	-0.0276578354	0.0503807682	-0.0680077345	0.0467930060044778	-6.403079332530093e-05	0.002189585410935	4.099942493867401e-09	0.2588742235382426	0.0166372898089405	0.0002767994121866	0.0670158636125279	-0.2686392027935369	0.0025224717453724	0.072167021277547	6.362863706202367e-06	-0.001021308519383	-0.0001201829620263	1.44439443614391e-08	1.0430710917642957e-06	-0.0012540654772259	0.0001769873575482	1.5726802211698243e-06	3.1324524731929784e-08	0.0011043607116374	-0.000118995697717	1.4159976075155652e-08	1.2196125814082643e-06	0.0	0.0	0.0
1804.5631788226592	-1.629584185540807	2.655544617764696	3256448.266362541	2455.954093377709	-15.649065624251762	244.8932549121382	6031710.508778724	1929.6197423259105	-4.720655065822029	22.284584250471188	3723432.349973913	2045.3568492181896	1490.6962236852796	1.019503	26.658205	0.0719734564339638	0.038216808683944	-0.055705782	0.0729462902	-0.0097225625	0.0283650086	0.0249171764	0.1052434426	-0.0105619947	-0.0896201022	-0.0288669728	-0.0022841871	-0.0399703209	0.0015801623	-0.0499738934	-0.0169820053	0.0217174834	-0.0058714452	-0.0997445848	0.0229083242	0.0353512316	-0.0394721549	-0.0525948786	0.0399991887	0.0284367717	-0.0249367489	-0.0023154786	-0.0667158142	-0.0302883417	0.1061858733	-0.0190215485	0.0114906508	0.0547513137	0.0265689103	0.0177766936	-0.0387215288	0.1233049118	-0.054428391	0.0251221666	-0.0140529182	0.02416507	-0.1055456309	-0.0003598317	-0.069835378	-0.056531843	-0.0127513157	-0.0553503907	0.0475939175	-0.0750859281	0.0612970985	0.0164434669	-0.0279099122	0.0430226826	0.0337768666	0.0108604798	-0.0705836666	0.0558618905	0.0188658782	-0.0627480059	0.0106282783	0.0908068669	-0.0827020658	-0.0469019829	-0.0282589044	-0.0323229134	0.0212696976	-0.0876337288	0.0180291814	-0.0758282871	-0.0354138976	0.0867793843	-0.0285282158	0.0604857186	-0.0322388204	-0.0007912085	-0.018391655	0.0220906587	-0.0196660014	-0.0382472146	-0.0096663599	-0.0452280086	-0.0237992448	0.0701514005	0.0530042298	-0.0144585575	0.0413581214	-0.098351641	-0.0162935127	0.0173693637	0.0263883223	-0.0520014317	0.0496461753	-0.0324921116	-0.0302790848	-0.0548845461	-0.0646100735	-0.0146918828	-0.0421761113	0.0021876191	0.0776859253	0.0536067047	-0.0103544437	0.0482935054	-0.0126606164	0.0647630172	-0.0494886846	-0.0275898241	-0.0353234703	0.0350138167	0.0430078281	-0.0627560065	0.0663235152	0.021643075	-0.0603777737	0.0108371318	-0.0166876098	-0.0476179083	-0.0034966015	-0.059743122	0.0853262431	-0.0306341661	0.0530819685	0.0087067302	-0.0232902029	-0.0306559834	-0.0197662898	-0.110598335	-0.0161202967	-0.0627241545	0.0272817745	-0.0430673658	0.0042114387	0.0319046491	-0.0239522327	-0.0158779572	-0.0582686545	-0.0769798673	0.0030612247	0.0007633976	0.0068211557	-0.0777844842	0.0665549058	-0.0490241061	0.0268518493	-0.0021373389	-0.0227795284	0.0455396975	-0.0639883028	0.0534959082681751	0.0067029022636973	0.002861812201437	4.492889875667844e-05	0.2592542503294481	0.0003800267912055	1.444203620339664e-07	0.0672127663138841	-0.2608318761834809	0.007807326610056	0.0680332676333947	6.095434879608866e-05	-0.0015374388006317	-0.0005161302812487	2.663904672218621e-07	2.36371806568784e-06	-0.0008490194041905	0.0004050460730354	7.208339486919916e-07	1.6406232128139864e-07	0.0013248483727334	0.0002204876610959	4.86148086955845e-08	1.7552232107343378e-06	0.0	0.0	0.0
1807.933153530392	3.3699747077328084	11.356729530758829	3268622.287634348	2451.8034137126588	-4.15067966505012	17.228141681860578	6011339.979493047	1929.6991067721149	0.0793644462044085	0.0062987153213324	3723738.642677098	2047.255737771496	1508.235385133346	1.131951	29.598526	0.1689491109165947	0.0890488815068183	0.0241824918	-0.0618062357	-0.0170079622	0.0482923394	0.0062774465	-0.0035766789	0.0306315736	0.0524019944	-0.0680243194	-0.0768850989	-0.0851374224	-0.1135768242	-0.0394175001	-0.0815364645	0.0089669449	0.0497150551	0.0071303986	-0.0273038998	-0.0846569358	0.0681134663	0.0420242071	0.0543279658	0.0004858198	0.0356230097	0.0354697242	-0.1012982678	0.003913397	0.0348653192	0.0849816562	0.0038555879	-0.0570744939	0.0664244841	-0.0158036326	0.0750776459	0.0856435615	0.0675148934	0.0442617046	-0.0079916378	-0.0280377271	0.0279491365	0.0096949905	-0.0159601484	0.0871477137	0.1428409181	0.0663247381	-0.014852623	0.0560710521	-0.0972210315	0.1138848841	-0.0222402822	-0.0317026179	0.03474386	-0.0145697616	0.0129472255	0.0255248923	-0.0345443997	-0.0302235349	0.01368264	-0.0717926675	-0.047940038	-0.026049227	-0.0621791675	-0.0134186286	-0.0366056361	-0.0072920468	-0.0370511645	0.0081994013	0.0130064378	0.0189494301	-0.0087218771	-0.0795861553	0.1317442548	0.0172258082	-0.0566868619	-0.0313829226	-0.0649229192	-0.0187740037	-0.026657833	0.0348859332	-0.014783287	0.0525257206	-0.002120309	0.0360096255	0.0714932425	-0.01054635	-0.0332080464	-0.0324130642	0.0586474475	-0.0176632332	-0.013226108	-0.0391076436	-0.0483911785	0.0890952874	0.0211994969	-0.0004738612	-0.0436079502	0.0452489833	-0.0338586857	0.0530633231	-0.0278638864	0.0045681977	0.0956248363	0.0485664015	0.0631705359	0.0346275363	0.0805217455	-0.0235602811	-0.0118080585	0.0141827778	-0.0554353006	-0.0126169618	0.095151843	-0.0373376868	0.0863846162	-0.0100053076	-0.0387852689	0.0089940954	-0.1059668134	0.0405571059	0.0342637539	0.0145180017	-0.0317087993	0.0775640281	-0.027705141	0.0137593956	0.0107279669	-0.0667491353	0.1067389904	0.0296837821	0.009089141	0.0327853347	0.014961088	0.052297792	-0.027809958	-0.0013644151	0.0493922065	0.1006165772	0.0522872213	-0.0780401729	0.0675308461	-0.0510508491	0.0300572439	-0.0064061583	-0.0178113211	0.0404540309	-0.0595200392	0.069627426586166	0.0161315183179908	0.0048479785330119	0.0002602258832436	0.253246921170458	-0.0060073291589901	3.608800362445276e-05	0.0641340030823161	-0.3271134576126897	-0.0662815814292087	0.1070032141513289	0.0043932480367568	-0.0007139509795768	0.0008234878210549	6.781321914257469e-07	5.097260012386722e-07	-0.0012153233580298	-0.0003663039538393	1.4770108645728294e-06	1.34178586598304e-07	0.0009040665074195	-0.0004207818653138	1.7705737817704504e-07	8.173362498376928e-07	0.0	0.0	0.0
1809.7310880987689	1.7979345683768315	3.232568712164384	3275126.611231154	2466.322294622545	14.51888090988632	210.79790287546143	6082745.660952216	1936.180568665032	6.481461892917196	42.00934826933776	3748795.194476047	2056.028410931618	1505.0925590803213	1.100513	28.776459	0.0366441114180598	0.0196579264412367	0.001936929	0.0720374053	-0.0140220489	-0.0395657212	-0.0278473524	0.0171553729	-0.0603403117	-0.000342338	0.0705298646	0.0223545313	0.0041610662	0.0067855699	-0.0717282438	-0.0745257544	0.0076940332	-0.0309647594	-0.0188697761	-0.0334226221	0.0888736797	0.0242227198	0.0130002649	-0.0713030608	0.0602730623	-0.0704183478	-0.0059449903	-0.0045906381	0.0081231217	0.0207414301	-0.0064343281	-0.0014769785	0.0719314747	0.003114677	0.0150006886	0.0046606632	-0.0445608927	-0.0112226986	-0.0083394575	-0.0256301012	0.0599757551	-0.0241091374	-0.0343845345	-0.0393165283	-0.0228006276	-0.0654806908	0.0334302876	-0.0027055229	-0.0408375794	0.0208822459	0.0403597728	0.0426910178	-0.0680003058	0.0481671153	0.0432472778	0.0005088452	0.0264849166	0.0784079958	0.071183395	-0.0546186665	-0.0838250418	-0.009180778	0.0561213732	0.0281798373	-0.0253075952	0.052159599	0.0311054082	0.1260177633	0.0462503849	-0.0041251865	0.0118201672	0.0628888078	0.0035284219	-0.0607211918	0.0170088447	-0.0047363231	-0.0248415525	-0.0782859331	-0.0324908214	-0.0399184822	-0.0713317819	0.0354052116	0.0315948219	0.0404567682	-0.0216793665	0.0741197619	0.0581236592	-0.0369782674	-0.0251437825	0.0206984494	-0.0344749924	0.0188380024	-0.0156893045	0.0463981931	0.0194173387	-0.0098655094	-0.0643430528	-0.0085540796	-0.0745036467	-0.0010273528	0.0363078624	0.0321629581	0.0313117847	-0.0193548208	-0.033816221	-0.0217973034	-0.0189939154	-0.0720079409	-0.0974892431	-0.0572106032	0.0194075754	-0.0900557909	-0.0638842506	0.0101223079	-0.1107795186	-0.010546949	0.0011382888	0.0010989219	0.0448661321	0.0655278886	-0.0503699435	0.0138904211	0.0204227507	0.0488327239	0.0918953562	-0.0180322186	0.0007653904	0.0596947655	-0.0598158296	-0.0932515857	0.0149579395	-0.0394665224	0.0545552148	-0.0212409708	0.0568259551	-0.0107441515	0.006480098	0.0245665113	0.0312431173	-0.0708113331	-0.0782873035	0.0684771651	-0.0530272111	0.0332099078	-0.010657419	-0.0127728206	0.0351510839	-0.0546342852	0.0680788429326355	-0.0015485836535304	0.0046347288550464	2.398111331981871e-06	0.2588786151480207	0.0056316939775626	3.171597705691588e-05	0.067018137380957	-0.326118456843453	0.0009950007692366	0.1063532478939551	9.900265307816208e-07	-0.000922231400701	-0.0002082804211242	4.3380733823674095e-08	8.505107564389283e-07	-0.0012520673381395	-3.67439801097001e-05	1.5676726192357332e-06	1.3501200743020367e-09	0.0012284187665402	0.0003243522591207	1.0520438799670173e-07	1.5090126659881465e-06	0.0	0.0	0.0
1806.1444149526244	-3.5866731461444488	12.86422425727372	3262157.6476645577	2479.174567094708	12.852272472162896	165.1809076987161	6146306.534129233	1932.211677371048	-3.968891293984143	15.752098103463124	3733441.966169039	2057.2456231199303	1530.8824876513463	1.122734	29.357508	0.0796433925392829	0.0377768104682526	-0.0094210101	-0.0347482587	0.0686698752	-0.0139804926	-0.0049773093	0.0431601343	0.0600607134	-0.003870059	0.0353521542	0.0977468774	0.023289529	0.0268848439	-0.0176754479	-0.110080535	-0.0299503721	-0.0628876839	0.0008420166	0.020036653	0.0451609517	-0.0476161448	-0.0184380532	0.0378675948	0.0130711883	0.0891118883	-0.0079581579	-0.0553195532	-0.0218359142	-0.0677349605	-0.0270684679	-0.0495630659	0.0125131196	-0.0182620662	0.0162472964	-0.0063834536	0.0407911489	-0.0166221938	-0.0095661601	0.023854936	-0.0186749788	0.0432792805	-0.1030650199	-0.0798504141	0.0066377761	-0.0389279234	0.1742643232	-0.0399460408	-0.0353638631	0.0343776826	-0.0079052962	-0.004389829	0.0175536997	0.0345096983	-0.0029463214	-0.0212004518	-0.0344778694	0.0514587014	0.0105154133	0.0793049721	-0.0783003441	0.0234123295	0.0241882632	-0.0273089624	0.0004575435	0.0454249136	0.0924304266	-0.0236726522	0.0764902424	-0.0800030099	-0.020839728	-0.0579999851	-0.0151523248	-0.0766657738	0.0274037151	0.0434614254	0.0573011817	0.0414687809	0.0050567323	0.008030376	0.0561559499	0.0695977323	0.085268772	-0.0878352834	0.0300454448	0.0107826875	-0.0100244588	0.0155489472	-0.0939691074	0.0361682936	-0.0106614113	0.0130523855	-0.0955988718	0.0263815222	-0.0190088161	-0.0657746679	0.0610937627	0.0401363378	0.0205566558	0.0452203439	-0.0349307286	-0.0491658395	-0.0617720594	-0.0301414456	-0.0900745489	-0.0573721408	0.0465445817	-0.1000566133	-0.0189416104	-0.0774943856	-0.0720520421	-0.0534049056	-0.0754465844	-0.0110856558	-0.1154587098	0.0340837013	-0.0005311647	0.0140468902	-0.0369090749	0.0271570923	0.0083302646	-0.0155980954	0.0368058584	-0.0751765575	-0.0433071669	-0.0087903342	-0.0460015026	0.0045853783	0.0744890335	0.026594929	-0.1238224909	0.0188467916	0.0731951381	0.0020548679	0.0749871992	-0.0144454622	-0.0490851386	-0.0186440933	0.0441870763	0.0181102172	-0.0785258491	0.0693934478	-0.0549512416	0.0363043104	-0.0148794683	-0.0076839116	0.0296593388	-0.049365311	0.0900731911830519	0.0219943482504164	0.0081131797698986	0.0004837513549605	0.2589602049146435	8.158976662281381e-05	6.656890017565222e-09	0.0670603877294341	-0.2973387542556693	0.0287797025877836	0.0884103347823133	0.0008282712810412	-0.001120196325533	-0.000197964924832	3.919011146373944e-08	1.254839807737635e-06	-0.0014851074635753	-0.0002330401254357	2.2055441783670607e-06	5.430770006313335e-08	0.0010836687781188	-0.0001447499884214	2.0952559147995454e-08	1.174338020669493e-06	0.0	0.0	0.0
1800.462104005753	-5.682310946871439	32.28865769693499	3241663.7879608227	2451.813426518349	-27.36114057635905	748.6320136392816	6011389.078455647	1930.296274019977	-1.915403351070836	3.668769997293388	3726043.7054954064	2048.546515616131	1507.3179944929338	1.101932	28.813578	0.0735069737502469	0.0379471312421868	0.0158125555	-0.0529137207	-0.0490602521	0.0779028264	-0.0753185064	-0.0149376206	0.0823576513	-0.0379471942	-0.0409197274	-0.0752013739	0.028327391	-0.0489162385	0.0118299533	-0.0306669215	0.0939107678	0.0015422397	0.0364798539	-0.0392267055	-0.0755289045	-0.0171410677	-0.0084685409	0.0838623863	0.0443521564	-0.0819152364	0.0677220479	0.0234936659	-0.0730141643	0.0528804135	-0.0323295098	-0.0520582908	0.0682247362	0.0289793912	0.0129183849	-0.0365656192	-0.0218398366	0.0275567268	-0.0360051556	-0.0217582194	-0.0393406566	0.0001660924	-0.0444777142	0.0075604069	-0.0063848973	0.0223768043	0.0091114554	0.0016478702	0.0650581374	-0.0087205102	-0.0356442534	-0.0341402583	0.0171335323	0.0085618066	0.056148883	0.0388839112	0.0248627412	-0.0448712206	-0.024166579	0.0875953316	0.0128364759	-0.0406858862	0.0517095119	0.0146203815	0.0849128727	-0.0786086487	0.084530756	-0.1932296723	0.0527526677	-0.1009866207	-0.0135729388	-0.0672955826	-0.0806750428	0.0706347187	-0.0593820604	-0.0417339465	0.0312467029	-0.0892421274	-0.0490988897	0.0103581157	0.0107176291	0.0438793926	-0.073854659	0.1263186507	0.0010267555	-0.031428457	0.0429107211	-0.0201974641	0.0491353851	0.0068132652	-0.0384656059	0.0334638389	-0.0189013324	0.0071160774	0.0456833145	-0.0573758177	0.0547637592	-0.0063227953	0.0423707175	0.009123597	0.0037702433	-0.0261266344	-0.0555166595	-0.0017423593	0.0312262411	0.010934754	0.05304377	-0.0262777784	-0.0076317987	-0.0534547853	-0.0149218933	-0.0116250761	0.0338614183	0.0280628971	0.0563049655	-0.0346216257	-0.0147770572	-0.0274239161	-0.0503498021	-0.0799591436	-0.0040195205	0.0622683813	-0.0107422373	0.0504712694	0.0039633172	0.0577338148	-0.0113171702	0.0011611506	-0.0638127228	0.0531934868	0.1045235886	0.0191020799	-0.038936818	-0.0044811612	0.095126999	-0.0235290994	0.0176491231	-0.009393355	0.0119092172	0.0920882414	-0.0787557834	0.0702792922	-0.0568210419	0.0393350228	-0.0190607341	-0.0025646777	0.024008292	-0.0437500746	0.0846805477414136	-0.0053926434416382	0.0071707951657858	2.9080603288644548e-05	0.2632052573125065	0.0042450523978629	1.8020469860602337e-05	0.0692770074769427	-0.2737085428821686	0.0236302113735006	0.0749163664466799	0.0005583868895563	-0.0005461886769718	0.0005740076485612	3.2948478060675817e-07	2.983220708522053e-07	-0.0016287690384257	-0.0001436615748504	2.65288858053418e-06	2.0638648088497123e-08	0.0009965566707855	-8.711210733329988e-05	7.58851924404836e-09	9.931251980870796e-07	0.0	0.0	0.0
1803.4583911029688	2.996287097215827	8.977736368942047	3252462.1684397087	2478.287042727416	26.47361620906713	700.852355184982	6141906.666150602	1933.033229317252	2.736955297275017	7.490924299281777	3736617.465644684	2056.254983818098	1495.5706945365878	1.113814	29.124266	0.0593793534410044	0.031673671594342	-0.0351933319	0.064920342	0.0473555647	0.0447072354	-0.0035562924	0.0243571413	-0.0545398499	-0.001318755	0.0418571279	0.0657945718	-0.0064632317	-0.0066145942	-0.0602014843	0.0203639994	0.0935737011	-0.0006121983	-0.0209248272	-0.0590112473	0.0580545085	-0.0200747864	-0.0319788777	0.0028655412	0.0216797481	0.0096692606	-0.057713705	-0.0426434251	-0.0340328993	0.0411856182	-0.0369693458	-0.0436701597	0.0075566301	0.0252883325	0.0136899601	-0.0100771869	-0.0058270798	-0.0365683326	-0.0714917818	-0.005675091	0.0364847478	-0.0001278516	0.0689708743	-0.0240529329	-0.0265485311	-0.0111181826	0.062668832	0.0482582241	-0.0500933789	0.0486846545	0.0043381134	-0.0331556879	0.0968662265	-0.1140236631	-0.0237748547	-0.049674626	0.0006543029	-0.0279490233	0.0213218538	-0.0163699779	-0.0078687139	0.0137714531	0.0713358078	0.0159452053	-0.0389740177	-0.0471625926	0.0209463757	-0.0101810863	0.0191372264	0.0010564015	0.0101978151	0.0480127675	-0.0301378364	-0.0557244424	0.0497933097	-0.0114412647	-0.0004371918	-0.0292706571	-0.0212251726	-0.0306933748	-0.0288291185	0.0358262129	0.0625794584	0.0292047057	-0.0240128344	0.014690218	-0.0393794254	0.0612393745	0.0635300634	-0.046834259	-0.0107813617	-0.0203055051	-0.0217188172	0.0531396357	-0.0151902934	-0.0404836243	-0.0397120508	-0.0316645406	-0.0306898424	0.026502788	0.0062645495	-0.0361649559	-0.0422157432	0.0079261921	-0.008162338	-0.0437325995	0.0177691061	-0.0623953239	-0.042611056	0.0065333307	0.0111723743	0.0417566916	0.1045774212	-0.0140762061	-0.0399801767	-0.0504518845	-0.0443503038	0.0175528494	0.0519526743	0.0103380259	-0.0352772324	-0.0497019812	-0.0181169176	0.0378152763	0.0162074574	-0.0197252828	-0.0044727084	-0.0496200604	-0.080941608	-0.1176869215	-0.0414820388	0.0040785598	0.0594484526	-0.0223528042	0.0210210357	-0.0467568364	-0.030916911	-0.0066974976	0.0066763028	0.0682540262	-0.0789770813	0.0711343098	-0.0586347667	0.0422967282	-0.0231897558	0.0025646777	0.0182282956	-0.0378279629	0.0817796600209845	-0.0029008877204291	0.0066879127931478	8.415149566536399e-06	0.258857011885496	-0.0043482454270105	1.890723829351782e-05	0.0670069526022878	-0.2586108023007938	0.0150977405813748	0.0668795470666602	0.0002279417706624	-0.0010770677559178	-0.000530879078946	2.818325964625534e-07	1.1600749508378057e-06	-0.0017950617354758	-0.00016629269705	3.2222466341693907e-06	2.76532610921963e-08	0.0010400344890332	4.347781824769995e-05	1.8903206795800303e-09	1.0816717383785495e-06	0.0	0.0	0.0
1803.0099450526843	-0.448446050284474	0.201103860015745	3250844.861958884	2461.909163317918	-16.37787940949829	268.2349339520681	6060996.72842873	1928.3366684801	-4.696560837152219	22.057683697071955	3718482.3070049305	2051.6462145599307	1506.8849206104348	0.96186	25.150944	0.0754762238305165	0.035006480554001	-0.0431394415	-0.0074973167	0.0248941648	-0.0047313097	0.0155283628	-0.0317345393	0.0300422509	-0.0226037687	0.0089486394	0.0171324024	-0.0155418251	0.0203015457	0.0207347103	-0.0431090704	-0.0363260494	-0.0647454206	-0.0640556546	-0.0172454393	-0.0208643433	-0.0740049458	-0.026051417	0.0035160449	-0.0376631232	0.104198924	-0.0829134342	-0.0142071605	0.0072108035	-0.0707539316	-0.0150731982	0.0009303582	0.0890157335	0.0113617288	-0.0573036504	-0.0353797172	0.002886735	-0.0928317794	0.0378734932	0.0514500624	0.0285149767	-0.0088045957	-0.0082213869	-0.035221357	0.0444467283	-0.0839798439	0.0112968029	0.0021276602	-0.007802673	0.0207683305	-0.0875146967	-0.0046576961	0.0011714632	0.0666099802	0.0035241361	-0.0174759875	-0.0436845696	-0.0344286841	-0.0425193246	0.1120193804	0.0363037356	0.1174919234	-0.0339650332	-0.0503653029	-0.0297078635	0.0425609898	0.0439438293	0.0102694045	-0.011530295	-0.0464462909	0.0250888423	-0.0238765118	-0.012065563	-0.0733179063	0.0348017964	-0.0040659999	0.0394130395	0.071856132	0.0237901997	0.0494036339	0.0144745373	0.1010900559	-0.0117507919	-0.0605076518	-0.012425692	0.0414496769	0.02031913	0.0371983479	-0.1437884566	-0.0282970138	0.0106282612	0.0687261829	-0.0680020489	0.0022513296	-0.0288524663	-0.0734367788	0.0292231927	-0.0371104588	-0.0588315596	-0.0150853246	-0.0579252109	0.0501609365	0.0804809428	-0.044697637	-0.0572134687	-0.0842068371	-0.0018378584	-0.0433836044	0.079263021	-0.0132879512	-0.0114770204	0.0681488825	0.0368488831	-0.004174651	0.0198237214	-0.0763626172	-0.0435532383	0.0084423288	-0.030886458	0.049253353	0.0194277097	-0.0118967939	0.0252358617	-0.044461159	-0.0307852072	-0.0050578822	0.0705039779	0.0215073565	0.0817867109	0.0106484939	-0.0761487053	0.0787947461	0.0038913402	-0.0112693795	0.047770321	-0.0306453231	-0.0610392619	-0.0425919394	-0.0449367371	0.0719772444	-0.0791897184	0.0719581255	-0.060390626	0.0451842308	-0.0272552159	0.0076839116	0.0123503943	-0.0316405151	0.0805031771879214	-0.0012764828330631	0.0064807615373498	1.6294084231047985e-06	0.2396381542819057	-0.0192188576035902	0.000369364487587	0.0574264449876384	-0.2309501093037056	0.0276606929970882	0.0533379529873935	0.0007651139370791	-0.001309641066143	-0.0002325733102251	5.4090344629107093e-08	1.7151597221281738e-06	-0.0019510810582834	-0.0001560193228075	3.806717295992272e-06	2.434202908934208e-08	0.0008822233141305	-0.0001578111749026	2.490436692417056e-08	7.78317975995403e-07	0.0	0.0	0.0
1798.0337048458794	-4.97624020680496	24.762966595822267	3232925.203761799	2459.7921673420287	-2.11699597588904	4.481671961930389	6050577.506517195	1927.949735626461	-0.3869328536388821	0.1497170332251285	3716990.1831021407	2052.5277863715846	1505.102319310847	1.018322	26.627331	0.1185902315081506	0.0697403779561366	0.0205070034	-0.102239605	-0.0214429558	0.0694674665	-0.0607206492	-0.0863375177	0.0696180284	0.0816453061	0.0468613851	0.0034488001	-0.0628073379	-0.105217281	0.017298938	-0.0652886436	-0.1182592044	0.0047170841	0.0244834264	-0.0236097057	-0.1051187282	-0.0189297811	0.0441239246	0.042221905	-0.0170352505	0.0136679868	0.0127549783	-0.0259376518	0.027874031	-0.024871897	-0.0243078982	0.0598782755	-0.0437421309	-0.0096362008	-0.071666383	-0.0244982979	0.0522279077	-0.0164779865	0.0183794948	0.0370073719	0.0937463982	-0.0214979965	-0.0642762214	-0.0188675006	-0.0156398876	0.0220868758	-0.0020049132	0.0458475198	0.0136291182	0.0227058556	0.0201518311	-0.1100282866	0.0103167247	-0.0253332003	-0.0101960024	0.025968269	-0.0241587813	0.0662943105	-0.0131826734	0.022157682	-0.0995964993	0.0292274999	0.0169797337	0.0676229978	0.0457245915	-0.0146429315	0.0135222724	0.0723064157	-0.049604282	-0.0576195607	-0.0419837956	-0.0286119736	-0.0974236738	0.0405067548	0.0399364001	-0.0792171091	0.0025221169	0.0008868949	0.0856779187	0.0355918167	0.0430244854	-0.0991810606	0.0568786462	0.0219261822	-0.0079511297	0.0442415662	0.0622663115	0.0236797977	-0.0986874445	0.0867460402	0.0017943405	0.0175953429	-0.0008582714	0.0440880534	-0.0177780902	-0.0649218342	0.0391153493	-0.0097906641	0.0090828056	-0.0179476314	0.0010078166	0.1043278233	0.0541096712	-0.0564086779	-0.0382171906	0.0815916614	0.0013994439	0.0049222595	0.0618687619	0.0212569336	-0.1148958263	0.0295179178	0.0200637064	0.0258650693	0.0092847875	0.0408655397	-0.016684823	-0.0270440899	-0.0148433569	-0.1048521446	0.0418479937	0.0148287853	-0.0058290551	0.0257834659	-0.0358022675	0.0606456179	0.0757265344	-0.0007958365	0.0202415394	0.0718394246	0.0045434455	0.0197012338	-0.0014664487	0.0058418485	0.1039921003	-0.061565306	0.0180791609	-0.0297711454	-0.0104243936	0.1161284981	-0.0793936715	0.0727503781	-0.0620868871	0.0479924649	-0.0312459714	0.0127728206	0.0064061583	-0.0252311319	0.0784138176081086	-0.0020893595798127	0.0061487267918777	4.365423453755495e-06	0.258784613315882	0.0191464590339762	0.0003665868935397	0.0669694760890505	-0.2829299521637622	-0.0519798428600566	0.0800493578313887	0.0027019040637561	-0.0005190607369588	0.0007905803291842	6.25017256892998e-07	2.6942404865221257e-07	-0.0020202386531276	-6.915759484419997e-05	4.081364215590819e-06	4.782772924634514e-09	0.0009299767907882	4.775347665769995e-05	2.280394532897494e-09	8.648568314047195e-07	0.0	0.0	0.0
1797.2620926731688	-0.7716121727105474	0.5953853450750916	3230151.029759938	2455.4102522459066	-4.381915096122157	19.20117990962325	6029039.506834307	1928.4478803018883	0.4981446754272838	0.2481481176565539	3718911.227040846	2050.2406879665746	1507.8482551342388	0.973532	25.456156	0.0372500602382394	0.0185582901887738	-0.0208640566	-0.0524739962	-0.0328688204	0.0048077697	-0.041729294	-0.0660182925	-0.0356916803	-0.0616965925	0.0832086621	-0.0380560592	0.1032852984	-0.0953245021	0.0319250083	-0.0159717311	-0.052245926	0.0020036295	0.0004237061	0.0088494253	-0.0404039785	-0.0469485577	0.0957423683	0.0248425499	0.0261171013	0.0203511028	-0.012400045	0.0442985894	-0.0364068652	0.0511351552	0.0548828047	0.0664382892	0.0858554486	0.050904019	-0.0882422459	0.1231742701	0.0032176192	0.0931846352	0.0246748126	-0.0161205823	-0.02770779	-0.0571579935	0.1339057545	0.0303796102	0.0327105754	-0.0043244895	-0.0577269256	-0.0203062074	0.0512150353	-0.027161046	-0.0004033244	-0.0870692981	0.0871513618	0.0013027524	-0.0703442358	-0.0668950914	0.0324347595	-0.0750907914	0.0938957689	0.0220447562	-0.1070108891	-0.0014661492	-0.055351691	0.0219902496	-0.0284879823	-0.0874376768	-0.0847822657	0.0148969748	0.0453188016	-0.084854709	-0.0232047693	0.0139773091	-0.0181146339	-0.0423894111	-0.0838758284	-0.0864157914	-0.0634107316	0.0703620062	-0.0160236034	0.0455995943	-0.0631875424	-0.0083307951	0.0568120429	0.0692347186	0.021388402	0.0607796776	0.0123861958	-0.0093741919	-0.0061237048	-0.0370703035	-0.0345301353	-0.0373027179	-0.0146968413	0.0012668792	0.155830075	-0.0301453386	-0.0572412729	-0.0308505089	-0.0175070525	0.0588865845	-0.0975380412	0.0608656151	-0.0162886135	0.0513559311	0.0355038015	0.07322317	0.052650424	0.0591265047	0.0537140382	0.0627293603	0.0837524284	-0.002208274	0.0928918981	0.0398222291	0.0608246124	0.046908057	-0.0013478862	0.0056532791	0.0296396362	0.0166325928	0.0056249972	0.016234844	0.0525070918	0.0587914861	-0.1084941478	0.0682078911	0.0284347507	0.0152413801	0.0058886592	-0.036531051	0.0527117215	0.031349424	-0.0760544383	0.0038532092	0.0283101466	-0.030337505	0.0145595052	-0.0248404538	0.0087896647	0.057693305	-0.0795889182	0.0735107199	-0.0637218759	0.0507165039	-0.0351510839	0.0178113211	0.0004275147	-0.0186447705	0.0780470592503093	-0.0003667583577992	0.0060913434576212	1.3451169301563856e-07	0.258600515653697	-0.0001840976621849	3.3891949221970487e-08	0.066874226696358	-0.269088256577632	0.0138416955861301	0.0724084898279895	0.000191592536699	-0.0005770771434156	-5.80164064568e-05	3.365903418160625e-09	3.3301802945270893e-07	-0.0022942350611601	-0.0002739964080325	5.263514515856288e-06	7.507403161471225e-08	0.000804839432635	-0.0001251373581532	1.5659358405562253e-08	6.477665123242287e-07	0.0	0.0	0.0
1801.4925331573093	4.230440484140445	17.89662668985444	3245375.3470215388	2452.6476565540065	-2.76259569190006	7.631934956904772	6015480.52719986	1926.7719817874936	-1.675898514394703	2.808635830550372	3712450.2698013056	2046.73591033177	1450.8648345124852	1.142378	29.871155	0.0356713362764825	0.0172302658684877	-0.0117923885	0.0970849089	-0.0328222198	0.128377584	0.0835831805	0.046394177	-0.1356993718	-0.0312238494	-0.0106497332	-0.0402350198	-0.0423090715	-0.0008699549	-0.0051464811	-0.0513738656	-0.0011979761	-0.057508813	-0.0790591129	0.0293428101	-0.0168963709	0.0339528337	-0.065044977	0.0389901289	0.0529452296	-0.0577694186	-0.0125674663	-0.062388363	0.0889989883	0.0546273799	-0.0572744037	-0.0226700125	-0.0315235718	-0.0295551756	-0.0465199394	-0.0855376704	-0.0117007155	-0.0421726412	-0.0161862465	-0.0801586537	0.012771211	-0.1065785513	0.1135195958	0.0320288004	0.0574259664	0.0143819108	0.066527956	-0.0179488452	0.0131753776	0.0239388122	0.0154471	0.0218686088	0.0148346483	0.0240164692	0.068288058	0.1525181469	0.0017766384	-0.027665136	0.0367336331	0.0604716599	-0.1110339583	0.0365175472	0.0213502008	0.0029332303	0.0471160804	0.0609189385	-0.0155976133	0.0474907156	-0.104325368	-0.0071844604	0.0733153635	0.0951577221	0.0642663572	0.0401277056	0.0345351504	-0.0308143319	-0.0051694583	-0.0105601354	0.0253636984	0.0202916411	0.0143475594	0.051529876	0.0801140989	0.0728724599	0.0200365533	-0.0021253525	-0.0439973676	0.0365909064	-0.0122848677	-0.0170013371	-0.0241664009	0.1211752483	-0.0246302516	-0.0273522711	-0.0900366765	-0.0825143109	-0.0813854199	0.0258823627	-0.0012122294	0.0808719671	0.0006211713	0.0638109763	-0.1129704477	0.0209387301	0.0109439898	0.080828968	-0.0118189587	0.0767261274	0.0294218206	-0.0306040379	-0.0449332778	0.0032766837	-0.0222684727	0.0214750724	0.0192620949	-0.0931445608	-0.0115829154	-0.0133054509	-0.0838201818	-0.0049676012	-0.0412525728	-0.031075246	-0.0279846289	0.0174532152	-0.02667234	-0.0166813525	-0.0076666194	-0.0505669996	-0.1124359741	-0.0937486677	0.0251181326	0.0020287125	-0.0579366567	-0.0197478402	-0.0636857196	-0.0725779115	-0.010724427	-0.0005834627	0.0472482797	-0.0502820962	-0.0797754371	0.0742388174	-0.0652939789	0.0533515689	-0.0389598496	0.0227795284	-0.0055534252	-0.0119276293	0.0864135245096235	0.0083664652593141	0.0074672972181753	6.99977409353114e-05	0.2729910686930594	0.0143905530393623	0.0002070880167787	0.0745241235861786	-0.273319488660853	-0.0042312320832209	0.0747035428818301	1.790332494207838e-05	-0.000567933008209	9.144135206600032e-06	8.361520867658219e-11	3.22547901813324e-07	-0.0023577599864963	-6.352492533620016e-05	5.5590321539230335e-06	4.035416138969804e-09	0.0009058320899839	0.0001009926573488	1.0199516838392321e-08	8.205317752446002e-07	0.0	0.0	0.0
1810.7797549565323	9.287221799223062	86.25248874796404	3278923.3209604397	2464.71991598195	12.072259427943663	145.73944769557468	6074844.264238072	1936.116177776667	9.344195989173386	87.313998684084	3748545.8538485295	2053.351610347828	1496.6459074775426	1.114635	29.145746	0.0860180258369986	0.0355315077959831	-0.0137973207	-0.0308226825	-0.0077927316	0.0086981694	0.0665939318	-0.0295627555	-0.0586754637	0.0682916802	-0.0556543899	9.55857e-05	-0.0924894453	-0.0104988725	0.141320322	-0.0456683348	-0.0058507907	0.0403175814	0.0391972397	-0.0650407085	0.0287292601	0.0642850362	0.0732136084	0.0511369972	0.0148392349	-0.0298804302	-0.0446496428	-0.0699360867	0.0391534264	0.0322797044	-0.0165206722	0.0288994758	-0.0424086611	-0.0527209305	0.0080235694	0.0488949222	0.0180175391	-0.0402155186	0.0300559151	-0.0233949325	-0.047458062	0.0124686871	-0.0150420286	0.0240303309	-0.0613579189	-0.0604443971	0.0635874814	-0.0406325633	0.0541715319	0.0040833829	0.0867978182	-0.0293077228	0.0267581081	-0.0429906382	-0.0213255433	-0.0682946476	0.0152134152	0.0467381476	-0.0357205698	0.1016715983	-0.0446662017	-0.0328802417	-0.0003989311	-0.056106809	0.0110557769	-0.0696137491	0.0308051856	0.0401158016	0.0667888293	0.0369535718	0.024635928	0.064617437	-0.0771466597	0.0719645135	0.0731825424	0.0813673039	-0.0944692558	-0.0245279645	0.0631189463	0.0444064786	0.0593426161	-0.0339770635	0.061771429	0.0659703842	0.018368521	0.0298768105	-0.0071757091	0.0230669378	0.0148986539	0.0610147488	0.1024939528	-0.0341565481	-0.0892327025	-0.0248707706	0.076547446	-0.0607029219	0.0190447901	0.0688763204	-0.0632154243	0.0033584702	-0.0261870781	0.0550100857	0.0030554153	0.0465524853	0.0044977928	0.0049043285	0.0509755131	-0.0577568342	-0.079193243	0.0440316746	0.0102716331	-0.0373216169	-0.0014209104	0.0130960672	-0.0296969846	0.0419401464	-0.0112482381	-0.0031085067	0.079241687	-0.081079952	0.0573171726	-0.0156131324	0.0208737381	-0.0230584056	0.0437462094	-0.0424395042	0.0757058695	-0.0108629862	-0.0294922019	0.065608111	-0.0293072993	0.0129657363	-0.0354540229	-0.0107122396	0.0102244867	-0.0202200426	0.0259255398	0.0282445989	0.0140073432	-0.0414703291	-0.0799532077	0.0749343514	-0.0668016447	0.0558930371	-0.0426618292	0.0276578354	-0.0115045374	-0.0051268245	0.0820495814704855	-0.004363943039138	0.0067321338194818	1.904399884884107e-05	0.2587573111791101	-0.0142337575139492	0.0002025998529659	0.0669553460886428	-0.3019669131519293	-0.0286474244910763	0.0911840166385048	0.0008206749299719	-0.0008252689531797	-0.0002573359449707	6.622178857396315e-08	6.810688450823178e-07	-0.0020203023503506	0.0003374576361457	4.081621586832158e-06	1.1387765619304375e-07	0.0007251676552436	-0.0001806644347402	3.2639637980032095e-08	5.258681282115008e-07	0.0	0.0	0.0
1810.3758587667564	-0.4038961897758781	0.1631321321154721	3277460.750005471	2477.9805863771403	13.260670395190118	175.84537932987163	6140387.786461996	1935.366791492372	-0.7493862842950421	0.5615798030895296	3745644.617611478	2054.919998898333	1501.4302781136405	1.015227	26.546404	0.0530600883185636	0.0333044205689584	-0.0243214589	0.0089079212	-0.0690070042	-0.1038255585	0.0681442473	-0.0444431536	-0.0674011614	0.0010498137	-0.0358219421	0.093002767	0.0427407013	0.0704735497	0.0371030346	-0.0267626677	-0.0459733431	0.0371357116	0.0137104862	-0.0094009667	0.1036959288	-0.0655707689	-0.0217292862	0.0237705521	0.0717262343	-0.0496651545	0.0676962938	-0.012952911	0.0635157534	0.0374376289	0.0023419403	0.0240664029	-0.0304480444	-0.0557574973	-0.0315542511	-0.0160952167	0.0554749967	0.0372526591	0.0250457819	-0.0789805518	-0.0631198583	0.0526929361	-0.0376172713	-0.0146224592	0.0360061642	-0.1105739779	0.0299710801	0.0949710721	-0.0646661071	0.0686192471	0.0770963381	-0.0240470958	-0.0351834015	-0.0566531643	-0.0211687421	-0.1031669547	0.0261927631	-0.0141784005	-0.1077651186	0.0740118017	-0.0596179894	0.0798805532	-0.0426765355	-0.0575931569	-0.0577673637	-0.0057454881	-0.0070393029	0.0091847664	-0.0168299847	-0.0487418589	0.0222425571	0.0573914842	-0.0066130652	-0.0662186562	-0.0407478118	0.084133258	-0.049343037	-0.0319592236	0.1166734726	0.0363539047	0.0450191494	-0.042193667	0.0518136114	0.0643796545	-0.028670255	-0.016747621	-0.0457289015	-0.0401410629	0.0370040765	-0.016850135	0.0260023868	-0.0142405171	0.0445980143	-0.1205364202	-0.0068964609	-0.0723583736	0.0433847774	0.0529956756	0.0058057767	0.0929104562	0.0613761724	0.0240032299	0.0156782105	-0.0093579513	0.0575465716	-0.0919291214	-0.0051857501	-0.0453206308	-0.005641784	0.0225232469	-0.0865833901	-0.0700092168	-0.0254196858	0.0524518484	-0.0057492191	0.0039534381	0.0084008676	0.0121665136	0.0229811267	0.0590638671	-0.0112897634	0.0057013208	0.0480819098	0.0254211296	0.014850081	-0.0086671383	0.0413321313	0.1011753962	0.0461011508	-0.0653611599	0.0720194316	-0.0102918676	-0.0442671185	0.0030676872	-0.0551261951	0.0483577211	-0.0191231656	-0.0454899891	0.0327518579	-0.0517597067	-0.0801222105	0.0755970167	-0.0682433853	0.05833645	-0.0462468756	0.0324269895	-0.0173938582	0.0017099414	0.0836500079553417	0.0016004264848561	0.0069973238309287	2.561364933429169e-06	0.2424886715380694	-0.0162686396410406	0.00026466863577	0.0588007558242977	-0.3019564102913676	1.05028605617008e-05	0.0911776737160487	1.1031007997853004e-10	-0.0012970360854778	-0.0004717671322981	2.225642271167731e-07	1.682302607031575e-06	-0.002021122292767	-8.199424164001198e-07	4.084935322319735e-06	6.723055662120676e-13	0.0009561909671712	0.0002310233119275	5.3371770653997165e-08	9.143011656997948e-07	0.0	0.0	0.0
1808.999359349599	-1.3764994171574472	1.894750645434792	3272478.68212726	2469.9039680802503	-8.076618296890047	65.23176311365907	6100425.611538566	1933.4239261657235	-1.942865326648416	3.7747256774926568	3738128.078270081	2054.272034800076	1514.075132725445	1.132049	29.601095	0.1077742396561823	0.0567999672163259	0.0441686134	0.0279492287	0.0439499666	0.0380037069	0.0356420343	0.074557681	-0.0021603071	0.0713600266	-0.0482996734	0.0740104477	-0.0402273004	0.035375374	-0.0557193506	0.0278362962	0.011533807	-0.0517176814	0.033580754	-0.0002525308	0.003915079	-0.0510159385	-0.1186120318	0.0533787929	0.0278056618	-0.0058479931	-0.0122206296	0.0490099607	0.0528562431	0.1086499725	0.0060977633	-0.1072910445	0.0045280599	0.0886908935	-0.0225431383	0.0208898298	0.0260604871	-0.0016388363	0.0546816514	0.0084098036	-0.1512086524	0.087472701	0.0769502995	0.0072596489	-0.0449285408	-0.0127113993	0.0459439004	-0.0311805691	-0.0050683857	-0.0443663798	-0.0862585217	-0.0271933766	0.0091363608	0.0608595835	0.0596818563	0.0778806184	0.033498316	0.0998280579	-0.0053150593	-0.0236237013	0.0280614761	-0.1039345379	-0.0031155306	-0.0552464548	-0.0018761156	0.0702389287	0.0206407233	-0.1784785705	-0.0024635443	-0.040614	-0.0143519047	0.027209272	-0.0034196865	-0.0079562881	0.0281180815	0.0679693967	0.1257115613	0.0001631873	-0.0323639833	0.0132692655	0.0917791435	0.0405587562	0.0445043765	0.0343237397	-0.0198308968	0.0202762619	-0.109107128	-0.0998423077	-0.0679642227	-0.0778905008	-0.0290944723	0.0195994356	0.0458625318	-0.0826938041	0.0355346951	-0.0309137079	0.0589510891	-0.0242376213	-0.020629212	-0.0315100725	0.0217143907	-0.0858707317	-0.0797497505	0.1024877532	0.0176757455	0.009773279	0.0524647673	0.1041115771	-0.0759401116	0.0299881164	-0.0629117462	0.0088647843	-0.0120301961	-0.1037897317	-0.0047752837	-0.0642650022	0.0439797296	-0.025443309	-0.077219272	-0.0045530625	-0.0478930482	-0.0316920153	0.0011069868	-0.0304077264	-0.0505054163	-0.0034418409	-0.0741627297	0.0446607959	0.0317956348	0.0422088668	-0.0973141134	-0.038287888	-0.0302793884	-0.0388731477	0.0161006787	0.0208816702	0.0235904288	0.0393229929	0.1045372406	-0.0615610976	-0.080282427	0.0762265226	-0.0696177779	0.0606775209	-0.0497051625	0.0370681691	-0.0231897558	0.0085347133	0.0790785094855124	-0.0045714984698292	0.0062534106624502	2.089859825965157e-05	0.2807451724042664	0.0382565008661969	0.0014635598585253	0.0788178518283012	-0.3431558262361136	-0.041199415944746	0.1177559210797898	0.0016973918741881	-0.0010270500894259	0.0002699859960519	7.289243806413666e-08	1.054831886189749e-06	-0.0018750196008152	0.0001461026919518	3.515698503441192e-06	2.1345996595562583e-08	0.0010150387666757	5.884779950449993e-05	3.463063506521822e-09	1.030303697854526e-06	0.0	0.0	0.0
1809.5970590251045	0.5976996755055097	0.3572449020993916	3274641.5160323074	2460.465125540664	-9.438842539586403	89.0917484871059	6053888.634001834	1934.7645895650069	1.3406633992833576	1.7973783501780076	3743314.0170346494	2052.2484831655	1533.2095189321055	1.069515	27.96594	0.0433644311165493	0.0185516161538216	0.0317259329	-0.092625992	-0.0282366276	-0.013498659	-0.0450211035	0.0004949692	0.0566830375	0.0176907892	-0.0759566246	-0.0022237502	0.1124819004	-0.0299199525	-0.0177538176	-0.0495733432	0.0264747584	0.0037116792	0.0775028209	-0.0310869068	0.013129936	-0.0340277915	0.0244312495	0.0922852321	0.060465169	-0.0681857814	0.001931085	-0.0381033186	-0.0420714774	0.0709231749	0.0357825589	-0.0743978465	0.0393148189	0.0953991909	-0.0613208244	-0.0137156999	-0.0375351624	0.0370406027	-0.072456022	0.0091573175	0.0383110931	0.0074988071	-0.0230341809	0.0825045291	-0.0656158848	-0.0158504948	0.0442103412	-0.0167167404	-0.0551978387	0.0062213702	-0.0444585878	0.0022998157	-0.0112034194	-0.0677432768	0.0196000398	0.0739403073	-0.0018929836	0.0370108399	0.0021145862	-0.0782677676	-0.0755070381	-0.0033755317	-0.0184847085	-0.0923440845	-0.1259619696	0.0194318517	0.1029896603	0.0233475415	-0.0238479211	0.0105925893	-0.0414305452	-0.0316058296	-0.0746492857	0.0166987632	-0.091692491	0.0376609369	-0.0156649682	-0.0776373969	-0.0243173128	0.0151135348	-0.0086004492	0.0538768266	0.037719664	0.1206990851	-0.05039488	0.0904746727	0.0488974422	0.0113569562	0.0374407196	-0.0731782228	-0.073981028	0.0104168293	0.0384372359	0.062131309	-0.0300421437	-0.0254981056	0.0155940086	-0.098613641	-0.0245785231	-0.04722897	-0.0379579776	-0.0337491254	-0.0766930547	-0.0076249783	0.0186943669	0.0098266972	0.0027186682	0.0380698822	0.0207168515	0.0125195823	-0.120525776	0.0562617552	0.0579079145	-0.0597317014	-0.114750299	0.0232171242	0.0207062908	-0.018460987	0.0518843981	-0.0824866094	0.0470296302	0.0488880198	0.0297645911	0.0307258298	0.0098329052	-0.0032241542	0.0251222551	0.0137353449	-0.0349747032	0.0757357891	0.0359033884	-0.0231661604	-0.0552004286	0.0022113606	0.0387025566	0.053559382	0.0308239917	0.0619271065	0.0638614448	0.0368247471	-0.0804338397	0.0768225931	-0.0709234662	0.0629121428	-0.0530272111	0.0415630576	-0.0288611001	0.0152996203	0.0819295511692814	0.0028510416837689	0.0067124513547998	8.128438682588365e-06	0.2718478697640165	-0.0088973026402499	7.916199427219792e-05	0.0739012642952336	-0.3319027243822532	0.0112531018538604	0.1101594184523619	0.0001266323013333	-0.0008000107629653	0.0002270393264605	5.154685575968288e-08	6.400172208603214e-07	-0.0020203943245438	-0.0001453747237285	4.081993226648797e-06	2.113381029916672e-08	0.0009801931180915	-3.484564858419995e-05	1.2142192252535556e-09	9.607785487539371e-07	0.0	0.0	0.0
1807.8888330000943	-1.7082260250101626	2.9180361525220206	3268462.032486443	2469.8569478586714	9.391822318007598	88.20632645302562	6100193.342885752	1933.2024865338185	-1.5621030311883717	2.440165880047898	3737271.8539405386	2054.30393167937	1526.5675577588845	1.047856	27.399572	0.0346838573639736	0.0191255003524942	0.0246514834	0.0291352124	0.0202155289	-0.0517933034	-0.0599453311	0.0111647268	0.0245058468	-0.0164959012	0.0659575554	0.0481255477	-0.0003971578	0.0465356404	-0.0645977096	-0.0100795912	0.0593330036	0.0270077771	-0.0183648658	0.0067583152	0.0742015483	0.0116611565	-0.0429685525	-0.039897719	0.0504183554	0.0327401327	-0.0322905744	-0.0036002622	0.0584757075	0.0152401829	0.1089282286	-0.0624426693	0.0941122221	0.0574902179	0.0487553623	0.0765551903	-0.0074980824	-0.0768931624	-0.0070287507	0.0647884241	0.0687377445	-0.0126217379	-0.0490609699	0.061423084	0.0606762808	-0.0350706454	-0.0321017875	0.0237378431	0.004062649	0.0471703845	-0.0398414223	0.0668638549	0.0088239243	-0.0175152224	-0.0017485878	0.1682773029	-0.0062368719	0.1416618045	-0.029522043	-0.0034854698	-0.0047641227	-0.0826891675	0.0097707235	0.1286268546	-0.0233549867	-0.1067927579	-0.0445973818	-0.0522517571	-0.023383168	0.0711585674	-0.0201875632	-0.0057035739	0.0103491077	-0.0736340789	0.0366442723	-0.0049162973	0.0113723711	-0.0564293533	-0.0431171614	-0.0200306981	-0.0344667062	0.0815971229	0.0836488037	-0.0207709172	0.0205740447	0.0765816703	-0.0422151816	-0.0058227054	0.0038937321	-0.0007392929	0.0085288657	-0.052754006	0.0894601921	0.0507149771	0.0646229757	0.1180724995	0.0092815652	-0.0132768994	0.0163915443	-0.0261367732	-0.0117845388	-0.0461718248	-0.0223739123	-0.1210381126	-0.0869639483	-0.0270037917	0.0167214786	0.0304371208	-0.0165680891	0.096663437	0.0006409272	0.0527490606	-0.1254865066	0.0288649672	-0.0429897851	-0.0434170966	0.0357964804	0.0042125008	0.0141838078	0.0880224201	-0.04192105	0.0024504193	0.0387821211	0.0390249757	0.024421089	0.0046229012	0.0338944395	0.044985646	-0.056830166	-0.1070961579	-0.0095256754	-0.0286678895	-0.0249399472	-0.0692319485	0.0384844237	0.0532529578	0.0015172326	0.0294887786	0.0756640315	-0.0022377731	-0.0805764318	0.0773849666	-0.0721591615	0.0650363955	-0.0562039158	0.0458939156	-0.0343774302	0.0219572114	0.0810488852171573	-0.0008806659521241	0.0065689217949439	7.755725192306555e-07	0.2618719867698758	-0.0099758829941407	9.951824151278571e-05	0.0685769374548019	-0.3170865872185544	0.0148161371636987	0.1005439037939099	0.0002195179204535	-0.0009350566355832	-0.0001350458726179	1.8237387711130075e-08	8.743309117481732e-07	-0.0020204353944979	-4.1069954100341616e-08	4.082159183339886e-06	1.6867411298041673e-15	0.0009350566355833	-4.5136482508199936e-05	2.037302053213038e-09	8.743309117483604e-07	0.0	0.0	0.0
1804.855536594812	-3.033296405282272	9.200887082298353	3257503.507976947	2466.0176384586025	-3.8393094000689416	14.740296669457736	6081242.993188943	1929.3690896822711	-3.833396851547377	14.694931421453344	3722465.084221396	2049.9177181615883	1521.9374683466667	1.059284	27.698402	0.0685137111372143	0.0433793900664073	0.0606799705	-0.0224939911	0.0858688143	0.0621413768	0.0152411269	0.0193740092	0.0490726477	0.0735436079	0.0278363952	0.0072361517	0.0329036894	0.0197893958	-0.004450789	0.0153950738	0.0088343733	-0.0009930082	0.0598778859	0.0173538431	-0.0561543108	-0.0159281511	-0.0454914735	0.0607307833	0.0235040007	0.0708630854	-0.0626941899	-0.1198110111	0.011406381	0.0403441109	0.0824162195	0.0281997337	0.0562941077	0.0042725731	-0.0255645596	0.0934832676	0.0848457391	0.017359947	-0.0097534804	0.0839474061	0.0098312177	-0.020728751	-0.0281174527	0.0007840305	-0.0643400541	-0.0427747477	0.0948430433	0.014660662	0.0394705936	-0.0149318283	0.0323272397	0.0300158778	0.0507229014	-0.0446951795	-0.0313482801	-0.0299281462	0.0278967388	-0.0471108767	0.0346386469	-0.0342433849	-0.0223037159	-0.0193494876	-0.0011676534	0.0738507228	-0.017978793	-0.0061727588	-0.0351632434	0.0595097516	0.0280411408	-0.0025275876	-0.0632948469	-0.0288414443	0.0092436597	0.0364079877	-0.0047966533	-0.0091661072	0.0783395204	0.053791977	0.0028563052	-0.0107582635	0.0299857348	0.0692445615	0.0590890889	-0.0683484708	0.0362502168	0.1054505102	-0.0616401445	-0.0019535125	-0.0170159924	0.1030091958	-0.0048410484	-0.0066565842	0.007018288	-0.021760406	0.0878160089	0.0117713153	-0.0458977592	-0.0555272163	-0.078084533	-0.0139910696	-0.0199187728	-0.0411931591	-0.0533147057	0.045145812	0.0605593321	0.0705027819	0.040617223	-0.0787044709	-0.0108697853	-0.1078330743	-0.0153470164	0.0852120311	-0.0703441989	0.0566896836	-0.0780609133	0.0716798168	0.0571205889	-0.0346068471	-0.0709248557	-0.028761481	-0.0288427474	-0.0518215567	0.0020123427	-0.1076059104	-0.0244611066	0.0112479773	-0.0199664644	-0.0178834781	0.0222006489	-0.0120416005	-0.0947105526	-0.012037928	0.0162102913	-0.062975496	-0.0038175169	0.0621873028	0.0134866822	0.0037100614	0.1283065222	-0.0326518283	-0.0807101879	0.0779133966	-0.0733236445	0.0670465522	-0.0592265694	0.0500436514	-0.0397091175	0.0284607885	0.0923024567957924	0.0112535715786351	0.0085197435305391	0.0001266428732754	0.2773029068615926	0.0154309200917168	0.0002381132948769	0.0768969021538891	-0.3562619023472919	-0.0391753151287374	0.1269225430641113	0.0015347053154358	-0.0009350026333797	5.4002203499952176e-08	2.916237982850247e-15	8.742299244269737e-07	-0.0020209592124234	-5.238179255000024e-07	4.08427613827901e-06	2.743852190751261e-13	0.0009875569022168	5.250026663350003e-05	2.7562779965885972e-09	9.752686351160425e-07	0.0	0.0	0.0
1805.547548185742	0.6920115909299511	0.478880041981402	3260001.948759544	2441.99484217852	-24.02279628008273	577.0947411143567	5963338.809226493	1930.507504200372	1.1384145181009444	1.2959876150230054	3726859.22377395	2045.9564318100763	1517.0758413565725	1.02516	26.806122	0.1215571299896181	0.0524888038538409	0.0871734195	-0.0281893644	0.026995697	0.0524907196	-0.0406092115	-0.0248085701	0.0519089828	0.0497652569	0.0323423862	-0.1468271905	0.025319793	-0.0701285107	-2.91514e-05	-0.0859557379	0.0412013124	0.0226642268	0.0624443289	0.0101636132	-0.0096073969	0.0313736738	0.083079341	-0.0071857162	0.0137385292	-0.0662467055	-0.0538444692	-0.0276645059	0.0870300295	0.0251423732	-0.001078289	-0.1079198348	0.0276600669	0.0625048145	-0.0071220177	-0.0296276811	0.0433153862	0.0422763168	0.0721054686	0.1046077003	0.0020750392	0.0030288976	0.0066496772	0.0236274747	0.079366058	-0.0702887171	-0.0294659183	0.0066157018	-0.0224047664	-0.0505178902	-0.0411148519	0.1053087484	-0.0601745233	-0.0120434481	0.0394748689	-0.0621431707	-0.0350368471	0.0585609176	0.1105066584	0.0439413017	-0.0145240679	-0.0006667897	0.0885262334	0.0657934247	0.0605618996	0.047256473	-0.0861209879	-0.0146411301	0.0863951098	-0.0541683391	-0.058378184	-0.0447340376	-0.040184893	0.0980684093	0.0171143587	-0.029261923	-0.0757276334	-0.1045548619	-0.0396590711	-0.0099021955	0.0273322916	0.0211399623	0.0077802363	0.0938859292	0.0084164845	0.0720047901	0.020485138	-0.0690367319	-0.0458659969	0.0036606296	-0.0057381484	0.0579943768	0.0471729705	0.0246187361	0.0362777941	-0.0017534988	-0.0738039941	-0.0034273968	0.0020472833	-0.0008492423	-0.0249237394	-0.10681257	0.0622333685	0.0209941692	0.0105130928	-0.0118198381	-0.0276176204	0.0172725618	0.0001160098	0.056584352	0.0775549319	-0.0196411308	-0.0804039553	0.0190040084	-0.0253232622	0.0162425873	0.0735563552	-0.0551863867	0.0425336562	-0.0479926121	0.0026307213	0.0358911368	0.0280294752	-0.0283826425	0.0527265333	0.0407484336	0.0388731555	-0.0145966392	-0.1270382744	0.0637755369	0.0316269377	-0.0075567747	-0.0425982537	-0.029206825	0.0621161606	0.020557075	0.0757104449	0.0663156393	0.0572971424	-0.0882350949	-0.0808350932	0.0784076511	-0.0744157659	0.0689390864	-0.0620868871	0.0539958877	-0.0448275254	0.0347647336	0.0760766231329341	-0.0162258336628582	0.0057876525873104	0.0002632776780547	0.2519996634556918	-0.0253032434059007	0.0006402541268582	0.0635038303817819	-0.3881514025247909	-0.031889500177499	0.1506615112819622	0.0010169402215707	-0.0009360120105443	-1.0093771645999566e-06	1.0188422604158478e-12	8.761184838831827e-07	-0.0012878564827036	0.0007331027297198	1.658574320041688e-06	5.374396123226225e-07	0.000758897954234	-0.0002286589479828	5.228491449260087e-08	5.759261049405504e-07	0.0	0.0	0.0
1813.2939131676449	7.746364981902843	60.00617043285064	3288034.8155308305	2459.5229445417267	17.528102363206926	307.2343724550602	6049253.114727206	1934.8149514986767	4.307447298304624	18.5541022276718	3743508.896542826	2053.399299111011	1490.4025337507314	1.068477	27.938793	0.1152853758094948	0.0593001709318615	0.1015293469	0.0620263777	-0.0390988639	0.0102672255	0.0648190204	-0.0142587432	-0.0945499914	0.0410056517	0.0501369529	-0.0467119833	0.0411890608	0.0516771341	-0.0137558757	-0.0284866962	0.0590936292	0.0099060499	0.0347565914	0.0025078388	0.0486998953	0.0989784787	0.0072014334	-0.1183320449	-0.0416490873	0.067901082	0.0385984177	-0.0200792912	0.0209241333	0.0355649406	0.0625590331	0.1181663188	-0.097203706	-0.0531914125	0.0745804337	-0.070243071	0.0303220815	-0.026704049	-0.0060171308	-0.0210065714	0.0197475953	0.0307898754	0.0096338325	-0.0812500184	-0.0197237084	0.0997521284	-0.0238996593	0.1002393465	-0.0258764319	-0.0568703678	0.113665032	0.0293509039	0.0018078227	0.0272102503	0.0195314389	0.0291444432	0.0419612749	-0.1020823071	-0.0287060773	-0.0713079108	-0.0274329608	0.0749998003	-0.0799777411	-0.0332912645	-0.0778127557	0.0720114399	0.0496910251	-0.0355522377	0.0696007583	-0.0554918225	-0.0453008168	0.0918374951	0.0611483019	0.0376447714	0.0166944306	-0.0039479885	-0.0295482785	-0.0112058665	0.0555456303	-0.1053323801	-0.070246944	0.0176887968	0.0224173701	-0.0548523801	-0.0201222567	-0.0697224177	0.0231762652	0.1189924925	0.0292340519	0.0619458823	-0.0531298184	-0.0076533627	0.010615865	-0.0050553029	0.013533098	0.1003705607	-0.0267461583	-0.0136403764	-0.0246056797	-0.0163181331	-0.0285721099	0.0982917915	0.0566586384	0.0117043334	-0.0125378907	0.0048158322	-0.1081988695	-0.0832483353	-0.0987301241	-0.0885908391	-0.0300494359	-0.091893307	0.1152304702	0.0313218864	-0.0382125131	-0.0873291484	0.1012429563	-0.0645855507	0.0435841843	0.0379585181	-0.058289994	0.045233788	0.0285834875	-0.0256757564	0.0688269723	0.0161911426	0.0267669539	0.0225462724	-0.0175039489	-0.1059880927	-0.0004485184	0.0218179917	-0.0233541346	0.0402114518	-0.0856080832	0.0207780375	0.0446938211	0.0758845299	0.1365327746	0.0935961115	-0.0809511339	0.0788675135	-0.0754344479	0.0707106781	-0.064777029	0.0577350269	-0.0497051625	0.040824829	0.0632400852781529	-0.0128365378547812	0.003999308385988	0.0001647767040972	0.2870834873169343	0.0350838238612424	0.0012308746967266	0.0824169286900523	-0.4053720538462571	-0.0172206513214661	0.1643265020395327	0.0002965508319355	-0.0001019776079448	0.0008340344025995	6.956133847195047e-07	1.0399432522143335e-08	-0.0012180437340334	6.981274867019988e-05	1.483630538018028e-06	4.873819876888495e-09	0.0008579380584044	9.904010417039995e-05	9.808942234083676e-09	7.360577120587116e-07	0.0	0.0	0.0
1810.805812071383	-2.488101096261971	6.190647065220023	3279017.6890315004	2459.832516023482	0.3095714817554835	0.0958345023162856	6050776.006886415	1935.211662953294	0.3967114546173889	0.1573799782246445	3745044.1804304537	2052.733998460934	1534.8258967893278	1.141812	29.856377	0.1454428657708599	0.0848940753317396	0.0412491096	-0.0035956428	0.1060571986	0.0142437801	0.0375793765	0.0460390111	0.0540136827	0.0077303165	0.0001620169	0.0011990161	-0.0357552957	0.0403646709	0.0217151934	-0.0073029233	-0.0627125688	-0.1039781082	0.0594006035	-0.0079725112	0.0217464045	0.0201596584	-0.0930094847	0.0471562722	-0.0393843249	0.0767603041	0.0064196082	0.0045638154	0.0450064065	0.0496664577	-0.0056190774	0.0960835652	-0.0666057607	0.0315019767	0.0229551281	0.0224376075	-0.0449980226	0.0369866011	-0.0105928905	-0.0087185603	-0.1070643935	-0.0883858041	0.0351452474	-0.1193558437	-0.030568596	0.0825082064	0.0321831233	-0.0893375473	0.0116485447	-0.0180311264	-0.0430531254	-0.0668511015	-0.0388288798	0.0641532038	-0.0600666911	-0.1075296351	-0.0009219446	-0.0098582536	0.0178901288	0.0689583305	0.1144988174	0.035753887	0.0085059104	0.0512882992	0.1379647249	0.0752518979	0.0428465576	0.028331462	0.0292301958	0.0599386388	-0.0268758534	-0.0305974075	-0.0193504015	0.0051521785	0.0306573535	0.0593359408	0.0862935848	0.0258021069	0.0287790005	-0.0698036712	0.0063525227	0.0915509648	-0.0229174733	-0.0766927783	0.0209227869	0.0115351479	-0.0054571947	-0.0243157442	0.0069408983	0.0203546024	-0.0755962925	-0.0462171544	-0.0822984851	-0.030295427	-0.0473446106	0.0393321746	-0.016456311	0.1341153051	-0.0753878958	-0.0108779911	0.0578779667	-0.0098788715	0.0693483516	0.0992064686	0.0613044714	0.0818754883	0.0378590524	0.0435569108	-0.0187048205	-0.0399332342	0.0230379355	-0.0295119742	-0.0076863564	-0.0329365117	0.1308195975	-0.0348047804	0.0286259767	-0.0547618161	-0.039723454	0.0008727652	-0.0281204455	-0.0686547893	0.0185237128	-0.0625899944	-0.0255777304	-0.0724662373	-0.0371615876	0.0378377243	0.006828365	-1.18395e-05	-0.1376524723	-0.0281509262	-0.0057361095	-1.6823e-05	0.0552679666	0.0214375873	0.0369305025	0.0736650024	0.0788923344	0.0513014253	-0.0810582975	0.0792927819	-0.0763786853	0.0723582192	-0.0672896215	0.0612463124	-0.054315831	0.0465985677	0.0667032530443378	0.0034631677661848	0.0044493239666969	1.1993530976742086e-05	0.2911514002700102	0.0040679129530759	1.6547915793802712e-05	0.0847691378791876	-0.3208102231436029	0.0845618307026541	0.1029191992734483	0.0071507032117843	-0.0005311392280141	-0.0004291616200693	1.841796961405062e-07	2.821088795354141e-07	-0.0016997701238015	-0.0004817263897681	2.8892184737681668e-06	2.3206031459900738e-07	0.0010140491355459	0.0001561110771415	2.437066840627937e-08	1.028295649301387e-06	0.0	0.0	0.0
1806.5877414095223	-4.2180706618605655	17.792120108448827	3263759.267411159	2469.246828276536	9.414312253053597	88.62927519799506	6097179.898953732	1933.6756526916984	-1.5360102615957203	2.359327523727353	3739101.5298126657	2053.1047156135164	1541.834229499501	1.082047	28.293625	0.0711828929651874	0.033828564571898	0.0651510988	-0.1073200993	0.0178267515	0.0365370385	-0.085574835	-0.0232044028	0.0940838998	0.0442339752	0.0590093607	-0.0252778385	-0.007068116	-0.0418661088	0.0292344562	-0.106961917	0.0708181562	0.0415259856	0.1183980835	-0.0125608737	-0.0023739211	-0.013746668	0.0376521661	0.0150115802	0.0036880382	-0.0454523856	-0.0810415684	0.0004755688	0.0491356525	-0.061667272	0.0926582571	-0.0653905881	-0.0484493608	0.0530328503	0.0196062734	0.0350117265	0.0754397565	0.0022084926	-0.0317845442	0.0132154322	0.0319722219	-0.0592815603	0.0546730646	0.0218982595	-0.011739552	0.0558163396	0.0541290894	0.095746592	-0.0507632803	-0.083041855	-0.0552011705	0.118039245	0.0381665808	0.0184303297	0.0298314064	-0.0262094537	-0.014076779	-0.0518879226	-0.0015768132	-0.0464767447	0.1046578606	-0.038620757	-0.016487967	-0.019231733	-0.0369864216	-0.0247501451	-0.0828338885	-0.062777232	-0.0622077087	0.0157220081	-0.0793034183	-0.0700936228	-0.1087682663	0.0373582819	0.0229133008	-0.0166331519	-0.0377676093	-0.10061825	0.0693170764	-0.0099223163	-0.0277827047	0.0230058534	-0.000522601	0.0539604603	0.0354314171	-0.008917962	0.0307022459	0.0362895464	-0.0527121999	-0.0379787069	0.0219580426	0.0648270293	0.0682030544	0.0508453756	0.0555197454	0.0872992411	-0.0084444949	-0.0072914832	-0.0452976246	0.0795299411	0.0212389334	-0.0698065817	-0.0033653351	0.0439061952	-0.0130082384	-0.0541013385	-0.0160746617	0.0337263957	-0.0456590852	-0.0738681302	0.0918749233	-0.0110924775	0.0296110516	0.0368756177	0.0048183965	0.0301928105	0.0372866321	-0.0538186022	0.0076201819	-0.0955645556	0.0632863709	0.0383525358	0.0141084908	-0.001632422	0.047045926	0.008414668	0.0624393804	0.0140617606	-0.0280183631	0.0693516315	0.0158383928	0.0001488788	-0.0024072239	0.0245504021	0.0976846163	0.0190360775	0.0784550471	-0.0128386275	0.0153188959	-0.0049575408	-0.0811565722	0.0796832699	-0.0772475461	0.0738788195	-0.0696177779	0.0645158866	-0.0586347667	0.0520454508	0.0853123520851966	0.0186090990408587	0.0072781974183085	0.0003462985671124	0.2646245001530189	-0.0265269001169912	0.0007036764298168	0.0700261260812351	-0.3303152064534203	-0.0095049833098173	0.1091081356143656	9.03447077199066e-05	-0.0003497372349612	0.0001814019930529	3.290668308356439e-08	1.223161335183056e-07	-0.0016246663351422	7.510378865929995e-05	2.639540700544388e-06	5.6405790709807915e-09	0.0009397167073077	-7.433242823819998e-05	5.525309887787151e-09	8.830674899932255e-07	0.0	0.0	0.0
1804.459926045768	-2.12781536375428	4.527598222228759	3256075.6247050986	2472.699518079502	3.4526898029662334	11.921066875507009	6114242.906710601	1929.023279145008	-4.652373546690342	21.64457961794407	3721130.81148336	2053.92850752588	1528.800840380131	1.140858	29.831427	0.1231680209549752	0.066846523673969	-0.0165177181	-0.0227113487	-0.0078199284	-0.0812432113	-0.0425477057	-0.0887291307	0.015102892	-0.0225347387	0.1322592114	0.0544027013	0.0395592067	0.041629	0.0048491799	0.0168127984	-0.0353244569	0.0530177329	0.0254074328	0.0273070731	0.0141201138	-0.0983430501	-0.048758577	-0.0593214566	0.0022822687	-0.0032630471	-0.0020709071	0.0410882143	0.0009901899	-0.0206790378	0.0674015514	0.0343610299	-0.0391957697	-0.0140900717	-0.0726377561	-0.0933897085	-0.150708795	-0.0644553144	-0.0216032084	-0.0374071688	0.0021834736	0.0415253114	0.0202510541	0.0958418764	0.0678373004	0.1202753186	-0.0440211499	0.0051962815	0.0049834395	0.0543290505	0.0963022038	0.0874512162	-0.0371328562	-0.0096390022	-0.0027563394	-0.0473711342	-0.1499488907	-0.0979644259	-0.0258804609	0.0782035238	-0.0200688225	0.0002301576	-0.0466396263	0.0981689223	-0.0060219693	0.036572328	-0.0358555229	0.0778517104	0.0123062185	0.0352753055	-0.0552821623	-0.0222759606	0.0086761995	-0.1071328936	-0.0027184852	-0.031822061	-0.0008287563	0.014252008	0.1033359111	0.0218347914	-0.0446348073	0.0106397947	-0.0376343965	0.0125521785	0.0286155883	-0.0759490845	-0.0707097545	0.0147658264	-0.0099041926	-0.0372230025	0.0040271475	-0.0495443902	0.077341306	-0.0732437253	-0.0216127281	0.0305022092	0.0110056091	0.0021514436	0.0505281974	-0.0629322746	0.0233073193	0.1371343405	-0.0270948196	-0.0048326657	0.0107557021	0.0537598018	0.0248285426	0.0599592606	-0.0409845925	0.00288983	0.0567607512	0.0209060424	-0.0427053658	0.049732981	-0.0603323079	0.054306089	0.0016859814	-0.0107563657	0.0694008256	0.0714324609	-0.0187811872	-0.0120041099	0.0346075565	0.0250124491	-0.0026404358	0.0410477326	0.009120738	0.0869694349	0.0361098271	-0.1285737012	0.0225102288	0.0221670357	0.0435752929	0.0611310337	0.078852493	-0.0097592945	0.0099617804	-0.0200254276	-0.0328630043	-0.0307954237	-0.0812459471	0.0800388062	-0.0780401729	0.0752698111	-0.0717551168	0.0675308461	-0.0626387723	0.0571272725	0.0969805268896237	0.0116681748044271	0.009405222595789	0.0001361463032666	0.2403044084539374	-0.0243200916990815	0.0005914668602517	0.0577462087223967	-0.2828491417687786	0.0474660646846416	0.0800036369993346	0.0022530272966465	-0.0010737785584277	-0.0007240413234665	5.242358380871209e-07	1.1530003925390695e-06	-0.0015789974803603	4.56688547819e-05	2.4932330429841764e-06	2.085644297090271e-09	0.0009151530902196	-2.4563617088100035e-05	6.033712844508e-10	8.375051785384833e-07	0.0	0.0	0.0
1800.5674795723255	-3.892446473442533	15.15113954861521	3242043.2484934367	2455.695080051933	-17.004438027568995	289.15091263343453	6030438.32619127	1927.6336710772173	-1.389608067790732	1.931010582069092	3715771.569870629	2045.0109490126545	1491.3687000785762	1.044732	27.317904	0.0657978855997008	0.035267730627237	0.0137116922	0.0205248891	0.000981512	0.0613895434	0.0088477453	0.004776275	0.0333853487	-0.0372192945	0.0503551122	-0.0280247553	0.0088740997	-0.0089717988	-0.0250687802	0.0092831897	0.021964039	-0.0070920337	0.0121298834	0.0242193143	-0.0294777683	-0.0582089343	-0.0467188772	-0.0262582529	-0.0763767235	0.0147625135	0.0476799328	0.1056333521	-0.04297032	-0.00472209	0.039372034	-0.0105544347	0.002968586	-0.0201336494	0.0777984872	-0.0017131795	0.0061027941	-0.0219538683	0.0612248791	-0.0337348222	0.0514204606	-0.0781493549	0.1250978105	-0.0418723337	-0.0370272764	0.1722217564	0.0300641007	-0.0711061467	0.045096905	0.0076107333	-0.0549275533	0.0052745521	0.0559151738	-0.0105579014	-0.0813785476	-0.0827215464	0.0268085658	-0.0123287599	-0.0403098307	0.0540325612	0.0139380893	0.1096194564	-0.009823386	0.0848284088	0.031930607	0.0287650071	0.0578888398	-0.0325223086	0.0200476239	-0.0180842824	-0.0106889686	-0.0419060862	0.0382623774	-0.0080819289	-0.0183814669	-0.0222912901	0.0733722494	0.0506336659	-0.0023261846	-0.0148467457	-0.034455076	-0.01686387	-0.0563494205	-0.0208892235	-0.0168051427	-0.097524168	-0.0982955823	-0.008323626	0.0029052959	0.0104255038	-0.0419130295	0.0125444633	0.0496276627	0.0985584516	-0.0336228831	0.1130740507	-0.0080331922	0.0312109425	0.0113820975	0.0664293992	0.0113004303	0.1177282267	0.0457576154	0.0303313888	-0.0258531199	0.0052437801	-0.0027385495	0.0037117963	0.0443296484	-0.0111892824	-0.100660794	0.0700266598	0.00258692	0.0294244108	-0.0306671903	-0.0055234135	0.0177261144	-0.0261477046	-0.0905605848	0.0323865986	-0.0153817979	0.0080794861	0.0011712068	-0.0396542979	-0.0284857578	0.0429623134	-0.0600484291	-0.0188080864	0.0676055123	0.0322226491	-0.0639018824	0.0500914883	0.0234396719	0.0666846427	-0.0122519991	-0.058310056	0.0027361688	-0.0326763539	0.010105466	-0.0251110145	-0.0813264124	0.0803592349	-0.0787557834	0.076528754	-0.0736957799	0.0702792922	-0.0663063423	0.0618083875	0.0935039228703544	-0.0034766040192693	0.0087429835921451	1.208677550679947e-05	0.2649083111480195	0.024603902694082	0.0006053520277798	0.0701764133152959	-0.2802200985772742	0.0026290431915044	0.0785233036466572	6.911868102795751e-06	-0.0012560511002733	-0.0001822725418456	3.3223279510856045e-08	1.5776643664977677e-06	-0.0012619483749469	0.0003170491054134	1.592513701031122e-06	1.0052013524343725e-07	0.0007127080235817	-0.0002024450666378	4.098400500602375e-08	5.079527268777331e-07	0.0	0.0	0.0
1804.8115572472825	4.244077674956998	18.012195311068396	3257344.757173361	2455.425588088931	-0.2694919630021104	0.0726259181227308	6029114.818641872	1926.4123410202387	-1.2213300569785588	1.4916471080792495	3711064.507635077	2047.2385687454253	1500.9662504980247	1.011596	26.451443	0.148421310201154	0.0853313655807097	0.048441003	-0.0535243829	-0.0568458507	0.012698798	0.0147419756	-0.0800851784	-0.0112702639	0.0655555108	-0.0072806802	-0.0284283471	0.0777673093	-0.0984412571	-0.0145832939	0.0328827172	-0.0204645264	0.0312575956	0.0646064928	-0.02003849	-0.1157363376	-0.0454994374	-0.010089838	-0.0709304913	-0.0717345968	0.0168214305	0.034765223	0.033204076	-0.022287697	-0.0476595545	0.0538027022	0.132271969	-0.0343012964	0.0955571394	-0.002337519	-0.0257362157	0.0083167423	-0.0413950388	0.0021278808	-0.0539323137	-0.0381061971	-9.12015e-05	-0.0731634292	-0.0586307996	-0.0118327559	-0.0105232384	-0.001910768	-0.0314054173	0.0039576558	0.0564438886	0.0291798524	0.017005399	-0.0268466694	-0.0407544533	0.0770376153	0.0603197921	-0.0573132922	-0.0935339193	-0.0593035567	-0.0570159702	0.022586264	-0.1590441808	-0.0466632578	-0.0136961101	-0.02375934	-0.0281175157	-0.0185253475	0.0641562699	0.0871243045	0.03738531	-0.0717260374	0.0334224125	-0.0243027597	0.0688029656	-0.0852357015	-0.0815900705	0.0149496088	0.0617168485	0.0037881365	0.0005550899	-0.0321496773	-0.055868829	-0.0427959358	-0.0222255628	-0.0242765009	0.0318178483	-0.0136074941	0.0798546772	-0.0117023841	0.0247382835	0.0156474283	-0.0435046056	0.0353212193	-0.0356678294	-0.0532188138	0.0687174967	-0.0165203873	-0.0082520291	0.082828778	-0.0145018351	-0.024697454	0.0438106317	-0.0334119145	0.0177340557	-0.0034067147	-0.0863043694	-0.0130194326	-0.08569317	-0.0177685924	0.0873724236	0.0270631029	-0.0094546366	0.0188588485	0.0097787791	0.0018447356	0.1230512736	0.03664365	-0.0369619422	0.0246879982	-0.0639558191	-0.0101504134	0.0106785713	0.018420918	0.0282360627	-0.0169068504	0.0483239276	-0.0467835521	0.0332382628	0.0429144317	-0.0357359254	0.0508116941	0.033106149	-0.0860259148	0.0615660854	0.0747886669	-0.0054677732	0.0242524312	0.0308724282	-0.0182181098	0.041012249	-0.0813979594	0.0806444153	-0.0793936715	0.0776534394	-0.0754344479	0.0727503781	-0.0696177779	0.066055961	0.1094449036703082	0.0159409807999537	0.011978186939403	0.0002541148688644	0.2648351711168288	-7.314003119068824e-05	5.349464162574848e-09	0.07013766786048	-0.3279059023341588	-0.0476858037568845	0.1075222807855788	0.0022739358799401	-0.0006860181423824	0.0005700329578909	3.249375730818487e-07	4.706208916777988e-07	-0.0022093072645412	-0.0009473588895942	4.88103858915452e-06	8.974888656933448e-07	0.000889743888359	0.0001770358647772	3.1341697417446447e-08	7.916441868721926e-07	0.0	0.0	0.0
1797.6006187131957	-7.210938534086836	51.9976345423784	3231367.984398064	2427.730138552143	-27.69544953678769	767.0379250447536	5893873.625634409	1920.4367558036265	-5.975585216612217	35.70761868099447	3688077.3330415576	2033.783857706628	1478.1646021414326	1.240589	32.439213	0.0796474813431977	0.0565031846435851	0.0238280976	0.1164830219	0.0123339737	-0.0058433832	-0.0170855254	-0.0405076438	-0.0054075978	-0.0252102836	-0.002596754	-0.1489044551	-0.0655887324	0.0055127622	-0.0777759428	0.1485489153	-0.0210316723	-0.1209169504	-0.0503525031	0.067948923	-0.0383909975	0.0840972822	0.0995560508	-0.2947006941	-0.0572302646	0.132355649	0.0259874782	-0.0532485573	-0.0551451547	-0.1422349269	-0.297932106	0.1160909675	-0.0541738081	-0.1298918454	-0.0679693357	-0.0459467173	0.0589035809	0.1925353837	0.028462062	-0.0482507652	-0.0419822914	-0.0277719951	0.062243989	-0.0533745984	-0.0923918951	-0.1191605144	-0.1260035379	-0.1287304793	0.0270702309	0.0519118956	-0.0383462509	0.0919555508	0.0483177839	-0.0058610805	0.133720656	0.0222274368	-0.006731988	-0.0175408103	0.0355097561	0.0175236407	0.1120675495	0.0248486961	-0.0073761164	0.1006384875	-0.0524207993	-0.0654773691	-0.0185287698	-0.019478246	-0.0801525166	-0.0541447612	-0.0023796441	-0.0186688652	0.1405609391	0.0534153309	0.0068449721	-0.1113036166	-0.0873148578	0.0450571322	-0.1093856765	-0.1321840743	-0.1221946465	-0.1217023751	-0.1537756496	-0.3219837107	-0.1056117143	-0.2537288763	0.1579942024	-0.0928071699	0.039275871	0.1295775671	0.1530484649	-0.0656924823	0.083518993	-0.0387412622	-0.1389459714	-0.1300662761	-0.219029791	-0.0229540311	-0.0469787441	0.0666041184	-0.1468665944	-0.1224062417	-0.064930978	0.0903112668	0.0413543672	-0.0728293157	0.0470388486	-0.0424510799	0.0324893975	-0.0222118296	-0.0234999042	-0.006288226	0.0241385517	-0.1142303906	0.0733307494	-0.0332804035	0.0399602748	0.0009158498	0.0258157562	0.0864521411	-0.0368063759	-0.038401399	-0.0170118373	0.0650042477	0.063889266	-0.0425876693	-0.0936924853	-0.2045518487	0.0657778502	0.0353212412	0.0650457227	0.0492342599	0.0948664508	0.1884560226	-0.1497616995	0.0504757912	0.2217447485	-0.0585502091	0.0111088032	-0.1282511053	-0.0814605803	0.0808942224	-0.0799532077	0.0786418943	-0.0769663555	0.0749343514	-0.0725552932	0.0698401994	0.104745814316999	-0.0046990893533091	0.0109716856169312	2.2081440750383792e-05	0.2647605854485988	-7.458566822998725e-05	5.563021905313728e-09	0.0700981676070848	-0.2815651939627202	0.0463407083714386	0.0792789584512642	0.0021474612523667	-0.0008137369822568	-0.0001277188398744	1.6312102058862636e-08	6.621678762924036e-07	-0.0018128447962515	0.0003964624682896	3.286406255296142e-06	1.5718248876236134e-07	0.0008432632375187	-4.648065084029995e-05	2.1604509025378763e-09	7.110928877505196e-07	0.0	0.0	0.0
1805.892836707975	8.292217994779321	68.76087927294199	3261248.9376731766	2445.1524693280803	17.4223307759371	303.537609666165	5978770.598261209	1928.862304447204	8.425548643577486	70.98986994529041	3720509.7895173775	2044.6936981609629	1478.779076616889	1.18258	30.92238	0.0685382490034523	0.0309926314302914	0.0462294023	0.0296719426	-0.0997960935	0.0060362727	0.0111899264	0.013349026	-0.0457457683	0.0291507377	-0.0234000968	-0.0580461461	-0.0156983483	0.0319952697	-0.0416981335	0.0994572602	-0.0419098091	-0.0146158126	0.0002586382	0.1278054074	0.0604245591	0.104967308	-0.0039240897	-0.1206556534	-0.0619720328	0.0910880395	0.1386310491	0.079052535	-0.0553092167	-0.1035798071	-0.1571152028	-0.0384002969	-0.0094193608	-0.1427391649	0.1649258948	-0.0943456553	0.0401313942	-0.0168673806	-0.2456746673	-0.0374997345	-0.0285305875	0.0565760373	0.0602593148	0.1679537925	0.0530065126	0.0422996037	-0.0590719474	-0.0390039002	-0.1415042554	-0.0306537196	0.0592305086	-0.022437853	-0.0563278397	-0.0426681121	-0.1410928267	0.0649840012	0.1165878229	-0.0321899151	0.020164058	-0.0277486001	-0.1116470114	-0.0706469304	-0.0049235209	-0.0869008893	0.1428780896	-0.0206572849	0.0024615378	-0.0087115562	0.0084847026	0.0628128319	-0.026415203	0.0296100206	0.1509641523	0.0372752907	0.0163788145	0.0041221962	-0.0071095795	0.0245597491	-0.0543619896	-0.143935299	0.1247919165	-0.0851290082	-0.0909599569	-0.0624607611	-0.0386081944	-0.2380722036	0.2546062142	0.0974997446	0.2173254194	-0.0353457601	0.0030644173	0.0605669038	-0.1393201958	-0.0611202824	0.0248041077	0.0403892799	0.1059718321	-0.0447905897	0.0307954815	-0.0132546014	0.1937433881	-0.0167474474	-0.0110491249	-0.0338692831	-0.1194044577	0.0280252266	0.0236416979	0.1372171118	0.0946086143	0.0626230633	-0.1203830919	-0.1517936568	0.0206166822	0.0634822307	-0.0655657919	0.0171068034	0.0356864482	-0.0186414156	-0.0234856651	-0.0374413133	0.0520976231	0.0721237811	-0.0377210609	0.0437414045	0.0885327085	-0.0257052788	-0.0407410531	-0.1036419444	0.0617985271	0.0645144938	-0.0065801829	-0.0398034082	0.1524806108	0.2561071272	-0.1872746094	-0.0177218712	0.1172876856	-0.1140656014	0.0392858212	0.1482382862	-0.081514268	0.0811085467	-0.0804338397	0.0794923845	-0.0782873035	0.0768225931	-0.0751031108	0.073134559	0.0957960977672485	-0.0089497165497505	0.0091768923474322	8.00974263208781e-05	0.2805132777488097	0.0157526923002108	0.0002481473147051	0.0786876989933808	-0.3070417582630611	-0.0254765643003409	0.094274641317272	0.0006490553285494	-0.0006947403646089	0.0001189966176478	1.4160195011640496e-08	4.826641742169074e-07	-0.001645322118297	0.0001675226779544	2.707084872957328e-06	2.8063847629047076e-08	0.0009239294589793	8.066622146059993e-05	6.507039284730553e-09	8.53645645169782e-07	0.0	0.0	0.0
1809.974087984408	4.081251276433022	16.656611981386174	3276006.199174989	2478.2377326351475	33.08526330706718	1094.634648097966	6141662.259456596	1935.868335633766	7.006031186562041	49.08447298707991	3747586.212909448	2056.7349554174943	1541.5228871195673	1.405559	36.752888	0.1664835733394711	0.084229820774914	-0.0348320163	-0.0692221055	0.0282376737	-0.1110898996	0.0073582058	0.0205730601	0.0203019378	-0.0102854312	-0.0133230835	0.1170719053	0.0878893829	0.0803891815	0.0441256203	-0.006402972	-0.0671264676	-0.0628675841	0.045335461	-0.0373867177	0.028954678	-0.0369121491	0.0085623736	0.173551788	0.0251437559	-0.0963123689	0.0019474049	0.002296162	-0.0037187969	0.0258583403	-0.007247103	-0.0767219129	-0.0747856395	-0.0003342757	0.0052680071	0.1224610873	-0.0517561791	-0.0215171996	0.0557852712	-0.0399051013	0.0120692869	-0.009928679	-0.0918304869	0.0010045562	-0.0019393241	-0.0337457205	-0.1082833686	0.0290083326	0.0031904782	-0.0061886925	0.0925034873	-0.0146760387	-0.0007972734	-0.1238375523	0.0215220401	-0.056727817	0.09371889	-0.007705915	0.0891268597	-0.0365161715	0.0538770513	-0.0421473515	0.1365081921	-0.0646224494	-0.0237744659	-0.0893432041	0.1115944509	0.0134104799	-0.0820480166	0.0274160089	-0.013812497	-0.0247420797	-0.0513477502	-0.0899983799	-0.048379749	0.1046725111	-0.016414694	0.0076467518	0.065647614	0.06191557	0.0090482782	-0.0127385937	-0.0081494285	0.0877877995	0.0065284728	0.0159775048	-0.0623409017	-0.0254812984	0.0018874123	-0.1148659171	-0.0068523327	-0.0458944461	-0.0128748866	0.0536642574	-0.0769863004	-0.0306233963	0.0224511091	-0.0024833721	-0.0105412313	-0.0198743173	0.0298177908	0.0201341382	0.0639764179	-0.0565178639	0.1622645154	0.0524526149	0.0675059198	-0.0927766521	0.0696345562	0.0334664265	0.0434615367	-0.0570763893	-0.0353919496	0.0196078676	0.0382081591	0.0238809849	-0.0256683438	0.0476943864	0.0604044056	-0.0108941749	0.0340491432	-0.0429783598	-0.0050804778	0.020199293	-0.1149273173	-0.0323746282	-0.0473622272	0.037533827	0.0745940022	-0.0079972302	0.0189971271	-0.0495064601	-0.0667853435	-0.0542252957	0.0489643475	0.0344194811	-0.0696011535	-0.0175134217	-0.0540726955	0.0888273086	-0.0815590168	0.081287294	-0.0808350932	0.0802034182	-0.0793936715	0.0784076511	-0.0772475461	0.0759159322	0.0921315412948615	-0.003664556472387	0.0084882209013667	1.3428974139313484e-05	0.2840515761766227	0.003538298427813	1.2519555764263966e-05	0.0806852979284236	-0.229593765676995	0.0774479925860661	0.0527132972377428	0.0059981915556113	-0.0009442700867542	-0.0002495297221453	6.226508223391062e-08	8.916459967387845e-07	-0.0026481231243919	-0.0010028010060949	7.012556081939119e-06	1.0056098578249436e-06	0.0013082532478032	0.0003843237888238	1.4770477465595765e-07	1.711526560387621e-06	0.0	0.0	0.0
1804.1458834215744	-5.828204562833662	33.96796842623512	3254942.368667013	2464.1099813760925	-14.127751259055003	199.59335563773024	6071838.000317287	1931.4169787309304	-4.4513569028356414	19.81457827642252	3730371.5457301154	2049.0358161999206	1501.909917694352	1.091417	28.538633	0.117592110430212	0.0567559326337633	-0.0320460338	0.062262226	-0.0031488593	-0.0690985253	-0.053595459	-0.02734987	0.0511109007	-0.0249040385	-0.0270750234	0.0397442143	-0.0333235602	0.0827257276	0.0098412799	0.0428305894	-0.0105045118	-0.0137611221	-0.0352211708	0.0745333967	0.0895838538	-0.0098670131	-0.0365023494	0.0144277408	-0.0261792622	0.0496023517	-0.1132343438	0.1620299124	0.0281889587	-0.0128724566	0.0324516954	-0.1446224443	0.1060283635	-0.0331612856	-0.0106902425	0.0536874335	0.0528808556	0.0489977547	-0.0584514132	0.120760508	-0.0058302501	0.0053656542	0.0118953447	0.0687851807	-0.0432097908	-0.0788993965	-0.0486813579	0.0186261401	0.0369971892	-0.0564174059	0.0212744757	-0.0773059243	-0.1286174124	-0.0413061287	-0.0202180348	0.0832584706	0.0113690322	0.0909154361	0.0600023248	-0.0533915766	-0.0786010176	-0.0175577304	-0.0565874939	0.0284486956	-0.1755539341	-0.0801974694	-0.0208388847	0.0079196639	-0.088469043	0.0751224711	0.0198928695	-0.0460964064	0.0757639937	-0.0763109529	0.0550160847	0.0650797478	0.0281614542	0.0686013693	-0.0119448435	0.0145004761	0.0314155339	0.0360689939	0.0155760481	0.0293565307	0.0354790663	-0.0137254006	0.1260473988	-0.0411811088	-0.0429665746	-0.1310199974	0.0095662811	0.0921195219	0.0685017576	0.0264737278	0.1380090239	0.0488056035	0.0132419322	0.0032213229	0.0099109582	0.028805387	0.0174551209	-0.1391443557	-0.027974699	-0.0439608823	0.0792938102	-0.0568310427	-0.0672299367	0.0254192327	0.1104593557	0.0226987572	0.0323928398	0.0968511391	-0.0270137525	-0.0654040131	-0.0632696314	0.0239501575	-0.0277736716	0.0587261397	-0.0495637481	0.086630722	-0.0095126697	-0.0244071222	-0.0623755742	0.0271208574	-0.0485249886	0.0084291803	0.0744009105	-0.0107912677	0.0572777779	0.0578597909	0.0362959807	-0.0569487136	0.020382938	-0.0604391616	-0.0880719293	0.0289356488	-0.0949155925	-0.0170166986	-0.1455172707	0.0335729325	-0.0815948217	0.0814303861	-0.0811565722	0.0807737477	-0.080282427	0.0796832699	-0.0789770813	0.0781648097	0.0663420906105187	-0.0257894506843427	0.0044012729865742	0.0006650957666001	0.2923675866781678	0.0083160105015451	6.915603066180877e-05	0.0854788057400159	-0.2162626379254959	0.013331127751499	0.0467695285624941	0.0001777189671267	-0.0017717937378597	-0.0008275236511055	6.847953931389773e-07	3.1392530495188475e-06	-0.0025170578442588	0.000131065280133	6.335580191344758e-06	1.7178107656367973e-08	0.0017527747464211	0.0004445214986179	1.975993627335037e-07	3.0722193116915514e-06	0.0	0.0	0.0
1801.8817464286408	-2.2641369929335724	5.12631632277028	3246777.8281127284	2450.3479829400894	-13.761998436003068	189.3926009525509	6004205.237498565	1925.546558290016	-5.870420440914359	34.46183615310513	3707729.5481425263	2045.0554925688823	1495.0788586369094	1.045128	27.328255	0.0854339770660894	0.0379728141296542	-0.0285323728	-0.0210061655	-0.0441985396	0.0395313167	0.004943352	0.0739200255	-0.0434036854	-0.0160616567	0.0241531786	-0.0045452096	-0.0274104898	-0.0544975771	0.0052551498	0.0706765372	-0.0266305568	0.0877484513	-0.0502262885	0.018254033	-0.0575639743	-0.0903143517	-0.089147948	0.0082794491	0.0249135618	-0.080837378	0.0656163586	-0.0165631847	0.0347495622	0.0150402612	0.0092250186	0.0284801334	-0.0590176527	0.0877767944	-0.0184740637	-0.0342270959	-0.1675218218	-0.0235258896	0.1215564925	-0.0241968129	0.0629052671	0.0403727863	-0.1179211743	-0.0629893942	-0.0426780018	0.0219793098	-0.0057779648	-0.0208814459	0.0712006726	-0.0144625398	0.0392478524	-0.0306659462	0.0220686244	0.1091353301	-0.0501550535	-0.0160511357	-0.0801333229	0.0456172842	-0.0570278065	-0.0325945606	-0.0330041103	0.060305402	0.0156222132	-0.0491190534	0.0412977492	0.0388287606	-0.0317216605	0.0257585787	-0.0395108204	0.047787382	0.0309223141	0.0339001471	0.0077175282	-0.0174598264	-0.0141761391	-0.0813597557	0.0550325215	-0.0351175703	0.0277432246	0.065980324	0.0089801871	-0.0285338166	-0.0211427406	0.0372249067	-0.0409750716	0.1562717041	-0.0320836453	0.0402985664	-0.0053581587	-0.0458256089	-0.0440212944	0.0111786648	0.0245114137	0.0086466612	-0.0693217927	-0.0569314524	0.0016416148	0.1010324268	0.0962623842	-0.121592018	-0.0595745587	0.009726214	0.0741124764	-0.0179147265	-0.0314294794	0.0175056679	-0.0912683028	-0.0411729443	-0.1112853764	0.062593594	-0.0084952886	-0.0182323309	-0.0446961622	-0.0768916012	0.1443442173	0.0446294222	-0.0358949417	0.0308769922	-0.0342954374	-0.0642737288	0.0776342465	0.0198934597	-0.0795072879	-0.000289296	0.0086206434	-0.011313321	0.0546068632	-0.0560080413	-0.0344128985	-0.0971941568	0.0370684291	0.0109403861	0.0036714717	-0.0884920722	-0.0202019198	0.05750764	-0.1037891098	0.005126433	-0.0826512045	-0.0073989919	-0.0816216788	0.0815377601	-0.0813979594	0.0812023727	-0.0809511339	0.0806444153	-0.080282427	0.0798654172	0.0895207710567405	0.0231786804462218	0.0080139684505933	0.000537251227228	0.277604840503912	-0.0147627461742558	0.0002179386746055	0.0770644474712024	-0.1964879589493691	0.0197746789761268	0.0386075180120889	0.0003910379286088	-0.0014082309199047	0.0003635628179549	1.3217792259938046e-07	1.983114323775638e-06	-0.0026622074321047	-0.0001451495878458	7.0873484115535e-06	2.106840285183458e-08	0.0017071297228323	-4.564502358879994e-05	2.083468178422103e-09	2.9142918905774857e-06	0.0	0.0	0.0
1806.3750000354007	4.493253606759936	20.18932797466117	3262990.640752894	2449.931823379692	-0.4161595603973183	0.1731887797100892	6002165.939208543	1929.3993782584123	3.852819968396261	14.844221708872968	3722581.960823948	2041.991354422633	1499.236163028991	1.007987	26.357079	0.0978474531847108	0.0469014646968001	-0.0531648199	0.0080386141	0.0294347998	-0.0429665139	0.0758340616	0.0158663362	-0.0083570966	-0.0408487788	-0.1530152011	-0.0398353224	0.0813391571	-0.038390077	-0.026882898	0.0588221809	0.0009068616	0.069447627	-0.0483725984	-0.0287209155	0.0191959805	0.0389987265	0.1207910049	0.0531780175	0.0508787718	-0.0249443521	0.0168487936	0.0146264315	-0.1305886151	0.0132629189	0.0417242236	0.005022194	0.0073388099	0.0858510529	-0.0442525449	0.0233761314	-0.0311496821	0.0228158836	0.0266866746	0.0060004694	-0.0070236219	0.0346220772	-0.0144208526	0.0880784225	0.0407742351	0.0036639626	0.0079793095	0.0473644996	-0.0149646359	0.0086829234	-0.0690829768	0.0447771892	0.0482005896	0.0916126715	-0.01380202	-0.0157321644	0.1121103158	0.0526846936	-0.0084061535	-0.0848222953	0.0661142854	0.1213839455	0.0063498713	-0.0774109906	0.090439532	0.0478580289	-0.0077828881	0.0352583298	0.0081570973	0.0142505707	0.0467028514	-0.0032875198	0.0084022296	0.0385688795	-0.1044660001	0.0502595247	-0.0781274223	0.0177892203	-0.1330747628	0.0188514436	-0.0341243253	-0.0057669511	-0.0061483568	0.0239878754	-0.0323707286	0.0420101688	-0.0580263944	0.0071140447	-0.0111125123	-0.0179474794	-0.0267984622	0.0113306534	0.0012452882	-0.0323108663	0.0541683579	-0.0204925449	0.0022011708	-0.0727431368	0.0080156972	-0.0298657412	-0.0290217205	0.0007361109	0.0625959549	-0.0716275246	-0.0486954861	0.0035360074	-0.0232254204	0.0968458999	-0.0334944557	-0.0647670627	-0.0118373679	0.0066619316	0.1060752005	-0.0183110168	0.0099722818	-0.0404057133	-0.027904489	0.0363244398	0.0621103829	0.0181200715	0.0240412324	-0.0288345259	-0.0065172791	-0.0139863104	-0.0723366392	-0.0205242455	-0.0191178795	-0.0431775495	-0.0692303808	0.017291395	0.08023796	0.0209631544	-0.0698941344	-0.0289802353	-0.0675118176	0.0005899943	-0.1014353746	-0.007818459	-0.0991098716	-0.0904550956	-0.0816395852	0.0816093689	-0.0815590168	0.0814885411	-0.0813979594	0.081287294	-0.0811565722	0.0810058262	0.0745966292027873	-0.0149241418539532	0.0055646570884181	0.0002227300100769	0.2633418914866752	-0.0142629490172367	0.0002034317146682	0.0693489518117798	-0.2233871522230899	-0.0268991932737208	0.0499018197783419	0.0007235665987769	-0.0014099478302967	-1.7169103919999814e-06	2.9477812941575298e-12	1.987952884158372e-06	-0.0018926617250618	0.0007695457070428	3.5821684055139087e-06	5.922005952281566e-07	0.0016431689594712	-6.396076336110008e-05	4.090979249734643e-09	2.700004229369666e-06	0.0	0.0	0.0
1804.141819417136	-2.2331806182646687	4.987095673792968	3254927.7045697737	2457.592193720441	7.660370340749068	58.681273757428	6039759.390635651	1919.702018437423	-9.697359820989275	94.0387874977372	3685255.839592716	2033.9599009526617	1496.1944119758932	1.088905	28.472944	0.3831123824431086	0.2438976485265283	-0.0407521278	0.0630830607	-0.0489582819	-0.0198129068	-0.0029821382	0.0543300287	-0.074943118	-0.042484652	-0.0869767623	-0.0352636901	-0.0320688511	0.1209155324	0.0122625967	0.1254331321	0.0565760315	-0.0216310587	-0.1514795753	0.0864228874	-0.0679288417	0.1008127418	0.0410499131	-0.0779012583	-0.1318593676	-0.1002874384	0.0315743043	0.0769636336	-0.040370653	-0.0357245788	-0.0729584798	0.0110830407	0.0191955326	-0.0763940172	-0.0182820494	-0.0028825606	-0.045620903	-0.1052127575	0.0490164779	0.0265824449	0.076436801	0.0962509546	-0.0691011448	-0.0929294055	0.123554881	0.014842586	-0.0075652461	-0.0664256828	0.0806422808	0.0124209464	-0.087260121	-0.065268621	-0.0986456497	0.0627485819	0.0593077788	-0.0446676633	-0.0663459966	-0.008918907	0.0210002842	-0.0361612317	0.1275517298	-0.005750403	-0.0353868317	-0.0157454514	0.0104404077	0.0443836042	-0.0551026598	-0.0045329078	-0.0272264817	-0.0419216804	0.1157377551	0.0263748729	0.1639197509	0.0568581786	0.0053793938	0.0014605196	-0.0095558511	0.0640471578	-0.0678129041	0.0576639185	0.0269173581	-0.1180638708	-0.1646370231	-0.0155530092	0.0434340173	-0.0522233822	-0.1167904048	-0.0726517723	-0.0946984226	0.0569282251	0.0552499436	-0.1538969319	-0.054967137	0.0217456223	-0.0576550768	0.0044751999	0.135965167	0.0102404653	0.0729932728	-0.0715251397	-0.0180678459	0.0889877817	0.023277278	-0.0843291546	-0.0726497827	0.0264812657	-0.0822434769	-0.0564416887	0.0700593667	-0.0361768196	0.17176521	-0.0117687777	-0.1018420485	-0.0793157084	0.0393210558	-0.0509544389	-0.023899265	0.0289596001	-0.0574943298	0.1006714593	-0.0297946509	0.0330701071	-0.0972606273	0.0022955242	-0.0305571198	-0.0020212119	-0.0436511971	-0.0341818395	0.0952452381	0.0594508643	-0.0047892833	-0.0128938796	0.008684972	-0.0654579699	-0.0584109154	-0.0087149107	-0.1207065768	0.0694240052	-0.2661988101	-0.2150452808	-0.0816485389	0.0816451812	-0.0816395852	0.081631751	-0.0816216788	0.0816093689	-0.0815948217	0.0815780375	0.0477990450573173	-0.0267975841454699	0.0022847487083914	0.0007181105160335	0.2334786556396579	-0.0298632358470173	0.0008918128552545	0.0545122826393019	-0.2255674767278463	-0.0021803245047563	0.0508806865573674	4.753814946041184e-06	-0.0053638119527149	-0.0039538641224181	1.563304149854584e-05	2.8770478664087226e-05	-0.0016470558997787	0.0002456058252831	2.712793136995824e-06	6.032222141299263e-08	0.0039291237706872	0.002285954811216	5.22558939892158e-06	1.5438013605379203e-05	0.0	0.0	0.0
