
Mon Mar  9 13:35:30 CET 2026
cd /out/sourcedata/freesurfer/sub-v1s21x0050424_ses-1
setenv SUBJECTS_DIR /out/sourcedata/freesurfer
/opt/freesurfer/bin/recon-all -autorecon-hemi rh -noparcstats -noparcstats2 -noparcstats3 -nohyporelabel -nobalabels -rh-only -openmp 16 -subjid sub-v1s21x0050424_ses-1 -sd /out/sourcedata/freesurfer

subjid sub-v1s21x0050424_ses-1
setenv SUBJECTS_DIR /out/sourcedata/freesurfer
FREESURFER_HOME /opt/freesurfer
Actual FREESURFER_HOME /opt/freesurfer
build-stamp.txt: freesurfer-linux-ubuntu22_x86_64-7.3.2-20220804-6354275
Linux dna007 5.14.0-427.37.1.el9_4.x86_64 #1 SMP PREEMPT_DYNAMIC Fri Sep 13 12:41:50 EDT 2024 x86_64 x86_64 x86_64 GNU/Linux
cputime      unlimited
filesize     unlimited
datasize     unlimited
stacksize    8192 kbytes
coredumpsize 0 kbytes
memoryuse    67108864 kbytes
vmemoryuse   unlimited
descriptors  1024 
memorylocked unlimited
maxproc      2061970 
maxlocks     unlimited
maxsignal    2061970 
maxmessage   819200 
maxnice      0 
maxrtprio    0 
maxrttime    unlimited

               total        used        free      shared  buff/cache   available
Mem:           503Gi        56Gi       336Gi       8.6Gi       111Gi       434Gi
Swap:             0B          0B          0B

########################################
program versions used
7.3.2 (freesurfer-linux-ubuntu22_x86_64-7.3.2-20220804-6354275)
7.3.2

ProgramName: lta_convert  ProgramArguments: lta_convert -all-info  ProgramVersion: 7.3.2  TimeStamp: 2026/03/09-12:35:30-GMT  BuildTime: Aug  4 2022 06:17:15  BuildStamp: freesurfer-linux-ubuntu22_x86_64-7.3.2-20220804-6354275  User: oesteban  Machine: dna007  Platform: Linux  PlatformVersion: 5.14.0-427.37.1.el9_4.x86_64  CompilerName: GCC  CompilerVersion: 8.4.0
ProgramName: mri_and  ProgramArguments: mri_and -all-info  ProgramVersion: 7.3.2  TimeStamp: 2026/03/09-12:35:30-GMT  BuildTime: Aug  4 2022 06:17:15  BuildStamp: freesurfer-linux-ubuntu22_x86_64-7.3.2-20220804-6354275  User: oesteban  Machine: dna007  Platform: Linux  PlatformVersion: 5.14.0-427.37.1.el9_4.x86_64  CompilerName: GCC  CompilerVersion: 8.4.0
ProgramName: mri_annotation2label  ProgramArguments: mri_annotation2label -all-info  ProgramVersion: 7.3.2  TimeStamp: 2026/03/09-12:35:30-GMT  BuildTime: Aug  4 2022 06:17:15  BuildStamp: freesurfer-linux-ubuntu22_x86_64-7.3.2-20220804-6354275  User: oesteban  Machine: dna007  Platform: Linux  PlatformVersion: 5.14.0-427.37.1.el9_4.x86_64  CompilerName: GCC  CompilerVersion: 8.4.0
ProgramName: mri_aparc2aseg  ProgramArguments: mri_aparc2aseg -all-info  ProgramVersion: 7.3.2  TimeStamp: 2026/03/09-12:35:30-GMT  BuildTime: Aug  4 2022 06:17:15  BuildStamp: freesurfer-linux-ubuntu22_x86_64-7.3.2-20220804-6354275  User: oesteban  Machine: dna007  Platform: Linux  PlatformVersion: 5.14.0-427.37.1.el9_4.x86_64  CompilerName: GCC  CompilerVersion: 8.4.0
ProgramName: mri_surf2volseg  ProgramArguments: mri_surf2volseg -all-info  ProgramVersion: 7.3.2  TimeStamp: 2026/03/09-12:35:30-GMT  BuildTime: Aug  4 2022 06:17:15  BuildStamp: freesurfer-linux-ubuntu22_x86_64-7.3.2-20220804-6354275  User: oesteban  Machine: dna007  Platform: Linux  PlatformVersion: 5.14.0-427.37.1.el9_4.x86_64  CompilerName: GCC  CompilerVersion: 8.4.0
ProgramName: mri_binarize  ProgramArguments: mri_binarize -all-info  ProgramVersion: 7.3.2  TimeStamp: 2026/03/09-12:35:30-GMT  BuildTime: Aug  4 2022 06:17:15  BuildStamp: freesurfer-linux-ubuntu22_x86_64-7.3.2-20220804-6354275  User: oesteban  Machine: dna007  Platform: Linux  PlatformVersion: 5.14.0-427.37.1.el9_4.x86_64  CompilerName: GCC  CompilerVersion: 8.4.0
ProgramName: mri_ca_label  ProgramArguments: mri_ca_label -all-info  ProgramVersion: 7.3.2  TimeStamp: 2026/03/09-12:35:30-GMT  BuildTime: Aug  4 2022 06:17:15  BuildStamp: freesurfer-linux-ubuntu22_x86_64-7.3.2-20220804-6354275  User: oesteban  Machine: dna007  Platform: Linux  PlatformVersion: 5.14.0-427.37.1.el9_4.x86_64  CompilerName: GCC  CompilerVersion: 8.4.0
ProgramName: mri_ca_normalize  ProgramArguments: mri_ca_normalize -all-info  ProgramVersion: 7.3.2  TimeStamp: 2026/03/09-12:35:30-GMT  BuildTime: Aug  4 2022 06:17:15  BuildStamp: freesurfer-linux-ubuntu22_x86_64-7.3.2-20220804-6354275  User: oesteban  Machine: dna007  Platform: Linux  PlatformVersion: 5.14.0-427.37.1.el9_4.x86_64  CompilerName: GCC  CompilerVersion: 8.4.0
ProgramName: mri_ca_register  ProgramArguments: mri_ca_register -all-info  ProgramVersion: 7.3.2  TimeStamp: 2026/03/09-12:35:30-GMT  BuildTime: Aug  4 2022 06:17:15  BuildStamp: freesurfer-linux-ubuntu22_x86_64-7.3.2-20220804-6354275  User: oesteban  Machine: dna007  Platform: Linux  PlatformVersion: 5.14.0-427.37.1.el9_4.x86_64  CompilerName: GCC  CompilerVersion: 8.4.0
ProgramName: mri_cc  ProgramArguments: mri_cc -all-info  ProgramVersion: 7.3.2  TimeStamp: 2026/03/09-12:35:30-GMT  BuildTime: Aug  4 2022 06:17:15  BuildStamp: freesurfer-linux-ubuntu22_x86_64-7.3.2-20220804-6354275  User: oesteban  Machine: dna007  Platform: Linux  PlatformVersion: 5.14.0-427.37.1.el9_4.x86_64  CompilerName: GCC  CompilerVersion: 8.4.0
ProgramName: mri_compute_overlap  ProgramArguments: mri_compute_overlap -all-info  ProgramVersion: 7.3.2  TimeStamp: 2026/03/09-12:35:30-GMT  BuildTime: Aug  4 2022 06:17:15  BuildStamp: freesurfer-linux-ubuntu22_x86_64-7.3.2-20220804-6354275  User: oesteban  Machine: dna007  Platform: Linux  PlatformVersion: 5.14.0-427.37.1.el9_4.x86_64  CompilerName: GCC  CompilerVersion: 8.4.0
ProgramName: mri_compute_seg_overlap  ProgramArguments: mri_compute_seg_overlap -all-info  ProgramVersion: 7.3.2  TimeStamp: 2026/03/09-12:35:30-GMT  BuildTime: Aug  4 2022 06:17:15  BuildStamp: freesurfer-linux-ubuntu22_x86_64-7.3.2-20220804-6354275  User: oesteban  Machine: dna007  Platform: Linux  PlatformVersion: 5.14.0-427.37.1.el9_4.x86_64  CompilerName: GCC  CompilerVersion: 8.4.0
ProgramName: mri_concat  ProgramArguments: mri_concat -all-info  ProgramVersion: 7.3.2  TimeStamp: 2026/03/09-12:35:30-GMT  BuildTime: Aug  4 2022 06:17:15  BuildStamp: freesurfer-linux-ubuntu22_x86_64-7.3.2-20220804-6354275  User: oesteban  Machine: dna007  Platform: Linux  PlatformVersion: 5.14.0-427.37.1.el9_4.x86_64  CompilerName: GCC  CompilerVersion: 8.4.0
ProgramName: mri_concatenate_lta  ProgramArguments: mri_concatenate_lta -all-info  ProgramVersion: 7.3.2  TimeStamp: 2026/03/09-12:35:30-GMT  BuildTime: Aug  4 2022 06:17:15  BuildStamp: freesurfer-linux-ubuntu22_x86_64-7.3.2-20220804-6354275  User: oesteban  Machine: dna007  Platform: Linux  PlatformVersion: 5.14.0-427.37.1.el9_4.x86_64  CompilerName: GCC  CompilerVersion: 8.4.0
mri_convert -all-info 
ProgramName: mri_convert  ProgramArguments: mri_convert -all-info  ProgramVersion: 7.3.2  TimeStamp: 2026/03/09-12:35:30-GMT  BuildTime: Aug  4 2022 06:17:15  BuildStamp: freesurfer-linux-ubuntu22_x86_64-7.3.2-20220804-6354275  User: oesteban  Machine: dna007  Platform: Linux  PlatformVersion: 5.14.0-427.37.1.el9_4.x86_64  CompilerName: GCC  CompilerVersion: 8.4.0
ProgramName: mri_diff  ProgramArguments: mri_diff -all-info  ProgramVersion: 7.3.2  TimeStamp: 2026/03/09-12:35:30-GMT  BuildTime: Aug  4 2022 06:17:15  BuildStamp: freesurfer-linux-ubuntu22_x86_64-7.3.2-20220804-6354275  User: oesteban  Machine: dna007  Platform: Linux  PlatformVersion: 5.14.0-427.37.1.el9_4.x86_64  CompilerName: GCC  CompilerVersion: 8.4.0
ProgramName: mri_edit_wm_with_aseg  ProgramArguments: mri_edit_wm_with_aseg -all-info  ProgramVersion: 7.3.2  TimeStamp: 2026/03/09-12:35:30-GMT  BuildTime: Aug  4 2022 06:17:15  BuildStamp: freesurfer-linux-ubuntu22_x86_64-7.3.2-20220804-6354275  User: oesteban  Machine: dna007  Platform: Linux  PlatformVersion: 5.14.0-427.37.1.el9_4.x86_64  CompilerName: GCC  CompilerVersion: 8.4.0
ProgramName: mri_em_register  ProgramArguments: mri_em_register -all-info  ProgramVersion: 7.3.2  TimeStamp: 2026/03/09-12:35:30-GMT  BuildTime: Aug  4 2022 06:17:15  BuildStamp: freesurfer-linux-ubuntu22_x86_64-7.3.2-20220804-6354275  User: oesteban  Machine: dna007  Platform: Linux  PlatformVersion: 5.14.0-427.37.1.el9_4.x86_64  CompilerName: GCC  CompilerVersion: 8.4.0
ProgramName: mri_fill  ProgramArguments: mri_fill -all-info  ProgramVersion: 7.3.2  TimeStamp: 2026/03/09-12:35:30-GMT  BuildTime: Aug  4 2022 06:17:15  BuildStamp: freesurfer-linux-ubuntu22_x86_64-7.3.2-20220804-6354275  User: oesteban  Machine: dna007  Platform: Linux  PlatformVersion: 5.14.0-427.37.1.el9_4.x86_64  CompilerName: GCC  CompilerVersion: 8.4.0
ProgramName: mri_fuse_segmentations  ProgramArguments: mri_fuse_segmentations -all-info  ProgramVersion: 7.3.2  TimeStamp: 2026/03/09-12:35:30-GMT  BuildTime: Aug  4 2022 06:17:15  BuildStamp: freesurfer-linux-ubuntu22_x86_64-7.3.2-20220804-6354275  User: oesteban  Machine: dna007  Platform: Linux  PlatformVersion: 5.14.0-427.37.1.el9_4.x86_64  CompilerName: GCC  CompilerVersion: 8.4.0
ProgramName: mri_fwhm  ProgramArguments: mri_fwhm -all-info  ProgramVersion: 7.3.2  TimeStamp: 2026/03/09-12:35:30-GMT  BuildTime: Aug  4 2022 06:17:15  BuildStamp: freesurfer-linux-ubuntu22_x86_64-7.3.2-20220804-6354275  User: oesteban  Machine: dna007  Platform: Linux  PlatformVersion: 5.14.0-427.37.1.el9_4.x86_64  CompilerName: GCC  CompilerVersion: 8.4.0
ProgramName: mri_gcut  ProgramArguments: mri_gcut -all-info  ProgramVersion: 7.3.2  TimeStamp: 2026/03/09-12:35:30-GMT  BuildTime: Aug  4 2022 06:17:15  BuildStamp: freesurfer-linux-ubuntu22_x86_64-7.3.2-20220804-6354275  User: oesteban  Machine: dna007  Platform: Linux  PlatformVersion: 5.14.0-427.37.1.el9_4.x86_64  CompilerName: GCC  CompilerVersion: 8.4.0
ProgramName: mri_info  ProgramArguments: mri_info -all-info  ProgramVersion: 7.3.2  TimeStamp: 2026/03/09-12:35:30-GMT  BuildTime: Aug  4 2022 06:17:15  BuildStamp: freesurfer-linux-ubuntu22_x86_64-7.3.2-20220804-6354275  User: oesteban  Machine: dna007  Platform: Linux  PlatformVersion: 5.14.0-427.37.1.el9_4.x86_64  CompilerName: GCC  CompilerVersion: 8.4.0
ProgramName: mri_label2label  ProgramArguments: mri_label2label -all-info  ProgramVersion: 7.3.2  TimeStamp: 2026/03/09-12:35:30-GMT  BuildTime: Aug  4 2022 06:17:15  BuildStamp: freesurfer-linux-ubuntu22_x86_64-7.3.2-20220804-6354275  User: oesteban  Machine: dna007  Platform: Linux  PlatformVersion: 5.14.0-427.37.1.el9_4.x86_64  CompilerName: GCC  CompilerVersion: 8.4.0
ProgramName: mri_label2vol  ProgramArguments: mri_label2vol -all-info  ProgramVersion: 7.3.2  TimeStamp: 2026/03/09-12:35:30-GMT  BuildTime: Aug  4 2022 06:17:15  BuildStamp: freesurfer-linux-ubuntu22_x86_64-7.3.2-20220804-6354275  User: oesteban  Machine: dna007  Platform: Linux  PlatformVersion: 5.14.0-427.37.1.el9_4.x86_64  CompilerName: GCC  CompilerVersion: 8.4.0
ProgramName: mri_log_likelihood  ProgramArguments: mri_log_likelihood -all-info  ProgramVersion: 7.3.2  TimeStamp: 2026/03/09-12:35:30-GMT  BuildTime: Aug  4 2022 06:17:15  BuildStamp: freesurfer-linux-ubuntu22_x86_64-7.3.2-20220804-6354275  User: oesteban  Machine: dna007  Platform: Linux  PlatformVersion: 5.14.0-427.37.1.el9_4.x86_64  CompilerName: GCC  CompilerVersion: 8.4.0
ProgramName: mri_mask  ProgramArguments: mri_mask -all-info  ProgramVersion: 7.3.2  TimeStamp: 2026/03/09-12:35:30-GMT  BuildTime: Aug  4 2022 06:17:15  BuildStamp: freesurfer-linux-ubuntu22_x86_64-7.3.2-20220804-6354275  User: oesteban  Machine: dna007  Platform: Linux  PlatformVersion: 5.14.0-427.37.1.el9_4.x86_64  CompilerName: GCC  CompilerVersion: 8.4.0
ProgramName: mri_matrix_multiply  ProgramArguments: mri_matrix_multiply -all-info  ProgramVersion: 7.3.2  TimeStamp: 2026/03/09-12:35:30-GMT  BuildTime: Aug  4 2022 06:17:15  BuildStamp: freesurfer-linux-ubuntu22_x86_64-7.3.2-20220804-6354275  User: oesteban  Machine: dna007  Platform: Linux  PlatformVersion: 5.14.0-427.37.1.el9_4.x86_64  CompilerName: GCC  CompilerVersion: 8.4.0
ProgramName: mri_normalize  ProgramArguments: mri_normalize -all-info  ProgramVersion: 7.3.2  TimeStamp: 2026/03/09-12:35:30-GMT  BuildTime: Aug  4 2022 06:17:15  BuildStamp: freesurfer-linux-ubuntu22_x86_64-7.3.2-20220804-6354275  User: oesteban  Machine: dna007  Platform: Linux  PlatformVersion: 5.14.0-427.37.1.el9_4.x86_64  CompilerName: GCC  CompilerVersion: 8.4.0
ProgramName: mri_normalize_tp2  ProgramArguments: mri_normalize_tp2 -all-info  ProgramVersion: 7.3.2  TimeStamp: 2026/03/09-12:35:30-GMT  BuildTime: Aug  4 2022 06:17:15  BuildStamp: freesurfer-linux-ubuntu22_x86_64-7.3.2-20220804-6354275  User: oesteban  Machine: dna007  Platform: Linux  PlatformVersion: 5.14.0-427.37.1.el9_4.x86_64  CompilerName: GCC  CompilerVersion: 8.4.0
ProgramName: mri_or  ProgramArguments: mri_or -all-info  ProgramVersion: 7.3.2  TimeStamp: 2026/03/09-12:35:30-GMT  BuildTime: Aug  4 2022 06:17:15  BuildStamp: freesurfer-linux-ubuntu22_x86_64-7.3.2-20220804-6354275  User: oesteban  Machine: dna007  Platform: Linux  PlatformVersion: 5.14.0-427.37.1.el9_4.x86_64  CompilerName: GCC  CompilerVersion: 8.4.0
ProgramName: mri_relabel_hypointensities  ProgramArguments: mri_relabel_hypointensities -all-info  ProgramVersion: 7.3.2  TimeStamp: 2026/03/09-12:35:30-GMT  BuildTime: Aug  4 2022 06:17:15  BuildStamp: freesurfer-linux-ubuntu22_x86_64-7.3.2-20220804-6354275  User: oesteban  Machine: dna007  Platform: Linux  PlatformVersion: 5.14.0-427.37.1.el9_4.x86_64  CompilerName: GCC  CompilerVersion: 8.4.0
ProgramName: mri_relabel_nonwm_hypos  ProgramArguments: mri_relabel_nonwm_hypos -all-info  ProgramVersion: 7.3.2  TimeStamp: 2026/03/09-12:35:30-GMT  BuildTime: Aug  4 2022 06:17:15  BuildStamp: freesurfer-linux-ubuntu22_x86_64-7.3.2-20220804-6354275  User: oesteban  Machine: dna007  Platform: Linux  PlatformVersion: 5.14.0-427.37.1.el9_4.x86_64  CompilerName: GCC  CompilerVersion: 8.4.0
ProgramName: mri_remove_neck  ProgramArguments: mri_remove_neck -all-info  ProgramVersion: 7.3.2  TimeStamp: 2026/03/09-12:35:30-GMT  BuildTime: Aug  4 2022 06:17:15  BuildStamp: freesurfer-linux-ubuntu22_x86_64-7.3.2-20220804-6354275  User: oesteban  Machine: dna007  Platform: Linux  PlatformVersion: 5.14.0-427.37.1.el9_4.x86_64  CompilerName: GCC  CompilerVersion: 8.4.0
7.3.2

ProgramName: mri_robust_register  ProgramArguments: mri_robust_register -all-info  ProgramVersion: 7.3.2  TimeStamp: 2026/03/09-12:35:30-GMT  BuildTime: Aug  4 2022 06:17:15  BuildStamp: freesurfer-linux-ubuntu22_x86_64-7.3.2-20220804-6354275  User: oesteban  Machine: dna007  Platform: Linux  PlatformVersion: 5.14.0-427.37.1.el9_4.x86_64  CompilerName: GCC  CompilerVersion: 8.4.0
7.3.2

ProgramName: mri_robust_template  ProgramArguments: mri_robust_template -all-info  ProgramVersion: 7.3.2  TimeStamp: 2026/03/09-12:35:30-GMT  BuildTime: Aug  4 2022 06:17:15  BuildStamp: freesurfer-linux-ubuntu22_x86_64-7.3.2-20220804-6354275  User: oesteban  Machine: dna007  Platform: Linux  PlatformVersion: 5.14.0-427.37.1.el9_4.x86_64  CompilerName: GCC  CompilerVersion: 8.4.0
ProgramName: mris_anatomical_stats  ProgramArguments: mris_anatomical_stats -all-info  ProgramVersion: 7.3.2  TimeStamp: 2026/03/09-12:35:30-GMT  BuildTime: Aug  4 2022 06:17:15  BuildStamp: freesurfer-linux-ubuntu22_x86_64-7.3.2-20220804-6354275  User: oesteban  Machine: dna007  Platform: Linux  PlatformVersion: 5.14.0-427.37.1.el9_4.x86_64  CompilerName: GCC  CompilerVersion: 8.4.0
ProgramName: mris_ca_label  ProgramArguments: mris_ca_label -all-info  ProgramVersion: 7.3.2  TimeStamp: 2026/03/09-12:35:30-GMT  BuildTime: Aug  4 2022 06:17:15  BuildStamp: freesurfer-linux-ubuntu22_x86_64-7.3.2-20220804-6354275  User: oesteban  Machine: dna007  Platform: Linux  PlatformVersion: 5.14.0-427.37.1.el9_4.x86_64  CompilerName: GCC  CompilerVersion: 8.4.0
ProgramName: mris_calc  ProgramArguments: mris_calc -all-info  ProgramVersion: 7.3.2  TimeStamp: 2026/03/09-12:35:30-GMT  BuildTime: Aug  4 2022 06:17:15  BuildStamp: freesurfer-linux-ubuntu22_x86_64-7.3.2-20220804-6354275  User: oesteban  Machine: dna007  Platform: Linux  PlatformVersion: 5.14.0-427.37.1.el9_4.x86_64  CompilerName: GCC  CompilerVersion: 8.4.0
ProgramName: mris_convert  ProgramArguments: mris_convert -all-info  ProgramVersion: 7.3.2  TimeStamp: 2026/03/09-12:35:30-GMT  BuildTime: Aug  4 2022 06:17:15  BuildStamp: freesurfer-linux-ubuntu22_x86_64-7.3.2-20220804-6354275  User: oesteban  Machine: dna007  Platform: Linux  PlatformVersion: 5.14.0-427.37.1.el9_4.x86_64  CompilerName: GCC  CompilerVersion: 8.4.0
ProgramName: mris_curvature  ProgramArguments: mris_curvature -all-info  ProgramVersion: 7.3.2  TimeStamp: 2026/03/09-12:35:30-GMT  BuildTime: Aug  4 2022 06:17:15  BuildStamp: freesurfer-linux-ubuntu22_x86_64-7.3.2-20220804-6354275  User: oesteban  Machine: dna007  Platform: Linux  PlatformVersion: 5.14.0-427.37.1.el9_4.x86_64  CompilerName: GCC  CompilerVersion: 8.4.0
ProgramName: mris_curvature_stats  ProgramArguments: mris_curvature_stats -all-info  ProgramVersion: 7.3.2  TimeStamp: 2026/03/09-12:35:30-GMT  BuildTime: Aug  4 2022 06:17:15  BuildStamp: freesurfer-linux-ubuntu22_x86_64-7.3.2-20220804-6354275  User: oesteban  Machine: dna007  Platform: Linux  PlatformVersion: 5.14.0-427.37.1.el9_4.x86_64  CompilerName: GCC  CompilerVersion: 8.4.0
ProgramName: mris_diff  ProgramArguments: mris_diff -all-info  ProgramVersion: 7.3.2  TimeStamp: 2026/03/09-12:35:30-GMT  BuildTime: Aug  4 2022 06:17:15  BuildStamp: freesurfer-linux-ubuntu22_x86_64-7.3.2-20220804-6354275  User: oesteban  Machine: dna007  Platform: Linux  PlatformVersion: 5.14.0-427.37.1.el9_4.x86_64  CompilerName: GCC  CompilerVersion: 8.4.0
ProgramName: mris_divide_parcellation  ProgramArguments: mris_divide_parcellation -all-info  ProgramVersion: 7.3.2  TimeStamp: 2026/03/09-12:35:30-GMT  BuildTime: Aug  4 2022 06:17:15  BuildStamp: freesurfer-linux-ubuntu22_x86_64-7.3.2-20220804-6354275  User: oesteban  Machine: dna007  Platform: Linux  PlatformVersion: 5.14.0-427.37.1.el9_4.x86_64  CompilerName: GCC  CompilerVersion: 8.4.0
ProgramName: mri_segment  ProgramArguments: mri_segment -all-info  ProgramVersion: 7.3.2  TimeStamp: 2026/03/09-12:35:30-GMT  BuildTime: Aug  4 2022 06:17:15  BuildStamp: freesurfer-linux-ubuntu22_x86_64-7.3.2-20220804-6354275  User: oesteban  Machine: dna007  Platform: Linux  PlatformVersion: 5.14.0-427.37.1.el9_4.x86_64  CompilerName: GCC  CompilerVersion: 8.4.0
ProgramName: mri_segstats  ProgramArguments: mri_segstats -all-info  ProgramVersion: 7.3.2  TimeStamp: 2026/03/09-12:35:30-GMT  BuildTime: Aug  4 2022 06:17:15  BuildStamp: freesurfer-linux-ubuntu22_x86_64-7.3.2-20220804-6354275  User: oesteban  Machine: dna007  Platform: Linux  PlatformVersion: 5.14.0-427.37.1.el9_4.x86_64  CompilerName: GCC  CompilerVersion: 8.4.0
ProgramName: mris_euler_number  ProgramArguments: mris_euler_number -all-info  ProgramVersion: 7.3.2  TimeStamp: 2026/03/09-12:35:30-GMT  BuildTime: Aug  4 2022 06:17:15  BuildStamp: freesurfer-linux-ubuntu22_x86_64-7.3.2-20220804-6354275  User: oesteban  Machine: dna007  Platform: Linux  PlatformVersion: 5.14.0-427.37.1.el9_4.x86_64  CompilerName: GCC  CompilerVersion: 8.4.0
ProgramName: mris_fix_topology  ProgramArguments: mris_fix_topology -all-info  ProgramVersion: 7.3.2  TimeStamp: 2026/03/09-12:35:30-GMT  BuildTime: Aug  4 2022 06:17:15  BuildStamp: freesurfer-linux-ubuntu22_x86_64-7.3.2-20220804-6354275  User: oesteban  Machine: dna007  Platform: Linux  PlatformVersion: 5.14.0-427.37.1.el9_4.x86_64  CompilerName: GCC  CompilerVersion: 8.4.0
ProgramName: mris_topo_fixer  ProgramArguments: mris_topo_fixer -all-info  ProgramVersion: 7.3.2  TimeStamp: 2026/03/09-12:35:30-GMT  BuildTime: Aug  4 2022 06:17:15  BuildStamp: freesurfer-linux-ubuntu22_x86_64-7.3.2-20220804-6354275  User: oesteban  Machine: dna007  Platform: Linux  PlatformVersion: 5.14.0-427.37.1.el9_4.x86_64  CompilerName: GCC  CompilerVersion: 8.4.0
ProgramName: mris_jacobian  ProgramArguments: mris_jacobian -all-info  ProgramVersion: 7.3.2  TimeStamp: 2026/03/09-12:35:30-GMT  BuildTime: Aug  4 2022 06:17:15  BuildStamp: freesurfer-linux-ubuntu22_x86_64-7.3.2-20220804-6354275  User: oesteban  Machine: dna007  Platform: Linux  PlatformVersion: 5.14.0-427.37.1.el9_4.x86_64  CompilerName: GCC  CompilerVersion: 8.4.0
ProgramName: mris_label2annot  ProgramArguments: mris_label2annot -all-info  ProgramVersion: 7.3.2  TimeStamp: 2026/03/09-12:35:30-GMT  BuildTime: Aug  4 2022 06:17:15  BuildStamp: freesurfer-linux-ubuntu22_x86_64-7.3.2-20220804-6354275  User: oesteban  Machine: dna007  Platform: Linux  PlatformVersion: 5.14.0-427.37.1.el9_4.x86_64  CompilerName: GCC  CompilerVersion: 8.4.0
ProgramName: mris_left_right_register  ProgramArguments: mris_left_right_register -all-info  ProgramVersion: 7.3.2  TimeStamp: 2026/03/09-12:35:30-GMT  BuildTime: Aug  4 2022 06:17:15  BuildStamp: freesurfer-linux-ubuntu22_x86_64-7.3.2-20220804-6354275  User: oesteban  Machine: dna007  Platform: Linux  PlatformVersion: 5.14.0-427.37.1.el9_4.x86_64  CompilerName: GCC  CompilerVersion: 8.4.0
ProgramName: mris_place_surface  ProgramArguments: mris_place_surface -all-info  ProgramVersion: 7.3.2  TimeStamp: 2026/03/09-12:35:30-GMT  BuildTime: Aug  4 2022 06:17:15  BuildStamp: freesurfer-linux-ubuntu22_x86_64-7.3.2-20220804-6354275  User: oesteban  Machine: dna007  Platform: Linux  PlatformVersion: 5.14.0-427.37.1.el9_4.x86_64  CompilerName: GCC  CompilerVersion: 8.4.0
ProgramName: mrisp_paint  ProgramArguments: mrisp_paint -all-info  ProgramVersion: 7.3.2  TimeStamp: 2026/03/09-12:35:30-GMT  BuildTime: Aug  4 2022 06:17:15  BuildStamp: freesurfer-linux-ubuntu22_x86_64-7.3.2-20220804-6354275  User: oesteban  Machine: dna007  Platform: Linux  PlatformVersion: 5.14.0-427.37.1.el9_4.x86_64  CompilerName: GCC  CompilerVersion: 8.4.0
ProgramName: mris_register  ProgramArguments: mris_register -all-info  ProgramVersion: 7.3.2  TimeStamp: 2026/03/09-12:35:30-GMT  BuildTime: Aug  4 2022 06:17:15  BuildStamp: freesurfer-linux-ubuntu22_x86_64-7.3.2-20220804-6354275  User: oesteban  Machine: dna007  Platform: Linux  PlatformVersion: 5.14.0-427.37.1.el9_4.x86_64  CompilerName: GCC  CompilerVersion: 8.4.0
ProgramName: mris_smooth  ProgramArguments: mris_smooth -all-info  ProgramVersion: 7.3.2  TimeStamp: 2026/03/09-12:35:30-GMT  BuildTime: Aug  4 2022 06:17:15  BuildStamp: freesurfer-linux-ubuntu22_x86_64-7.3.2-20220804-6354275  User: oesteban  Machine: dna007  Platform: Linux  PlatformVersion: 5.14.0-427.37.1.el9_4.x86_64  CompilerName: GCC  CompilerVersion: 8.4.0
ProgramName: mris_sphere  ProgramArguments: mris_sphere -all-info  ProgramVersion: 7.3.2  TimeStamp: 2026/03/09-12:35:30-GMT  BuildTime: Aug  4 2022 06:17:15  BuildStamp: freesurfer-linux-ubuntu22_x86_64-7.3.2-20220804-6354275  User: oesteban  Machine: dna007  Platform: Linux  PlatformVersion: 5.14.0-427.37.1.el9_4.x86_64  CompilerName: GCC  CompilerVersion: 8.4.0
ProgramName: mris_surface_stats  ProgramArguments: mris_surface_stats -all-info  ProgramVersion: 7.3.2  TimeStamp: 2026/03/09-12:35:30-GMT  BuildTime: Aug  4 2022 06:17:15  BuildStamp: freesurfer-linux-ubuntu22_x86_64-7.3.2-20220804-6354275  User: oesteban  Machine: dna007  Platform: Linux  PlatformVersion: 5.14.0-427.37.1.el9_4.x86_64  CompilerName: GCC  CompilerVersion: 8.4.0
ProgramName: mri_stats2seg  ProgramArguments: mri_stats2seg -all-info  ProgramVersion: 7.3.2  TimeStamp: 2026/03/09-12:35:30-GMT  BuildTime: Aug  4 2022 06:17:15  BuildStamp: freesurfer-linux-ubuntu22_x86_64-7.3.2-20220804-6354275  User: oesteban  Machine: dna007  Platform: Linux  PlatformVersion: 5.14.0-427.37.1.el9_4.x86_64  CompilerName: GCC  CompilerVersion: 8.4.0
ProgramName: mris_thickness  ProgramArguments: mris_thickness -all-info  ProgramVersion: 7.3.2  TimeStamp: 2026/03/09-12:35:30-GMT  BuildTime: Aug  4 2022 06:17:15  BuildStamp: freesurfer-linux-ubuntu22_x86_64-7.3.2-20220804-6354275  User: oesteban  Machine: dna007  Platform: Linux  PlatformVersion: 5.14.0-427.37.1.el9_4.x86_64  CompilerName: GCC  CompilerVersion: 8.4.0
ProgramName: mris_thickness_diff  ProgramArguments: mris_thickness_diff -all-info  ProgramVersion: 7.3.2  TimeStamp: 2026/03/09-12:35:30-GMT  BuildTime: Aug  4 2022 06:17:15  BuildStamp: freesurfer-linux-ubuntu22_x86_64-7.3.2-20220804-6354275  User: oesteban  Machine: dna007  Platform: Linux  PlatformVersion: 5.14.0-427.37.1.el9_4.x86_64  CompilerName: GCC  CompilerVersion: 8.4.0
ProgramName: mris_topo_fixer  ProgramArguments: mris_topo_fixer -all-info  ProgramVersion: 7.3.2  TimeStamp: 2026/03/09-12:35:30-GMT  BuildTime: Aug  4 2022 06:17:15  BuildStamp: freesurfer-linux-ubuntu22_x86_64-7.3.2-20220804-6354275  User: oesteban  Machine: dna007  Platform: Linux  PlatformVersion: 5.14.0-427.37.1.el9_4.x86_64  CompilerName: GCC  CompilerVersion: 8.4.0
ProgramName: mri_surf2surf  ProgramArguments: mri_surf2surf -all-info  ProgramVersion: 7.3.2  TimeStamp: 2026/03/09-12:35:30-GMT  BuildTime: Aug  4 2022 06:17:15  BuildStamp: freesurfer-linux-ubuntu22_x86_64-7.3.2-20220804-6354275  User: oesteban  Machine: dna007  Platform: Linux  PlatformVersion: 5.14.0-427.37.1.el9_4.x86_64  CompilerName: GCC  CompilerVersion: 8.4.0
ProgramName: mri_surf2vol  ProgramArguments: mri_surf2vol -all-info  ProgramVersion: 7.3.2  TimeStamp: 2026/03/09-12:35:30-GMT  BuildTime: Aug  4 2022 06:17:15  BuildStamp: freesurfer-linux-ubuntu22_x86_64-7.3.2-20220804-6354275  User: oesteban  Machine: dna007  Platform: Linux  PlatformVersion: 5.14.0-427.37.1.el9_4.x86_64  CompilerName: GCC  CompilerVersion: 8.4.0
ProgramName: mri_surfcluster  ProgramArguments: mri_surfcluster -all-info  ProgramVersion: 7.3.2  TimeStamp: 2026/03/09-12:35:30-GMT  BuildTime: Aug  4 2022 06:17:15  BuildStamp: freesurfer-linux-ubuntu22_x86_64-7.3.2-20220804-6354275  User: oesteban  Machine: dna007  Platform: Linux  PlatformVersion: 5.14.0-427.37.1.el9_4.x86_64  CompilerName: GCC  CompilerVersion: 8.4.0
ProgramName: mris_volmask  ProgramArguments: mris_volmask -all-info  ProgramVersion: 7.3.2  TimeStamp: 2026/03/09-12:35:30-GMT  BuildTime: Aug  4 2022 06:17:15  BuildStamp: freesurfer-linux-ubuntu22_x86_64-7.3.2-20220804-6354275  User: oesteban  Machine: dna007  Platform: Linux  PlatformVersion: 5.14.0-427.37.1.el9_4.x86_64  CompilerName: GCC  CompilerVersion: 8.4.0
ProgramName: mri_tessellate  ProgramArguments: mri_tessellate -all-info  ProgramVersion: 7.3.2  TimeStamp: 2026/03/09-12:35:30-GMT  BuildTime: Aug  4 2022 06:17:15  BuildStamp: freesurfer-linux-ubuntu22_x86_64-7.3.2-20220804-6354275  User: oesteban  Machine: dna007  Platform: Linux  PlatformVersion: 5.14.0-427.37.1.el9_4.x86_64  CompilerName: GCC  CompilerVersion: 8.4.0
ProgramName: mri_vol2surf  ProgramArguments: mri_vol2surf -all-info  ProgramVersion: 7.3.2  TimeStamp: 2026/03/09-12:35:30-GMT  BuildTime: Aug  4 2022 06:17:15  BuildStamp: freesurfer-linux-ubuntu22_x86_64-7.3.2-20220804-6354275  User: oesteban  Machine: dna007  Platform: Linux  PlatformVersion: 5.14.0-427.37.1.el9_4.x86_64  CompilerName: GCC  CompilerVersion: 8.4.0
ProgramName: mri_vol2vol  ProgramArguments: mri_vol2vol -all-info  ProgramVersion: 7.3.2  TimeStamp: 2026/03/09-12:35:30-GMT  BuildTime: Aug  4 2022 06:17:15  BuildStamp: freesurfer-linux-ubuntu22_x86_64-7.3.2-20220804-6354275  User: oesteban  Machine: dna007  Platform: Linux  PlatformVersion: 5.14.0-427.37.1.el9_4.x86_64  CompilerName: GCC  CompilerVersion: 8.4.0
ProgramName: mri_voldiff  ProgramArguments: mri_voldiff -all-info  ProgramVersion: 7.3.2  TimeStamp: 2026/03/09-12:35:30-GMT  BuildTime: Aug  4 2022 06:17:15  BuildStamp: freesurfer-linux-ubuntu22_x86_64-7.3.2-20220804-6354275  User: oesteban  Machine: dna007  Platform: Linux  PlatformVersion: 5.14.0-427.37.1.el9_4.x86_64  CompilerName: GCC  CompilerVersion: 8.4.0
ProgramName: mri_watershed  ProgramArguments: mri_watershed -all-info  ProgramVersion: 7.3.2  TimeStamp: 2026/03/09-12:35:30-GMT  BuildTime: Aug  4 2022 06:17:15  BuildStamp: freesurfer-linux-ubuntu22_x86_64-7.3.2-20220804-6354275  User: oesteban  Machine: dna007  Platform: Linux  PlatformVersion: 5.14.0-427.37.1.el9_4.x86_64  CompilerName: GCC  CompilerVersion: 8.4.0
ProgramName: tkregister2  ProgramArguments: tkregister2_cmdl -all-info  ProgramVersion: 7.3.2  TimeStamp: 2026/03/09-12:35:30-GMT  BuildTime: Aug  4 2022 06:17:15  BuildStamp: freesurfer-linux-ubuntu22_x86_64-7.3.2-20220804-6354275  User: oesteban  Machine: dna007  Platform: Linux  PlatformVersion: 5.14.0-427.37.1.el9_4.x86_64  CompilerName: GCC  CompilerVersion: 8.4.0
mri_motion_correct.fsl 7.3.2
mri_convert -all-info 
ProgramName: mri_convert  ProgramArguments: mri_convert -all-info  ProgramVersion: 7.3.2  TimeStamp: 2026/03/09-12:35:30-GMT  BuildTime: Aug  4 2022 06:17:15  BuildStamp: freesurfer-linux-ubuntu22_x86_64-7.3.2-20220804-6354275  User: oesteban  Machine: dna007  Platform: Linux  PlatformVersion: 5.14.0-427.37.1.el9_4.x86_64  CompilerName: GCC  CompilerVersion: 8.4.0
Program nu_correct, built from:
Package MNI N3, version 1.12.0, compiled by nicks@terrier (x86_64-unknown-linux-gnu) on 2015-06-19 at 01:25:34
#######################################
GCADIR /opt/freesurfer/average
GCA RB_all_2020-01-02.gca
GCASkull RB_all_withskull_2020_01_02.gca
AvgCurvTif folding.atlas.acfb40.noaparc.i12.2016-08-02.tif
GCSDIR /opt/freesurfer/average
GCS DKaparc.atlas.acfb40.noaparc.i12.2016-08-02.gcs
#######################################
#--------------------------------------------
#@# Tessellate rh Mon Mar  9 13:35:30 CET 2026
/out/sourcedata/freesurfer/sub-v1s21x0050424_ses-1/scripts

 mri_pretess ../mri/filled.mgz 127 ../mri/norm.mgz ../mri/filled-pretess127.mgz 


Iteration Number : 1
pass   1 (xy+):   2 found -   2 modified     |    TOTAL:   2
pass   2 (xy+):   0 found -   2 modified     |    TOTAL:   2
pass   1 (xy-):   1 found -   1 modified     |    TOTAL:   3
pass   2 (xy-):   0 found -   1 modified     |    TOTAL:   3
pass   1 (yz+):   6 found -   6 modified     |    TOTAL:   9
pass   2 (yz+):   0 found -   6 modified     |    TOTAL:   9
pass   1 (yz-):   3 found -   3 modified     |    TOTAL:  12
pass   2 (yz-):   0 found -   3 modified     |    TOTAL:  12
pass   1 (xz+):   0 found -   0 modified     |    TOTAL:  12
pass   1 (xz-):   0 found -   0 modified     |    TOTAL:  12
Iteration Number : 1
pass   1 (+++):   0 found -   0 modified     |    TOTAL:   0
pass   1 (+++):   0 found -   0 modified     |    TOTAL:   0
pass   1 (+++):   0 found -   0 modified     |    TOTAL:   0
pass   1 (+++):   0 found -   0 modified     |    TOTAL:   0
Iteration Number : 1
pass   1 (++):   0 found -   0 modified     |    TOTAL:   0
pass   1 (+-):   0 found -   0 modified     |    TOTAL:   0
pass   1 (--):   0 found -   0 modified     |    TOTAL:   0
pass   1 (-+):   0 found -   0 modified     |    TOTAL:   0
Iteration Number : 2
pass   1 (xy+):   0 found -   0 modified     |    TOTAL:   0
pass   1 (xy-):   0 found -   0 modified     |    TOTAL:   0
pass   1 (yz+):   0 found -   0 modified     |    TOTAL:   0
pass   1 (yz-):   0 found -   0 modified     |    TOTAL:   0
pass   1 (xz+):   0 found -   0 modified     |    TOTAL:   0
pass   1 (xz-):   0 found -   0 modified     |    TOTAL:   0
Iteration Number : 2
pass   1 (+++):   0 found -   0 modified     |    TOTAL:   0
pass   1 (+++):   0 found -   0 modified     |    TOTAL:   0
pass   1 (+++):   0 found -   0 modified     |    TOTAL:   0
pass   1 (+++):   0 found -   0 modified     |    TOTAL:   0
Iteration Number : 2
pass   1 (++):   0 found -   0 modified     |    TOTAL:   0
pass   1 (+-):   0 found -   0 modified     |    TOTAL:   0
pass   1 (--):   0 found -   0 modified     |    TOTAL:   0
pass   1 (-+):   0 found -   0 modified     |    TOTAL:   0

Total Number of Modified Voxels = 12 (out of 282803: 0.004243)
Ambiguous edge configurations... 

mri_pretess done


 mri_tessellate ../mri/filled-pretess127.mgz 127 ../surf/rh.orig.nofix 

7.3.2
  7.3.2
slice 40: 650 vertices, 725 faces
slice 50: 6092 vertices, 6303 faces
slice 60: 14494 vertices, 14864 faces
slice 70: 25220 vertices, 25592 faces
slice 80: 36788 vertices, 37162 faces
slice 90: 48126 vertices, 48527 faces
slice 100: 59716 vertices, 60140 faces
slice 110: 71369 vertices, 71801 faces
slice 120: 82725 vertices, 83141 faces
slice 130: 94354 vertices, 94775 faces
slice 140: 106541 vertices, 106989 faces
slice 150: 116536 vertices, 116903 faces
slice 160: 125241 vertices, 125556 faces
slice 170: 133120 vertices, 133406 faces
slice 180: 140316 vertices, 140570 faces
slice 190: 145016 vertices, 145170 faces
slice 200: 146339 vertices, 146390 faces
slice 210: 146360 vertices, 146402 faces
slice 220: 146360 vertices, 146402 faces
slice 230: 146360 vertices, 146402 faces
slice 240: 146360 vertices, 146402 faces
slice 250: 146360 vertices, 146402 faces
using the conformed surface RAS to save vertex points...
writing ../surf/rh.orig.nofix
using vox2ras matrix:
-1.00000   0.00000   0.00000   128.00000;
 0.00000   0.00000   1.00000  -128.00000;
 0.00000  -1.00000   0.00000   128.00000;
 0.00000   0.00000   0.00000   1.00000;

 rm -f ../mri/filled-pretess127.mgz 


 mris_extract_main_component ../surf/rh.orig.nofix ../surf/rh.orig.nofix 


counting number of connected components...
   146360 voxel in cpt #1: X=-42 [v=146360,e=439206,f=292804] located at (27.976797, -16.431860, 2.627337)
For the whole surface: X=-42 [v=146360,e=439206,f=292804]
One single component has been found
nothing to do
done

#--------------------------------------------
#@# Smooth1 rh Mon Mar  9 13:35:33 CET 2026
/out/sourcedata/freesurfer/sub-v1s21x0050424_ses-1/scripts

 mris_smooth -nw -seed 1234 ../surf/rh.orig.nofix ../surf/rh.smoothwm.nofix 

setting seed for random number generator to 1234
smoothing surface tessellation for 10 iterations...
smoothing complete - recomputing first and second fundamental forms...
#--------------------------------------------
#@# Inflation1 rh Mon Mar  9 13:35:36 CET 2026
/out/sourcedata/freesurfer/sub-v1s21x0050424_ses-1/scripts

 mris_inflate -no-save-sulc ../surf/rh.smoothwm.nofix ../surf/rh.inflated.nofix 

Not saving sulc
Reading ../surf/rh.smoothwm.nofix
avg radius = 47.4 mm, total surface area = 78586 mm^2
step 000: RMS=0.154 (target=0.015)   step 005: RMS=0.118 (target=0.015)   step 010: RMS=0.090 (target=0.015)   step 015: RMS=0.076 (target=0.015)   step 020: RMS=0.065 (target=0.015)   step 025: RMS=0.058 (target=0.015)   step 030: RMS=0.052 (target=0.015)   step 035: RMS=0.049 (target=0.015)   step 040: RMS=0.046 (target=0.015)   step 045: RMS=0.045 (target=0.015)   step 050: RMS=0.043 (target=0.015)   step 055: RMS=0.044 (target=0.015)   step 060: RMS=0.044 (target=0.015)   writing inflated surface to ../surf/rh.inflated.nofix
inflation took 0.2 minutes

inflation complete.
Not saving sulc
mris_inflate utimesec    45.948409
mris_inflate stimesec    2.045935
mris_inflate ru_maxrss   232760
mris_inflate ru_ixrss    0
mris_inflate ru_idrss    0
mris_inflate ru_isrss    0
mris_inflate ru_minflt   687168
mris_inflate ru_majflt   20
mris_inflate ru_nswap    0
mris_inflate ru_inblock  0
mris_inflate ru_oublock  10296
mris_inflate ru_msgsnd   0
mris_inflate ru_msgrcv   0
mris_inflate ru_nsignals 0
mris_inflate ru_nvcsw    5594
mris_inflate ru_nivcsw   288
#--------------------------------------------
#@# QSphere rh Mon Mar  9 13:35:46 CET 2026
/out/sourcedata/freesurfer/sub-v1s21x0050424_ses-1/scripts

 mris_sphere -q -p 6 -a 128 -seed 1234 ../surf/rh.inflated.nofix ../surf/rh.qsphere.nofix 

doing quick spherical unfolding.
limitting unfolding to 6 passes
using n_averages = 128
setting seed for random number genererator to 1234
version: 7.3.2
available threads: 16
scaling brain by 0.306...
inflating...
projecting onto sphere...
surface projected - minimizing metric distortion...
vertex spacing 0.96 +- 0.54 (0.00-->6.10) (max @ vno 108467 --> 109554)
face area 0.03 +- 0.03 (-0.07-->0.57)
Entering MRISinflateToSphere()
inflating to sphere (rms error < 2.00)
000: dt: 0.0000, rms radial error=176.255, avgs=0
005/300: dt: 0.9000, rms radial error=175.996, avgs=0
010/300: dt: 0.9000, rms radial error=175.440, avgs=0
015/300: dt: 0.9000, rms radial error=174.709, avgs=0
020/300: dt: 0.9000, rms radial error=173.878, avgs=0
025/300: dt: 0.9000, rms radial error=172.990, avgs=0
030/300: dt: 0.9000, rms radial error=172.070, avgs=0
035/300: dt: 0.9000, rms radial error=171.133, avgs=0
040/300: dt: 0.9000, rms radial error=170.189, avgs=0
045/300: dt: 0.9000, rms radial error=169.242, avgs=0
050/300: dt: 0.9000, rms radial error=168.295, avgs=0
055/300: dt: 0.9000, rms radial error=167.351, avgs=0
060/300: dt: 0.9000, rms radial error=166.411, avgs=0
065/300: dt: 0.9000, rms radial error=165.474, avgs=0
070/300: dt: 0.9000, rms radial error=164.542, avgs=0
075/300: dt: 0.9000, rms radial error=163.615, avgs=0
080/300: dt: 0.9000, rms radial error=162.693, avgs=0
085/300: dt: 0.9000, rms radial error=161.775, avgs=0
090/300: dt: 0.9000, rms radial error=160.862, avgs=0
095/300: dt: 0.9000, rms radial error=159.954, avgs=0
100/300: dt: 0.9000, rms radial error=159.051, avgs=0
105/300: dt: 0.9000, rms radial error=158.154, avgs=0
110/300: dt: 0.9000, rms radial error=157.262, avgs=0
115/300: dt: 0.9000, rms radial error=156.375, avgs=0
120/300: dt: 0.9000, rms radial error=155.492, avgs=0
125/300: dt: 0.9000, rms radial error=154.615, avgs=0
130/300: dt: 0.9000, rms radial error=153.742, avgs=0
135/300: dt: 0.9000, rms radial error=152.875, avgs=0
140/300: dt: 0.9000, rms radial error=152.014, avgs=0
145/300: dt: 0.9000, rms radial error=151.158, avgs=0
150/300: dt: 0.9000, rms radial error=150.306, avgs=0
155/300: dt: 0.9000, rms radial error=149.459, avgs=0
160/300: dt: 0.9000, rms radial error=148.617, avgs=0
165/300: dt: 0.9000, rms radial error=147.780, avgs=0
170/300: dt: 0.9000, rms radial error=146.947, avgs=0
175/300: dt: 0.9000, rms radial error=146.118, avgs=0
180/300: dt: 0.9000, rms radial error=145.295, avgs=0
185/300: dt: 0.9000, rms radial error=144.475, avgs=0
190/300: dt: 0.9000, rms radial error=143.661, avgs=0
195/300: dt: 0.9000, rms radial error=142.850, avgs=0
200/300: dt: 0.9000, rms radial error=142.045, avgs=0
205/300: dt: 0.9000, rms radial error=141.243, avgs=0
210/300: dt: 0.9000, rms radial error=140.446, avgs=0
215/300: dt: 0.9000, rms radial error=139.654, avgs=0
220/300: dt: 0.9000, rms radial error=138.866, avgs=0
225/300: dt: 0.9000, rms radial error=138.082, avgs=0
230/300: dt: 0.9000, rms radial error=137.303, avgs=0
235/300: dt: 0.9000, rms radial error=136.528, avgs=0
240/300: dt: 0.9000, rms radial error=135.757, avgs=0
245/300: dt: 0.9000, rms radial error=134.991, avgs=0
250/300: dt: 0.9000, rms radial error=134.229, avgs=0
255/300: dt: 0.9000, rms radial error=133.471, avgs=0
260/300: dt: 0.9000, rms radial error=132.718, avgs=0
265/300: dt: 0.9000, rms radial error=131.968, avgs=0
270/300: dt: 0.9000, rms radial error=131.223, avgs=0
275/300: dt: 0.9000, rms radial error=130.482, avgs=0
280/300: dt: 0.9000, rms radial error=129.745, avgs=0
285/300: dt: 0.9000, rms radial error=129.012, avgs=0
290/300: dt: 0.9000, rms radial error=128.284, avgs=0
295/300: dt: 0.9000, rms radial error=127.559, avgs=0
300/300: dt: 0.9000, rms radial error=126.839, avgs=0

spherical inflation complete.
epoch 1 (K=10.0), pass 1, starting sse = 17129.06
taking momentum steps...
taking momentum steps...
taking momentum steps...
taking momentum steps...
pass 1 complete, delta sse/iter = 0.00/13 = 0.00026
epoch 2 (K=40.0), pass 1, starting sse = 2796.88
taking momentum steps...
taking momentum steps...
taking momentum steps...
taking momentum steps...
pass 1 complete, delta sse/iter = 0.00/13 = 0.00015
epoch 3 (K=160.0), pass 1, starting sse = 269.79
taking momentum steps...
taking momentum steps...
taking momentum steps...
taking momentum steps...
pass 1 complete, delta sse/iter = 0.15/17 = 0.00868
epoch 4 (K=640.0), pass 1, starting sse = 14.88
taking momentum steps...
taking momentum steps...
taking momentum steps...
taking momentum steps...
pass 1 complete, delta sse/iter = 0.07/21 = 0.00346
final distance error %100000.00
writing spherical brain to ../surf/rh.qsphere.nofix
spherical transformation took 0.0160 hours
FSRUNTIME@ mris_sphere  0.0160 hours 16 threads
#VMPC# mris_sphere VmPeak  2145968
mris_sphere done
#@# Fix Topology rh Mon Mar  9 13:36:43 CET 2026

 mris_fix_topology -mgz -sphere qsphere.nofix -inflated inflated.nofix -orig orig.nofix -out orig.premesh -ga -seed 1234 sub-v1s21x0050424_ses-1 rh 

reading spherical homeomorphism from 'qsphere.nofix'
reading inflated coordinates from 'inflated.nofix'
reading original coordinates from 'orig.nofix'
using genetic algorithm with optimized parameters
setting seed for random number genererator to 1234

*************************************************************
Topology Correction Parameters
retessellation mode:           genetic search
number of patches/generation : 10
number of generations :        10
surface mri loglikelihood coefficient :         1.0
volume mri loglikelihood coefficient :          10.0
normal dot loglikelihood coefficient :          1.0
quadratic curvature loglikelihood coefficient : 1.0
volume resolution :                             2
eliminate vertices during search :              1
initial patch selection :                       1
select all defect vertices :                    0
ordering dependant retessellation:              0
use precomputed edge table :                    0
smooth retessellated patch :                    2
match retessellated patch :                     1
verbose mode :                                  0

*************************************************************
INFO: assuming .mgz format
writing corrected surface to 'orig.premesh'
7.3.2
  7.3.2
before topology correction, eno=-42 (nv=146360, nf=292804, ne=439206, g=22)
using quasi-homeomorphic spherical map to tessellate cortical surface...

Correction of the Topology
Finding true center and radius of Spherical Surface...done
Surface centered at (0,0,0) with radius 100.0 in 8 iterations
marking ambiguous vertices...
5875 ambiguous faces found in tessellation
segmenting defects...
30 defects found, arbitrating ambiguous regions...
analyzing neighboring defects...
      -merging segment 3 into 2
      -merging segment 22 into 19
28 defects to be corrected 
0 vertices coincident
reading input surface /out/sourcedata/freesurfer/sub-v1s21x0050424_ses-1/surf/rh.qsphere.nofix...
reading brain volume from brain...
reading wm segmentation from wm...
Reading original properties of orig.nofix
Reading vertex positions of inflated.nofix
Computing Initial Surface Statistics
      -face       loglikelihood: -9.3088  (-4.6544)
      -vertex     loglikelihood: -6.2784  (-3.1392)
      -normal dot loglikelihood: -3.5687  (-3.5687)
      -quad curv  loglikelihood: -6.0327  (-3.0163)
      Total Loglikelihood : -25.1886
CORRECTING DEFECT 0 (vertices=403, convex hull=99, v0=0)
After retessellation of defect 0 (v0=0), euler #=-25 (142954,427873,284894) : difference with theory (-25) = 0 
CORRECTING DEFECT 1 (vertices=38, convex hull=25, v0=617)
After retessellation of defect 1 (v0=617), euler #=-24 (142957,427890,284909) : difference with theory (-24) = 0 
CORRECTING DEFECT 2 (vertices=437, convex hull=220, v0=644)
After retessellation of defect 2 (v0=644), euler #=-22 (143027,428217,285168) : difference with theory (-23) = -1 
CORRECTING DEFECT 3 (vertices=135, convex hull=113, v0=3168)
After retessellation of defect 3 (v0=3168), euler #=-21 (143039,428305,285245) : difference with theory (-22) = -1 
CORRECTING DEFECT 4 (vertices=30, convex hull=69, v0=9407)
After retessellation of defect 4 (v0=9407), euler #=-20 (143059,428393,285314) : difference with theory (-21) = -1 
CORRECTING DEFECT 5 (vertices=50, convex hull=72, v0=13436)
After retessellation of defect 5 (v0=13436), euler #=-19 (143088,428509,285402) : difference with theory (-20) = -1 
CORRECTING DEFECT 6 (vertices=32, convex hull=59, v0=28181)
After retessellation of defect 6 (v0=28181), euler #=-18 (143104,428581,285459) : difference with theory (-19) = -1 
CORRECTING DEFECT 7 (vertices=40, convex hull=32, v0=39799)
After retessellation of defect 7 (v0=39799), euler #=-17 (143111,428612,285484) : difference with theory (-18) = -1 
CORRECTING DEFECT 8 (vertices=28, convex hull=46, v0=44572)
After retessellation of defect 8 (v0=44572), euler #=-16 (143112,428632,285504) : difference with theory (-17) = -1 
CORRECTING DEFECT 9 (vertices=56, convex hull=60, v0=52970)
After retessellation of defect 9 (v0=52970), euler #=-15 (143128,428704,285561) : difference with theory (-16) = -1 
CORRECTING DEFECT 10 (vertices=536, convex hull=288, v0=56136)
After retessellation of defect 10 (v0=56136), euler #=-14 (143210,429096,285872) : difference with theory (-15) = -1 
CORRECTING DEFECT 11 (vertices=210, convex hull=139, v0=81384)
After retessellation of defect 11 (v0=81384), euler #=-13 (143250,429286,286023) : difference with theory (-14) = -1 
CORRECTING DEFECT 12 (vertices=312, convex hull=256, v0=94077)
After retessellation of defect 12 (v0=94077), euler #=-13 (143378,429807,286416) : difference with theory (-13) = 0 
CORRECTING DEFECT 13 (vertices=41, convex hull=31, v0=94319)
After retessellation of defect 13 (v0=94319), euler #=-13 (143383,429835,286439) : difference with theory (-12) = 1 
CORRECTING DEFECT 14 (vertices=37, convex hull=39, v0=100128)
After retessellation of defect 14 (v0=100128), euler #=-12 (143390,429871,286469) : difference with theory (-11) = 1 
CORRECTING DEFECT 15 (vertices=252, convex hull=88, v0=110662)
After retessellation of defect 15 (v0=110662), euler #=-11 (143428,430022,286583) : difference with theory (-10) = 1 
CORRECTING DEFECT 16 (vertices=55, convex hull=110, v0=112459)
After retessellation of defect 16 (v0=112459), euler #=-10 (143451,430138,286677) : difference with theory (-9) = 1 
CORRECTING DEFECT 17 (vertices=58, convex hull=31, v0=122834)
After retessellation of defect 17 (v0=122834), euler #=-9 (143455,430159,286695) : difference with theory (-8) = 1 
CORRECTING DEFECT 18 (vertices=22, convex hull=29, v0=127286)
After retessellation of defect 18 (v0=127286), euler #=-7 (143457,430174,286710) : difference with theory (-7) = 0 
CORRECTING DEFECT 19 (vertices=9, convex hull=20, v0=128239)
After retessellation of defect 19 (v0=128239), euler #=-6 (143459,430183,286718) : difference with theory (-6) = 0 
CORRECTING DEFECT 20 (vertices=229, convex hull=114, v0=129517)
After retessellation of defect 20 (v0=129517), euler #=-5 (143479,430296,286812) : difference with theory (-5) = 0 
CORRECTING DEFECT 21 (vertices=105, convex hull=37, v0=130019)
After retessellation of defect 21 (v0=130019), euler #=-4 (143488,430337,286845) : difference with theory (-4) = 0 
CORRECTING DEFECT 22 (vertices=37, convex hull=62, v0=131139)
After retessellation of defect 22 (v0=131139), euler #=-3 (143507,430419,286909) : difference with theory (-3) = 0 
CORRECTING DEFECT 23 (vertices=49, convex hull=26, v0=132265)
After retessellation of defect 23 (v0=132265), euler #=-2 (143509,430437,286926) : difference with theory (-2) = 0 
CORRECTING DEFECT 24 (vertices=63, convex hull=96, v0=134884)
After retessellation of defect 24 (v0=134884), euler #=-1 (143534,430555,287020) : difference with theory (-1) = 0 
CORRECTING DEFECT 25 (vertices=91, convex hull=29, v0=138162)
After retessellation of defect 25 (v0=138162), euler #=0 (143537,430572,287035) : difference with theory (0) = 0 
CORRECTING DEFECT 26 (vertices=57, convex hull=58, v0=139890)
After retessellation of defect 26 (v0=139890), euler #=1 (143554,430646,287093) : difference with theory (1) = 0 
CORRECTING DEFECT 27 (vertices=31, convex hull=27, v0=141947)
After retessellation of defect 27 (v0=141947), euler #=2 (143560,430674,287116) : difference with theory (2) = 0 
computing original vertex metric properties...
storing new metric properties...
computing tessellation statistics...
vertex spacing 0.89 +- 0.22 (0.08-->10.17) (max @ vno 0 --> 143236)
face area -nan +- -nan (1000.00-->-1.00)
performing soap bubble on retessellated vertices for 0 iterations...
vertex spacing 0.89 +- 0.22 (0.08-->10.17) (max @ vno 0 --> 143236)
face area -nan +- -nan (1000.00-->-1.00)
tessellation finished, orienting corrected surface...
82 mutations (31.4%), 179 crossovers (68.6%), 199 vertices were eliminated
building final representation...
2800 vertices and 0 faces have been removed from triangulation
after topology correction, eno=2 (nv=143560, nf=287116, ne=430674, g=0)
writing corrected surface to /out/sourcedata/freesurfer/sub-v1s21x0050424_ses-1/surf/rh.orig.premesh...

0.000 % of the vertices (0 vertices) exhibit an orientation change
removing intersecting faces
000: 365 intersecting
001: 61 intersecting
002: 11 intersecting
terminating search with 0 intersecting
topology fixing took 1.8 minutes
FSRUNTIME@ mris_fix_topology rh  0.0292 hours 16 threads
#VMPC# mris_fix_topology VmPeak  1862136

 mris_euler_number ../surf/rh.orig.premesh 

euler # = v-e+f = 2g-2: 143560 - 430674 + 287116 = 2 --> 0 holes
      F =2V-4:          287116 = 287120-4 (0)
      2E=3F:            861348 = 861348 (0)

total defect index = 0
Mon Mar  9 13:38:29 CET 2026

setenv SUBJECTS_DIR /out/sourcedata/freesurfer
cd /out/sourcedata/freesurfer/sub-v1s21x0050424_ses-1/scripts
/opt/freesurfer/bin/defect2seg --s sub-v1s21x0050424_ses-1 --rh-only --cortex

freesurfer-linux-ubuntu22_x86_64-7.3.2-20220804-6354275
defect2seg 7.3.2
Linux dna007 5.14.0-427.37.1.el9_4.x86_64 #1 SMP PREEMPT_DYNAMIC Fri Sep 13 12:41:50 EDT 2024 x86_64 x86_64 x86_64 GNU/Linux
pid 1705349
mri_label2label --label-cortex /out/sourcedata/freesurfer/sub-v1s21x0050424_ses-1/surf/rh.orig.nofix /out/sourcedata/freesurfer/sub-v1s21x0050424_ses-1/mri/aseg.presurf.mgz 0 /out/sourcedata/freesurfer/sub-v1s21x0050424_ses-1/label/rh.nofix.cortex.label

 Generating cortex label... RemoveHipAmgy=0
 NucAccIsMedialWall=0
 mris->useRealRAS=0
16 non-cortical segments detected
only using segment with 7218 vertices
erasing segment 1 (vno[0] = 80760)
erasing segment 2 (vno[0] = 83126)
erasing segment 3 (vno[0] = 89465)
erasing segment 4 (vno[0] = 90684)
erasing segment 5 (vno[0] = 90728)
erasing segment 6 (vno[0] = 92000)
erasing segment 7 (vno[0] = 92648)
erasing segment 8 (vno[0] = 95048)
erasing segment 9 (vno[0] = 101059)
erasing segment 10 (vno[0] = 102293)
erasing segment 11 (vno[0] = 102346)
erasing segment 12 (vno[0] = 103629)
erasing segment 13 (vno[0] = 106007)
erasing segment 14 (vno[0] = 131501)
erasing segment 15 (vno[0] = 131514)
mri_label2vol --defects /out/sourcedata/freesurfer/sub-v1s21x0050424_ses-1/surf/rh.orig.nofix /out/sourcedata/freesurfer/sub-v1s21x0050424_ses-1/surf/rh.defect_labels /out/sourcedata/freesurfer/sub-v1s21x0050424_ses-1/mri/orig.mgz 2000 0 /out/sourcedata/freesurfer/sub-v1s21x0050424_ses-1/mri/rh.surface.defects.mgz /out/sourcedata/freesurfer/sub-v1s21x0050424_ses-1/label/rh.nofix.cortex.label
mri_label2vol supposed to be reproducible but seed not set
Contraining to label /out/sourcedata/freesurfer/sub-v1s21x0050424_ses-1/label/rh.nofix.cortex.label
Changing input type 0 to MRI_INT
Converting defects to volume: offset=2000, merge=0
Writing to /out/sourcedata/freesurfer/sub-v1s21x0050424_ses-1/mri/rh.surface.defects.mgz
mris_defects_pointset -s /out/sourcedata/freesurfer/sub-v1s21x0050424_ses-1/surf/rh.orig.nofix -d /out/sourcedata/freesurfer/sub-v1s21x0050424_ses-1/surf/rh.defect_labels -o /out/sourcedata/freesurfer/sub-v1s21x0050424_ses-1/surf/rh.defects.pointset --label /out/sourcedata/freesurfer/sub-v1s21x0050424_ses-1/label/rh.nofix.cortex.label
Reading in surface /out/sourcedata/freesurfer/sub-v1s21x0050424_ses-1/surf/rh.orig.nofix
Reading in defect segmentation /out/sourcedata/freesurfer/sub-v1s21x0050424_ses-1/surf/rh.defect_labels
Reading in label /out/sourcedata/freesurfer/sub-v1s21x0050424_ses-1/label/rh.nofix.cortex.label
#VMPC# mris_defects_pointset 2078680
mris_defects_pointset done
 
Started at Mon Mar 9 13:38:29 CET 2026 
Ended   at Mon Mar  9 13:38:46 CET 2026
Defect2seg-Run-Time-Sec 17
Defect2seg-Run-Time-Min 0.34
Defect2seg-Run-Time-Hours 0.00
 
tkmeditfv sub-v1s21x0050424_ses-1 brain.finalsurfs.mgz -defect
defect2seg Done

 mris_remesh --remesh --iters 3 --input /out/sourcedata/freesurfer/sub-v1s21x0050424_ses-1/surf/rh.orig.premesh --output /out/sourcedata/freesurfer/sub-v1s21x0050424_ses-1/surf/rh.orig 

iters = 3
standard remeshing without target
   adjusted l: 0.711547
remeshing to edge length 0.711547 with 3 iterations

avg qual before   : 0.892942  after: 0.971486

Removing intersections
Remeshed surface quality stats nv0 = 143560  nv = 149844  1.04377
Area    299684  0.30342  0.03363 0.030450   0.5038
Corner  899052 60.00000  8.74926 15.357017 148.8490
Edge    449526  0.84497  0.08209 0.186446   1.2468
Hinge   449526  9.78353 10.23836 0.000003 164.5014
mris_remesh done
/out/sourcedata/freesurfer/sub-v1s21x0050424_ses-1/scripts

 mris_remove_intersection ../surf/rh.orig ../surf/rh.orig 

intersection removal took 0.00 hours
writing corrected surface to ../surf/rh.orig

 rm -f ../surf/rh.inflated 

#--------------------------------------------
#@# AutoDetGWStats rh Mon Mar  9 13:39:19 CET 2026
cd /out/sourcedata/freesurfer/sub-v1s21x0050424_ses-1/mri
mris_autodet_gwstats --o ../surf/autodet.gw.stats.rh.dat --i brain.finalsurfs.mgz --wm wm.mgz --surf ../surf/rh.orig.premesh
7.3.2

cd /out/sourcedata/freesurfer/sub-v1s21x0050424_ses-1/mri
setenv SUBJECTS_DIR /out/sourcedata/freesurfer
mris_autodet_gwstats --o ../surf/autodet.gw.stats.rh.dat --i brain.finalsurfs.mgz --wm wm.mgz --surf ../surf/rh.orig.premesh 

border white:    271745 voxels (1.62%)
border gray      307872 voxels (1.84%)
Reading in intensity volume brain.finalsurfs.mgz
Reading in wm volume wm.mgz
Reading in surf ../surf/rh.orig.premesh
Auto detecting stats
MRIclipBrightWM(): nthresh=22899, wmmin=5, clip=110 
Binarizing thresholding at 5
computing class statistics... low=30, hi=110.000000
CCS WM (98.0): 98.4 +- 7.6 [70.0 --> 110.0]
CCS GM (76.0) : 75.5 +- 10.4 [30.0 --> 110.0]
white_mean = 98.3837 +/- 7.60788, gray_mean = 75.4656 +/- 10.4292
using class modes intead of means, discounting robust sigmas....
MRIScomputeClassModes(): min=0 max=255 nbins=256
intensity peaks found at WM=101+-6.1,    GM=72+-7.0
white_mode = 101, gray_mode = 72
std_scale = 1
Applying sanity checks, max_scale_down = 0.2
setting MIN_GRAY_AT_WHITE_BORDER to 61.6 (was 70.000000)
setting MAX_BORDER_WHITE to 108.6 (was 105.000000)
setting MIN_BORDER_WHITE to 72.0 (was 85.000000)
setting MAX_CSF to 51.1 (was 40.000000)
setting MAX_GRAY to 93.4 (was 95.000000)
setting MAX_GRAY_AT_CSF_BORDER to 61.6 (was 75.000000)
setting MIN_GRAY_AT_CSF_BORDER to 40.7 (was 40.000000)
When placing the white surface
  white_border_hi   = 108.608;
  white_border_low  = 72;
  white_outside_low = 61.5708;
  white_inside_hi   = 120;
  white_outside_hi  = 108.608;
When placing the pial surface
  pial_border_hi   = 61.5708;
  pial_border_low  = 40.7123;
  pial_outside_low = 10;
  pial_inside_hi   = 93.3921;
  pial_outside_hi  = 56.3561;
#VMPC# mris_autodet_gwstats VmPeak  1347016
mris_autodet_gwstats done
#--------------------------------------------
#@# WhitePreAparc rh Mon Mar  9 13:39:21 CET 2026
cd /out/sourcedata/freesurfer/sub-v1s21x0050424_ses-1/mri
mris_place_surface --adgws-in ../surf/autodet.gw.stats.rh.dat --wm wm.mgz --threads 16 --invol brain.finalsurfs.mgz --rh --i ../surf/rh.orig --o ../surf/rh.white.preaparc --white --seg aseg.presurf.mgz --nsmooth 5
7.3.2
7.3.2

cd /out/sourcedata/freesurfer/sub-v1s21x0050424_ses-1/mri
setenv SUBJECTS_DIR /out/sourcedata/freesurfer
mris_place_surface --adgws-in ../surf/autodet.gw.stats.rh.dat --wm wm.mgz --threads 16 --invol brain.finalsurfs.mgz --rh --i ../surf/rh.orig --o ../surf/rh.white.preaparc --white --seg aseg.presurf.mgz --nsmooth 5 

Reading in input surface ../surf/rh.orig
Smoothing surface before ripping with 5 iterations
removing intersecting faces
000: 12 intersecting
001: 7 intersecting
step 1 with no progress (num=7, old_num=7)
002: 7 intersecting
step 2 with no progress (num=8, old_num=7)
003: 8 intersecting
step 3 with no progress (num=9, old_num=8)
004: 9 intersecting
step 4 with no progress (num=13, old_num=9)
005: 13 intersecting
step 5 with no progress (num=22, old_num=13)
006: 22 intersecting
007: 15 intersecting
008: 14 intersecting
step 1 with no progress (num=14, old_num=14)
009: 14 intersecting
step 2 with no progress (num=14, old_num=14)
010: 14 intersecting
step 3 with no progress (num=14, old_num=14)
011: 14 intersecting
step 4 with no progress (num=14, old_num=14)
012: 14 intersecting
step 5 with no progress (num=14, old_num=14)
013: 14 intersecting
step 6 with no progress (num=14, old_num=14)
014: 14 intersecting
step 7 with no progress (num=14, old_num=14)
015: 14 intersecting
step 8 with no progress (num=14, old_num=14)
016: 14 intersecting
step 9 with no progress (num=14, old_num=14)
017: 14 intersecting
step 10 with no progress (num=14, old_num=14)
018: 14 intersecting
step 11 with no progress (num=14, old_num=14)
019: 14 intersecting
step 12 with no progress (num=14, old_num=14)
020: 14 intersecting
step 13 with no progress (num=14, old_num=14)
021: 14 intersecting
step 14 with no progress (num=14, old_num=14)
022: 14 intersecting
step 15 with no progress (num=14, old_num=14)
023: 14 intersecting
step 16 with no progress (num=14, old_num=14)
terminating search with 7 intersecting
Area    299684  0.26734  0.06345 0.000000   0.6398
Corner  899052 60.00000  9.44155 0.002827 179.9921
Edge    449526  0.78921  0.11504 0.000106   1.3471
Hinge   449526  6.54041  6.59270 0.000000 167.5803
Not reading in aparc
Reading in input volume brain.finalsurfs.mgz
Reading in wm volume wm.mgz
MRIclipBrightWM(): nthresh=22899, wmmin=5, clip=110 
MRIfindBrightNonWM(): 2688 bright non-wm voxels segmented.
Masking bright non-wm for white surface
MRImask(): AllowDiffGeom = 1
MRImask(): AllowDiffGeom = 1
Reading in seg volume aseg.presurf.mgz
Ripping frozen voxels
INFO: rip surface needed but not specified, so using input surface
Freezing midline and others
Entering: MRISripMidline(): inhibiting deformation at non-cortical midline structures...
  which=1, fix_mtl=0, using annot = 0
#FML0# MRISripMidline(): nripped=0
removing 3 vertices from ripped group in thread:0
removing 2 vertices from ripped group in thread:0
#FML# MRISripMidline(): nmarked=6079, nmarked2=11, nripped=6079
Ripping segs (eg, WMSA, BG, frozen)
Starting MRISripSegs() d = (-2 2 0.5) segnos: 247 
MRISripSegs(): -2 2 0.5 ripped 0
vertex 74922: xyz = (52.3656,-3.58823,10.4149) oxyz = (52.3656,-3.58823,10.4149) wxzy = (52.3656,-3.58823,10.4149) pxyz = (0,0,0) 
CBVO Creating mask 149844
n_averages 4
Iteration 0 =========================================
n_averages=4, current_sigma=2
Freezing midline and others
Ripping frozen voxels
INFO: rip surface needed but not specified, so using input surface
Freezing midline and others
Entering: MRISripMidline(): inhibiting deformation at non-cortical midline structures...
  which=1, fix_mtl=0, using annot = 0
#FML0# MRISripMidline(): nripped=6079
removing 3 vertices from ripped group in thread:0
removing 2 vertices from ripped group in thread:0
#FML# MRISripMidline(): nmarked=6079, nmarked2=11, nripped=6079
Ripping segs (eg, WMSA, BG, frozen)
Starting MRISripSegs() d = (-2 2 0.5) segnos: 247 247 
MRISripSegs(): -2 2 0.5 ripped 0
Computing target border values 
Entering MRIScomputeBorderValues_new(): 
  inside_hi   = 120.0000000;
  border_hi   = 108.6078800;
  border_low  =  72.0000000;
  outside_low =  61.5707660;
  outside_hi  = 108.6078800;
  sigma = 2;
  max_thickness = 10;
  step_size=0.5;
  STEP_SIZE=0.1;
  which = 1
  thresh = 0
  flags = 0
  CBVfindFirstPeakD1=0
  CBVfindFirstPeakD2=0
  nvertices=149844
  Gdiag_no=-1
  vno start=0, stop=149844
Replacing 255s with 0s
#SI# sigma=2 had to be increased for 100 vertices, nripped=6079
mean border=82.7, 65 (65) missing vertices, mean dist 0.3 [0.6 (%36.5)->0.9 (%63.5))]
%68 local maxima, %28 large gradients and % 0 min vals, 0 gradients ignored
nFirstPeakD1 0
MRIScomputeBorderValues_new() finished in 0.0125 min


Finding expansion regions
mean absolute distance = 0.76 +- 0.93
5934 vertices more than 2 sigmas from mean.
Averaging target values for 5 iterations...
Positioning Surface: tspring = 0.3, nspring = 0.3, spring = 0, niters = 100 l_repulse = 5, l_surf_repulse = 0, checktol = 0
Positioning pial surface
Entering MRISpositionSurface()
  max_mm = 0.3
  MAX_REDUCTIONS = 2, REDUCTION_PCT = 0.5
  parms->check_tol = 0, niterations = 100
tol=1.0e-04, sigma=2.0, host=dna00, nav=4, nbrs=2, l_repulse=5.000, l_tspring=0.300, l_nspring=0.300, l_intensity=0.200, l_curv=1.000
mom=0.00, dt=0.50
complete_dist_mat 0
rms 0
smooth_averages 0
remove_neg 0
ico_order 0
which_surface 0
target_radius 0.000000
nfields 0
scale 0.000000
desired_rms_height 0.000000
momentum 0.000000
nbhd_size 0
max_nbrs 0
niterations 100
nsurfaces 0
SURFACES 3
flags 0 (0)
use curv 0
no sulc 0
no rigid align 0
mris->nsize 2
mris->hemisphere 1
randomSeed 0

000: dt: 0.0000, sse=2910947.8, rms=9.753
001: dt: 0.5000, sse=1656183.9, rms=7.196 (26.219%)
002: dt: 0.5000, sse=1052477.4, rms=5.565 (22.672%)
003: dt: 0.5000, sse=752625.5, rms=4.527 (18.641%)
004: dt: 0.5000, sse=585384.8, rms=3.796 (16.162%)
005: dt: 0.5000, sse=491993.5, rms=3.305 (12.919%)
006: dt: 0.5000, sse=434095.9, rms=2.983 (9.759%)
007: dt: 0.5000, sse=412246.8, rms=2.842 (4.730%)
008: dt: 0.5000, sse=398590.5, rms=2.755 (3.058%)
rms = 2.7317/2.7547, sse=392549.3/398590.5, time step reduction 1 of 3 to 0.250  0 0 1
009: dt: 0.5000, sse=392549.3, rms=2.732 (0.834%)
010: dt: 0.2500, sse=253307.3, rms=1.604 (41.279%)
011: dt: 0.2500, sse=236564.4, rms=1.408 (12.229%)
rms = 1.3606/1.4079, sse=239446.2/236564.4, time step reduction 2 of 3 to 0.125  0 1 1
012: dt: 0.2500, sse=239446.2, rms=1.361 (3.361%)
013: dt: 0.1250, sse=230149.5, rms=1.253 (7.913%)
rms = 1.2286/1.2529, sse=231685.0/230149.5, time step reduction 3 of 3 to 0.062  0 1 1
014: dt: 0.1250, sse=231685.0, rms=1.229 (1.944%)
  maximum number of reductions reached, breaking from loop
positioning took 1.2 minutes
Iteration 1 =========================================
n_averages=2, current_sigma=1
Freezing midline and others
Ripping frozen voxels
INFO: rip surface needed but not specified, so using input surface
Freezing midline and others
Entering: MRISripMidline(): inhibiting deformation at non-cortical midline structures...
  which=1, fix_mtl=0, using annot = 0
#FML0# MRISripMidline(): nripped=6079
removing 3 vertices from ripped group in thread:0
removing 4 vertices from ripped group in thread:0
removing 3 vertices from ripped group in thread:0
removing 3 vertices from ripped group in thread:0
#FML# MRISripMidline(): nmarked=6239, nmarked2=18, nripped=6239
Ripping segs (eg, WMSA, BG, frozen)
Starting MRISripSegs() d = (-2 2 0.5) segnos: 247 247 247 
MRISripSegs(): -2 2 0.5 ripped 0
Computing target border values 
Entering MRIScomputeBorderValues_new(): 
  inside_hi   = 120.0000000;
  border_hi   = 108.6078800;
  border_low  =  72.0000000;
  outside_low =  61.5707660;
  outside_hi  = 108.6078800;
  sigma = 1;
  max_thickness = 10;
  step_size=0.5;
  STEP_SIZE=0.1;
  which = 1
  thresh = 0
  flags = 0
  CBVfindFirstPeakD1=0
  CBVfindFirstPeakD2=0
  nvertices=149844
  Gdiag_no=-1
  vno start=0, stop=149844
Replacing 255s with 0s
#SI# sigma=1 had to be increased for 142 vertices, nripped=6239
mean border=84.9, 84 (8) missing vertices, mean dist -0.2 [0.5 (%67.2)->0.3 (%32.8))]
%74 local maxima, %22 large gradients and % 0 min vals, 0 gradients ignored
nFirstPeakD1 0
MRIScomputeBorderValues_new() finished in 0.0093 min


Finding expansion regions
mean absolute distance = 0.39 +- 0.72
4575 vertices more than 2 sigmas from mean.
Averaging target values for 5 iterations...
Positioning Surface: tspring = 0.3, nspring = 0.3, spring = 0, niters = 100 l_repulse = 5, l_surf_repulse = 0, checktol = 0
Positioning pial surface
Entering MRISpositionSurface()
  max_mm = 0.3
  MAX_REDUCTIONS = 2, REDUCTION_PCT = 0.5
  parms->check_tol = 0, niterations = 100
tol=1.0e-04, sigma=1.0, host=dna00, nav=2, nbrs=2, l_repulse=5.000, l_tspring=0.300, l_nspring=0.300, l_intensity=0.200, l_curv=1.000
mom=0.00, dt=0.50
000: dt: 0.0000, sse=682838.8, rms=3.903
015: dt: 0.5000, sse=446566.0, rms=2.615 (32.995%)
016: dt: 0.5000, sse=405716.0, rms=2.352 (10.074%)
rms = 2.3325/2.3520, sse=399828.4/405716.0, time step reduction 1 of 3 to 0.250  0 0 1
017: dt: 0.5000, sse=399828.4, rms=2.332 (0.831%)
018: dt: 0.2500, sse=300956.3, rms=1.413 (39.406%)
019: dt: 0.2500, sse=291567.1, rms=1.239 (12.350%)
rms = 1.2153/1.2388, sse=289879.2/291567.1, time step reduction 2 of 3 to 0.125  0 0 1
020: dt: 0.2500, sse=289879.2, rms=1.215 (1.894%)
021: dt: 0.1250, sse=283776.7, rms=1.092 (10.173%)
rms = 1.0615/1.0917, sse=277375.0/283776.7, time step reduction 3 of 3 to 0.062  0 0 1
022: dt: 0.1250, sse=277375.0, rms=1.061 (2.767%)
  maximum number of reductions reached, breaking from loop
positioning took 0.6 minutes
Iteration 2 =========================================
n_averages=1, current_sigma=0.5
Freezing midline and others
Ripping frozen voxels
INFO: rip surface needed but not specified, so using input surface
Freezing midline and others
Entering: MRISripMidline(): inhibiting deformation at non-cortical midline structures...
  which=1, fix_mtl=0, using annot = 0
#FML0# MRISripMidline(): nripped=6239
removing 3 vertices from ripped group in thread:0
removing 3 vertices from ripped group in thread:0
removing 4 vertices from ripped group in thread:0
removing 3 vertices from ripped group in thread:0
removing 2 vertices from ripped group in thread:0
removing 4 vertices from ripped group in thread:0
removing 4 vertices from ripped group in thread:0
removing 1 vertices from ripped group in thread:0
#FML# MRISripMidline(): nmarked=6297, nmarked2=18, nripped=6297
Ripping segs (eg, WMSA, BG, frozen)
Starting MRISripSegs() d = (-2 2 0.5) segnos: 247 247 247 247 
MRISripSegs(): -2 2 0.5 ripped 0
Computing target border values 
Entering MRIScomputeBorderValues_new(): 
  inside_hi   = 120.0000000;
  border_hi   = 108.6078800;
  border_low  =  72.0000000;
  outside_low =  61.5707660;
  outside_hi  = 108.6078800;
  sigma = 0.5;
  max_thickness = 10;
  step_size=0.5;
  STEP_SIZE=0.1;
  which = 1
  thresh = 0
  flags = 0
  CBVfindFirstPeakD1=0
  CBVfindFirstPeakD2=0
  nvertices=149844
  Gdiag_no=-1
  vno start=0, stop=149844
Replacing 255s with 0s
#SI# sigma=0.5 had to be increased for 217 vertices, nripped=6297
mean border=86.6, 85 (1) missing vertices, mean dist -0.1 [0.4 (%65.1)->0.2 (%34.9))]
%81 local maxima, %15 large gradients and % 0 min vals, 0 gradients ignored
nFirstPeakD1 0
MRIScomputeBorderValues_new() finished in 0.0056 min


Finding expansion regions
mean absolute distance = 0.31 +- 0.52
4129 vertices more than 2 sigmas from mean.
Averaging target values for 5 iterations...
Positioning Surface: tspring = 0.3, nspring = 0.3, spring = 0, niters = 100 l_repulse = 5, l_surf_repulse = 0, checktol = 0
Positioning pial surface
Entering MRISpositionSurface()
  max_mm = 0.3
  MAX_REDUCTIONS = 2, REDUCTION_PCT = 0.5
  parms->check_tol = 0, niterations = 100
tol=1.0e-04, sigma=0.5, host=dna00, nav=1, nbrs=2, l_repulse=5.000, l_tspring=0.300, l_nspring=0.300, l_intensity=0.200, l_curv=1.000
mom=0.00, dt=0.50
000: dt: 0.0000, sse=449750.7, rms=2.703
023: dt: 0.5000, sse=369087.4, rms=2.101 (22.260%)
024: dt: 0.5000, sse=346730.1, rms=2.020 (3.876%)
rms = 2.1953/2.0197, sse=368102.9/346730.1, time step reduction 1 of 3 to 0.250  0 1 1
   RMS increased, rejecting step
025: dt: 0.2500, sse=284170.6, rms=1.387 (31.308%)
026: dt: 0.2500, sse=267022.0, rms=1.148 (17.274%)
rms = 1.1404/1.1477, sse=267018.2/267022.0, time step reduction 2 of 3 to 0.125  0 0 1
027: dt: 0.2500, sse=267018.2, rms=1.140 (0.639%)
028: dt: 0.1250, sse=258553.0, rms=0.997 (12.576%)
rms = 0.9697/0.9970, sse=256452.2/258553.0, time step reduction 3 of 3 to 0.062  0 0 1
029: dt: 0.1250, sse=256452.2, rms=0.970 (2.734%)
  maximum number of reductions reached, breaking from loop
positioning took 0.6 minutes
Iteration 3 =========================================
n_averages=0, current_sigma=0.25
Freezing midline and others
Ripping frozen voxels
INFO: rip surface needed but not specified, so using input surface
Freezing midline and others
Entering: MRISripMidline(): inhibiting deformation at non-cortical midline structures...
  which=1, fix_mtl=0, using annot = 0
#FML0# MRISripMidline(): nripped=6297
removing 2 vertices from ripped group in thread:0
removing 3 vertices from ripped group in thread:0
removing 2 vertices from ripped group in thread:0
removing 1 vertices from ripped group in thread:0
removing 2 vertices from ripped group in thread:0
removing 4 vertices from ripped group in thread:0
removing 1 vertices from ripped group in thread:0
#FML# MRISripMidline(): nmarked=6318, nmarked2=18, nripped=6318
Ripping segs (eg, WMSA, BG, frozen)
Starting MRISripSegs() d = (-2 2 0.5) segnos: 247 247 247 247 247 
MRISripSegs(): -2 2 0.5 ripped 0
Computing target border values 
Entering MRIScomputeBorderValues_new(): 
  inside_hi   = 120.0000000;
  border_hi   = 108.6078800;
  border_low  =  72.0000000;
  outside_low =  61.5707660;
  outside_hi  = 108.6078800;
  sigma = 0.25;
  max_thickness = 10;
  step_size=0.5;
  STEP_SIZE=0.1;
  which = 1
  thresh = 0
  flags = 0
  CBVfindFirstPeakD1=0
  CBVfindFirstPeakD2=0
  nvertices=149844
  Gdiag_no=-1
  vno start=0, stop=149844
Replacing 255s with 0s
#SI# sigma=0.25 had to be increased for 212 vertices, nripped=6318
mean border=87.3, 131 (0) missing vertices, mean dist -0.1 [0.3 (%55.3)->0.2 (%44.7))]
%85 local maxima, %11 large gradients and % 0 min vals, 0 gradients ignored
nFirstPeakD1 0
MRIScomputeBorderValues_new() finished in 0.0036 min


Finding expansion regions
mean absolute distance = 0.27 +- 0.43
3985 vertices more than 2 sigmas from mean.
Averaging target values for 5 iterations...
Positioning Surface: tspring = 0.3, nspring = 0.3, spring = 0, niters = 100 l_repulse = 5, l_surf_repulse = 0, checktol = 0
Positioning pial surface
Entering MRISpositionSurface()
  max_mm = 0.3
  MAX_REDUCTIONS = 2, REDUCTION_PCT = 0.5
  parms->check_tol = 0, niterations = 100
tol=1.0e-04, sigma=0.2, host=dna00, nav=0, nbrs=2, l_repulse=5.000, l_tspring=0.300, l_nspring=0.300, l_intensity=0.200, l_curv=1.000
mom=0.00, dt=0.50
000: dt: 0.0000, sse=291166.4, rms=1.513
rms = 1.4683/1.5127, sse=288379.4/291166.4, time step reduction 1 of 3 to 0.250  0 0 1
030: dt: 0.5000, sse=288379.4, rms=1.468 (2.938%)
031: dt: 0.2500, sse=255152.5, rms=1.006 (31.491%)
rms = 0.9999/1.0059, sse=252434.1/255152.5, time step reduction 2 of 3 to 0.125  0 0 1
032: dt: 0.2500, sse=252434.1, rms=1.000 (0.594%)
033: dt: 0.1250, sse=241924.8, rms=0.784 (21.564%)
rms = 0.7537/0.7843, sse=239361.1/241924.8, time step reduction 3 of 3 to 0.062  0 0 1
034: dt: 0.1250, sse=239361.0, rms=0.754 (3.898%)
  maximum number of reductions reached, breaking from loop
positioning took 0.4 minutes


Writing output to ../surf/rh.white.preaparc
#ET# mris_place_surface  2.90 minutes
#VMPC# mris_place_surfaces VmPeak  3378320
mris_place_surface done
#--------------------------------------------
#@# CortexLabel rh Mon Mar  9 13:43:06 CET 2026
cd /out/sourcedata/freesurfer/sub-v1s21x0050424_ses-1/mri
mri_label2label --label-cortex ../surf/rh.white.preaparc aseg.presurf.mgz 0 ../label/rh.cortex.label

 Generating cortex label... RemoveHipAmgy=0
 NucAccIsMedialWall=0
 mris->useRealRAS=0
6 non-cortical segments detected
only using segment with 7934 vertices
erasing segment 1 (vno[0] = 50749)
erasing segment 2 (vno[0] = 67902)
erasing segment 3 (vno[0] = 72864)
erasing segment 4 (vno[0] = 76914)
erasing segment 5 (vno[0] = 107750)
#--------------------------------------------
#@# CortexLabel+HipAmyg rh Mon Mar  9 13:43:22 CET 2026
cd /out/sourcedata/freesurfer/sub-v1s21x0050424_ses-1/mri
mri_label2label --label-cortex ../surf/rh.white.preaparc aseg.presurf.mgz 1 ../label/rh.cortex+hipamyg.label

 Generating cortex label... RemoveHipAmgy=1
 NucAccIsMedialWall=0
 mris->useRealRAS=0
10 non-cortical segments detected
only using segment with 5786 vertices
erasing segment 1 (vno[0] = 48818)
erasing segment 2 (vno[0] = 50749)
erasing segment 3 (vno[0] = 50894)
erasing segment 4 (vno[0] = 67902)
erasing segment 5 (vno[0] = 72864)
erasing segment 6 (vno[0] = 76914)
erasing segment 7 (vno[0] = 82853)
erasing segment 8 (vno[0] = 84758)
erasing segment 9 (vno[0] = 107750)
#--------------------------------------------
#@# Smooth2 rh Mon Mar  9 13:43:37 CET 2026
/out/sourcedata/freesurfer/sub-v1s21x0050424_ses-1/scripts

 mris_smooth -n 3 -nw -seed 1234 ../surf/rh.white.preaparc ../surf/rh.smoothwm 

smoothing for 3 iterations
setting seed for random number generator to 1234
smoothing surface tessellation for 3 iterations...
smoothing complete - recomputing first and second fundamental forms...
#--------------------------------------------
#@# Inflation2 rh Mon Mar  9 13:43:40 CET 2026
/out/sourcedata/freesurfer/sub-v1s21x0050424_ses-1/scripts

 mris_inflate ../surf/rh.smoothwm ../surf/rh.inflated 

Reading ../surf/rh.smoothwm
avg radius = 47.3 mm, total surface area = 92352 mm^2
step 000: RMS=0.172 (target=0.015)   step 005: RMS=0.117 (target=0.015)   step 010: RMS=0.088 (target=0.015)   step 015: RMS=0.073 (target=0.015)   step 020: RMS=0.060 (target=0.015)   step 025: RMS=0.050 (target=0.015)   step 030: RMS=0.042 (target=0.015)   step 035: RMS=0.036 (target=0.015)   step 040: RMS=0.031 (target=0.015)   step 045: RMS=0.027 (target=0.015)   step 050: RMS=0.024 (target=0.015)   step 055: RMS=0.022 (target=0.015)   step 060: RMS=0.021 (target=0.015)   writing inflated surface to ../surf/rh.inflated
writing sulcal depths to ../surf/rh.sulc

inflation complete.
inflation took 0.2 minutes
mris_inflate utimesec    51.045675
mris_inflate stimesec    1.516779
mris_inflate ru_maxrss   229780
mris_inflate ru_ixrss    0
mris_inflate ru_idrss    0
mris_inflate ru_isrss    0
mris_inflate ru_minflt   560774
mris_inflate ru_majflt   6
mris_inflate ru_nswap    0
mris_inflate ru_inblock  0
mris_inflate ru_oublock  11720
mris_inflate ru_msgsnd   0
mris_inflate ru_msgrcv   0
mris_inflate ru_nsignals 0
mris_inflate ru_nvcsw    5184
mris_inflate ru_nivcsw   304
#--------------------------------------------
#@# Curv .H and .K rh Mon Mar  9 13:43:51 CET 2026
/out/sourcedata/freesurfer/sub-v1s21x0050424_ses-1/surf

 mris_curvature -w -seed 1234 rh.white.preaparc 

setting seed for random number generator to 1234
total integrated curvature = 28.591*4pi (359.285) --> -28 handles
ICI = 188.8, FI = 1634.7, variation=26482.688
writing Gaussian curvature to ./rh.white.preaparc.K...done.
writing mean curvature to ./rh.white.preaparc.H...done.
rm -f rh.white.H
ln -s rh.white.preaparc.H rh.white.H
rm -f rh.white.K
ln -s rh.white.preaparc.K rh.white.K

 mris_curvature -seed 1234 -thresh .999 -n -a 5 -w -distances 10 10 rh.inflated 

setting seed for random number generator to 1234
normalizing curvature values.
averaging curvature patterns 5 times.
sampling 10 neighbors out to a distance of 10 mm
191 vertices thresholded to be in k1 ~ [-1.03 0.41], k2 ~ [-0.18 0.14]
total integrated curvature = 0.373*4pi (4.690) --> 1 handles
ICI = 1.6, FI = 10.8, variation=184.827
163 vertices thresholded to be in [-0.03 0.05]
writing Gaussian curvature to ./rh.inflated.K...thresholding curvature at 99.90% level
curvature mean = 0.000, std = 0.002
136 vertices thresholded to be in [-0.39 0.21]
done.
writing mean curvature to ./rh.inflated.H...curvature mean = -0.015, std = 0.026
done.
#--------------------------------------------
#@# Sphere rh Mon Mar  9 13:44:40 CET 2026
/out/sourcedata/freesurfer/sub-v1s21x0050424_ses-1/scripts

 mris_sphere -seed 1234 ../surf/rh.inflated ../surf/rh.sphere 

setting seed for random number genererator to 1234
version: 7.3.2
available threads: 16
reading original vertex positions...
projecting onto sphere...
surface projected - minimizing metric distortion...
scaling brain by 0.288...
MRISunfold() max_passes = 1 -------
tol=5.0e-01, sigma=0.0, host=dna00, nav=1024, nbrs=2, l_area=1.000, l_dist=1.000
using quadratic fit line minimization
complete_dist_mat 0
rms 0
smooth_averages 0
remove_neg 0
ico_order 0
which_surface 0
target_radius 0.000000
nfields 0
scale 1.000000
desired_rms_height -1.000000
momentum 0.900000
nbhd_size 7
max_nbrs 8
niterations 25
nsurfaces 0
SURFACES 3
flags 0 (0)
use curv 0
no sulc 0
no rigid align 0
mris->nsize 2
mris->hemisphere 1
randomSeed 1234

singular matrix in quadratic form
singular matrix in quadratic form
singular matrix in quadratic form
--------------------
  mrisRemoveNegativeArea()
pass 1: epoch 1 of 3 starting distance error %19.85
pass 1: epoch 2 of 3 starting distance error %19.82
unfolding complete - removing small folds...
starting distance error %19.76
removing remaining folds...
final distance error %19.79
MRISunfold() return, current seed 1234
-01: dt=0.0000,  31 negative triangles  VmPeak 1756728
165: dt=0.9900,  31 negative triangles
166: dt=0.9900,  19 negative triangles
167: dt=0.9900,  24 negative triangles
168: dt=0.9900,  21 negative triangles
169: dt=0.9900,  23 negative triangles
170: dt=0.9900,  24 negative triangles
171: dt=0.9900,  22 negative triangles
172: dt=0.9900,  22 negative triangles
173: dt=0.9900,  21 negative triangles
174: dt=0.9900,  21 negative triangles
175: dt=0.9900,  21 negative triangles
176: dt=0.9405,  21 negative triangles
177: dt=0.9405,  20 negative triangles
178: dt=0.9405,  20 negative triangles
179: dt=0.9405,  19 negative triangles
180: dt=0.9405,  19 negative triangles
181: dt=0.9405,  19 negative triangles
182: dt=0.9405,  19 negative triangles
183: dt=0.9405,  19 negative triangles
184: dt=0.9405,  20 negative triangles
185: dt=0.9405,  20 negative triangles
186: dt=0.8935,  20 negative triangles
187: dt=0.8935,  19 negative triangles
188: dt=0.8935,  19 negative triangles
189: dt=0.8935,  19 negative triangles
190: dt=0.8935,  18 negative triangles
191: dt=0.8935,  18 negative triangles
192: dt=0.8935,  18 negative triangles
193: dt=0.8935,  18 negative triangles
194: dt=0.8935,  18 negative triangles
195: dt=0.8935,  18 negative triangles
196: dt=0.8935,  19 negative triangles
197: dt=0.8935,  19 negative triangles
198: dt=0.8935,  18 negative triangles
199: dt=0.8935,  18 negative triangles
200: dt=0.8488,  19 negative triangles
201: dt=0.8488,  19 negative triangles
202: dt=0.8488,  19 negative triangles
203: dt=0.8488,  18 negative triangles
204: dt=0.8488,  18 negative triangles
205: dt=0.8488,  19 negative triangles
206: dt=0.8488,  18 negative triangles
207: dt=0.8488,  18 negative triangles
208: dt=0.8488,  16 negative triangles
209: dt=0.8488,  19 negative triangles
210: dt=0.8488,  16 negative triangles
211: dt=0.8488,  19 negative triangles
212: dt=0.8488,  18 negative triangles
213: dt=0.8488,  16 negative triangles
214: dt=0.8488,  16 negative triangles
215: dt=0.8488,  17 negative triangles
216: dt=0.8488,  18 negative triangles
217: dt=0.8488,  18 negative triangles
218: dt=0.8064,  19 negative triangles
219: dt=0.8064,  16 negative triangles
220: dt=0.8064,  17 negative triangles
221: dt=0.8064,  15 negative triangles
222: dt=0.8064,  19 negative triangles
223: dt=0.8064,  18 negative triangles
224: dt=0.8064,  16 negative triangles
225: dt=0.8064,  18 negative triangles
226: dt=0.8064,  17 negative triangles
227: dt=0.8064,  15 negative triangles
228: dt=0.8064,  17 negative triangles
229: dt=0.8064,  16 negative triangles
230: dt=0.8064,  17 negative triangles
231: dt=0.7660,  18 negative triangles
232: dt=0.7660,  15 negative triangles
233: dt=0.7660,  18 negative triangles
234: dt=0.7660,  14 negative triangles
235: dt=0.7660,  17 negative triangles
236: dt=0.7660,  16 negative triangles
237: dt=0.7660,  16 negative triangles
238: dt=0.7660,  15 negative triangles
239: dt=0.7660,  15 negative triangles
240: dt=0.7660,  17 negative triangles
241: dt=0.7660,  16 negative triangles
242: dt=0.7660,  15 negative triangles
243: dt=0.7660,  14 negative triangles
244: dt=0.7277,  17 negative triangles
245: dt=0.7277,  16 negative triangles
246: dt=0.7277,  16 negative triangles
247: dt=0.7277,  15 negative triangles
248: dt=0.7277,  17 negative triangles
249: dt=0.7277,  16 negative triangles
250: dt=0.7277,  15 negative triangles
251: dt=0.7277,  16 negative triangles
252: dt=0.7277,  16 negative triangles
253: dt=0.7277,  17 negative triangles
254: dt=0.6914,  16 negative triangles
255: dt=0.6914,  15 negative triangles
256: dt=0.6914,  14 negative triangles
257: dt=0.6914,  17 negative triangles
258: dt=0.6914,  15 negative triangles
259: dt=0.6914,  17 negative triangles
260: dt=0.6914,  14 negative triangles
261: dt=0.6914,  16 negative triangles
262: dt=0.6914,  17 negative triangles
263: dt=0.6914,  16 negative triangles
264: dt=0.6568,  16 negative triangles
265: dt=0.6568,  15 negative triangles
266: dt=0.6568,  14 negative triangles
267: dt=0.6568,  16 negative triangles
268: dt=0.6568,  16 negative triangles
269: dt=0.6568,  16 negative triangles
270: dt=0.6568,  15 negative triangles
271: dt=0.6568,  14 negative triangles
272: dt=0.6568,  17 negative triangles
273: dt=0.6568,  16 negative triangles
274: dt=0.6568,  13 negative triangles
275: dt=0.6568,  15 negative triangles
276: dt=0.6568,  13 negative triangles
277: dt=0.6568,  14 negative triangles
278: dt=0.6568,  15 negative triangles
279: dt=0.6568,  17 negative triangles
280: dt=0.6568,  15 negative triangles
281: dt=0.6568,  13 negative triangles
282: dt=0.6568,  14 negative triangles
283: dt=0.6568,  14 negative triangles
284: dt=0.6239,  15 negative triangles
285: dt=0.6239,  17 negative triangles
286: dt=0.6239,  14 negative triangles
287: dt=0.6239,  13 negative triangles
288: dt=0.6239,  14 negative triangles
289: dt=0.6239,  14 negative triangles
290: dt=0.6239,  15 negative triangles
291: dt=0.6239,  15 negative triangles
292: dt=0.6239,  16 negative triangles
293: dt=0.6239,  16 negative triangles
294: dt=0.5927,  13 negative triangles
295: dt=0.5927,  13 negative triangles
296: dt=0.5927,  17 negative triangles
297: dt=0.5927,  17 negative triangles
298: dt=0.5927,  16 negative triangles
299: dt=0.5927,  14 negative triangles
300: dt=0.5927,  16 negative triangles
301: dt=0.5927,  17 negative triangles
302: dt=0.5927,  15 negative triangles
303: dt=0.5927,  15 negative triangles
304: dt=0.5631,  14 negative triangles
305: dt=0.5631,  13 negative triangles
306: dt=0.5631,  16 negative triangles
307: dt=0.5631,  13 negative triangles
308: dt=0.5631,  16 negative triangles
309: dt=0.5631,  15 negative triangles
310: dt=0.5631,  18 negative triangles
311: dt=0.5631,  15 negative triangles
312: dt=0.5631,  15 negative triangles
313: dt=0.5631,  14 negative triangles
314: dt=0.5350,  14 negative triangles
315: dt=0.5350,  15 negative triangles
316: dt=0.5350,  15 negative triangles
317: dt=0.5350,  15 negative triangles
318: dt=0.5350,  14 negative triangles
319: dt=0.5350,  16 negative triangles
320: dt=0.5350,  15 negative triangles
321: dt=0.5350,  17 negative triangles
322: dt=0.5350,  16 negative triangles
323: dt=0.5350,  14 negative triangles
324: dt=0.5082,  14 negative triangles
expanding nbhd size to 1
325: dt=0.9900,  13 negative triangles
326: dt=0.9900,  14 negative triangles
327: dt=0.9900,  17 negative triangles
328: dt=0.9900,  15 negative triangles
329: dt=0.9900,  16 negative triangles
330: dt=0.9900,  18 negative triangles
331: dt=0.9900,  19 negative triangles
332: dt=0.9900,  16 negative triangles
333: dt=0.9900,  17 negative triangles
334: dt=0.9405,  17 negative triangles
335: dt=0.9405,  17 negative triangles
336: dt=0.9405,  17 negative triangles
337: dt=0.9405,  18 negative triangles
338: dt=0.9405,  18 negative triangles
339: dt=0.9405,  18 negative triangles
340: dt=0.9405,  18 negative triangles
341: dt=0.9405,  18 negative triangles
342: dt=0.9405,  18 negative triangles
343: dt=0.9405,  18 negative triangles
344: dt=0.8935,  17 negative triangles
345: dt=0.8935,  17 negative triangles
346: dt=0.8935,  17 negative triangles
347: dt=0.8935,  17 negative triangles
348: dt=0.8935,  17 negative triangles
349: dt=0.8935,  18 negative triangles
350: dt=0.8935,  16 negative triangles
351: dt=0.8935,  14 negative triangles
352: dt=0.8935,  15 negative triangles
353: dt=0.8935,  15 negative triangles
354: dt=0.8488,  16 negative triangles
355: dt=0.8488,  16 negative triangles
356: dt=0.8488,  16 negative triangles
357: dt=0.8488,  16 negative triangles
358: dt=0.8488,  15 negative triangles
359: dt=0.8488,  14 negative triangles
360: dt=0.8488,  16 negative triangles
361: dt=0.8488,  15 negative triangles
362: dt=0.8488,  17 negative triangles
363: dt=0.8488,  14 negative triangles
364: dt=0.8064,  14 negative triangles
365: dt=0.8064,  17 negative triangles
366: dt=0.8064,  16 negative triangles
367: dt=0.8064,  16 negative triangles
368: dt=0.8064,  15 negative triangles
369: dt=0.8064,  15 negative triangles
370: dt=0.8064,  17 negative triangles
371: dt=0.8064,  15 negative triangles
372: dt=0.8064,  15 negative triangles
373: dt=0.8064,  16 negative triangles
374: dt=0.7660,  14 negative triangles
375: dt=0.7660,  14 negative triangles
376: dt=0.7660,  15 negative triangles
377: dt=0.7660,  17 negative triangles
378: dt=0.7660,  15 negative triangles
379: dt=0.7660,  15 negative triangles
380: dt=0.7660,  15 negative triangles
381: dt=0.7660,  15 negative triangles
382: dt=0.7660,  16 negative triangles
383: dt=0.7660,  16 negative triangles
384: dt=0.7277,  16 negative triangles
385: dt=0.7277,  16 negative triangles
386: dt=0.7277,  14 negative triangles
387: dt=0.7277,  16 negative triangles
388: dt=0.7277,  16 negative triangles
389: dt=0.7277,  15 negative triangles
390: dt=0.7277,  14 negative triangles
391: dt=0.7277,  15 negative triangles
392: dt=0.7277,  15 negative triangles
393: dt=0.7277,  13 negative triangles
394: dt=0.6914,  14 negative triangles
395: dt=0.6914,  15 negative triangles
396: dt=0.6914,  12 negative triangles
397: dt=0.6914,  14 negative triangles
398: dt=0.6914,  13 negative triangles
399: dt=0.6914,  13 negative triangles
400: dt=0.6914,  14 negative triangles
401: dt=0.6914,  12 negative triangles
402: dt=0.6914,  14 negative triangles
403: dt=0.6914,  13 negative triangles
404: dt=0.6914,  13 negative triangles
405: dt=0.6914,  13 negative triangles
406: dt=0.6568,  14 negative triangles
407: dt=0.6568,  14 negative triangles
408: dt=0.6568,  13 negative triangles
409: dt=0.6568,  12 negative triangles
410: dt=0.6568,  13 negative triangles
411: dt=0.6568,  12 negative triangles
412: dt=0.6568,  11 negative triangles
413: dt=0.6568,  12 negative triangles
414: dt=0.6568,  12 negative triangles
415: dt=0.6568,  12 negative triangles
416: dt=0.6568,  13 negative triangles
417: dt=0.6568,  14 negative triangles
418: dt=0.6568,  14 negative triangles
419: dt=0.6568,  11 negative triangles
420: dt=0.6568,  12 negative triangles
421: dt=0.6568,  12 negative triangles
422: dt=0.6239,  14 negative triangles
423: dt=0.6239,  14 negative triangles
424: dt=0.6239,  13 negative triangles
425: dt=0.6239,  12 negative triangles
426: dt=0.6239,  14 negative triangles
427: dt=0.6239,  12 negative triangles
428: dt=0.6239,  14 negative triangles
429: dt=0.6239,  14 negative triangles
430: dt=0.6239,  13 negative triangles
431: dt=0.6239,  14 negative triangles
432: dt=0.5927,  12 negative triangles
433: dt=0.5927,  11 negative triangles
434: dt=0.5927,  12 negative triangles
435: dt=0.5927,  13 negative triangles
436: dt=0.5927,  13 negative triangles
437: dt=0.5927,  14 negative triangles
438: dt=0.5927,  12 negative triangles
439: dt=0.5927,  12 negative triangles
440: dt=0.5927,  12 negative triangles
441: dt=0.5927,  11 negative triangles
442: dt=0.5631,  12 negative triangles
443: dt=0.5631,  11 negative triangles
444: dt=0.5631,  12 negative triangles
445: dt=0.5631,  10 negative triangles
446: dt=0.5631,  11 negative triangles
447: dt=0.5631,  11 negative triangles
448: dt=0.5631,   9 negative triangles
449: dt=0.5631,  13 negative triangles
450: dt=0.5631,  11 negative triangles
451: dt=0.5631,  11 negative triangles
452: dt=0.5631,   9 negative triangles
453: dt=0.5631,   9 negative triangles
454: dt=0.5631,  10 negative triangles
455: dt=0.5631,  10 negative triangles
456: dt=0.5631,  10 negative triangles
457: dt=0.5631,  11 negative triangles
458: dt=0.5350,  12 negative triangles
459: dt=0.5350,  11 negative triangles
460: dt=0.5350,  10 negative triangles
461: dt=0.5350,   9 negative triangles
462: dt=0.5350,   9 negative triangles
463: dt=0.5350,  10 negative triangles
464: dt=0.5350,   9 negative triangles
465: dt=0.5350,  12 negative triangles
466: dt=0.5350,  13 negative triangles
467: dt=0.5350,  10 negative triangles
468: dt=0.5082,  11 negative triangles
469: dt=0.5082,  12 negative triangles
470: dt=0.5082,  10 negative triangles
471: dt=0.5082,  11 negative triangles
472: dt=0.5082,  12 negative triangles
473: dt=0.5082,  10 negative triangles
474: dt=0.5082,  11 negative triangles
475: dt=0.5082,  10 negative triangles
476: dt=0.5082,  13 negative triangles
477: dt=0.5082,  10 negative triangles
478: dt=0.4828,  10 negative triangles
479: dt=0.4828,  12 negative triangles
480: dt=0.4828,   9 negative triangles
481: dt=0.4828,  11 negative triangles
482: dt=0.4828,  11 negative triangles
483: dt=0.4828,  11 negative triangles
484: dt=0.4828,  10 negative triangles
485: dt=0.4828,  11 negative triangles
486: dt=0.4828,   9 negative triangles
487: dt=0.4828,  12 negative triangles
488: dt=0.4587,  11 negative triangles
489: dt=0.4587,   9 negative triangles
490: dt=0.4587,   9 negative triangles
491: dt=0.4587,  11 negative triangles
492: dt=0.4587,  10 negative triangles
493: dt=0.4587,  11 negative triangles
494: dt=0.4587,  11 negative triangles
495: dt=0.4587,  11 negative triangles
496: dt=0.4587,  11 negative triangles
497: dt=0.4587,  11 negative triangles
498: dt=0.4357,  12 negative triangles
499: dt=0.4357,   9 negative triangles
500: dt=0.4357,  10 negative triangles
501: dt=0.4357,  12 negative triangles
502: dt=0.4357,  10 negative triangles
503: dt=0.4357,  11 negative triangles
504: dt=0.4357,  10 negative triangles
505: dt=0.4357,  11 negative triangles
506: dt=0.4357,  11 negative triangles
507: dt=0.4357,  10 negative triangles
508: dt=0.4139,  11 negative triangles
509: dt=0.4139,  10 negative triangles
510: dt=0.4139,  11 negative triangles
511: dt=0.4139,  12 negative triangles
512: dt=0.4139,  12 negative triangles
513: dt=0.4139,  10 negative triangles
514: dt=0.4139,  12 negative triangles
515: dt=0.4139,  10 negative triangles
516: dt=0.4139,   9 negative triangles
517: dt=0.4139,   9 negative triangles
518: dt=0.3932,   9 negative triangles
519: dt=0.3932,  11 negative triangles
520: dt=0.3932,  13 negative triangles
521: dt=0.3932,  11 negative triangles
522: dt=0.3932,  11 negative triangles
523: dt=0.3932,  10 negative triangles
524: dt=0.3932,  11 negative triangles
525: dt=0.3932,   9 negative triangles
526: dt=0.3932,  10 negative triangles
527: dt=0.3932,  11 negative triangles
528: dt=0.3736,  11 negative triangles
529: dt=0.3736,   9 negative triangles
530: dt=0.3736,  10 negative triangles
531: dt=0.3736,   9 negative triangles
532: dt=0.3736,  12 negative triangles
533: dt=0.3736,  12 negative triangles
534: dt=0.3736,   9 negative triangles
535: dt=0.3736,  11 negative triangles
536: dt=0.3736,  12 negative triangles
537: dt=0.3736,  11 negative triangles
538: dt=0.3549,   9 negative triangles
539: dt=0.3549,  12 negative triangles
540: dt=0.3549,  10 negative triangles
541: dt=0.3549,  12 negative triangles
542: dt=0.3549,  11 negative triangles
543: dt=0.3549,  11 negative triangles
544: dt=0.3549,   9 negative triangles
545: dt=0.3549,   9 negative triangles
546: dt=0.3549,   9 negative triangles
547: dt=0.3549,   9 negative triangles
548: dt=0.3372,   9 negative triangles
549: dt=0.3372,  11 negative triangles
550: dt=0.3372,  13 negative triangles
551: dt=0.3372,  11 negative triangles
552: dt=0.3372,   9 negative triangles
553: dt=0.3372,  11 negative triangles
554: dt=0.3372,  11 negative triangles
555: dt=0.3372,  11 negative triangles
556: dt=0.3372,  11 negative triangles
557: dt=0.3372,  11 negative triangles
558: dt=0.3203,  10 negative triangles
559: dt=0.3203,  11 negative triangles
560: dt=0.3203,  11 negative triangles
561: dt=0.3203,   9 negative triangles
562: dt=0.3203,  10 negative triangles
563: dt=0.3203,  10 negative triangles
564: dt=0.3203,  10 negative triangles
565: dt=0.3203,   9 negative triangles
566: dt=0.3203,   9 negative triangles
567: dt=0.3203,   9 negative triangles
568: dt=0.3043,  10 negative triangles
569: dt=0.3043,  11 negative triangles
570: dt=0.3043,  12 negative triangles
571: dt=0.3043,  12 negative triangles
572: dt=0.3043,  12 negative triangles
573: dt=0.3043,  11 negative triangles
574: dt=0.3043,  13 negative triangles
575: dt=0.3043,  14 negative triangles
576: dt=0.3043,  11 negative triangles
577: dt=0.3043,  12 negative triangles
578: dt=0.2891,  11 negative triangles
579: dt=0.2891,  11 negative triangles
580: dt=0.2891,  11 negative triangles
581: dt=0.2891,  11 negative triangles
582: dt=0.2891,  11 negative triangles
583: dt=0.2891,  11 negative triangles
584: dt=0.2891,  10 negative triangles
585: dt=0.2891,  11 negative triangles
586: dt=0.2891,   9 negative triangles
587: dt=0.2891,   9 negative triangles
588: dt=0.2746,  10 negative triangles
589: dt=0.2746,   9 negative triangles
590: dt=0.2746,  11 negative triangles
591: dt=0.2746,  10 negative triangles
592: dt=0.2746,  10 negative triangles
593: dt=0.2746,  10 negative triangles
594: dt=0.2746,  10 negative triangles
595: dt=0.2746,  10 negative triangles
596: dt=0.2746,  11 negative triangles
597: dt=0.2746,  10 negative triangles
598: dt=0.2609,   9 negative triangles
599: dt=0.2609,   9 negative triangles
600: dt=0.2609,  10 negative triangles
601: dt=0.2609,  11 negative triangles
602: dt=0.2609,  11 negative triangles
603: dt=0.2609,  11 negative triangles
604: dt=0.2609,  10 negative triangles
605: dt=0.2609,  10 negative triangles
606: dt=0.2609,  11 negative triangles
607: dt=0.2609,  11 negative triangles
608: dt=0.2478,  10 negative triangles
609: dt=0.2478,  12 negative triangles
610: dt=0.2478,  12 negative triangles
611: dt=0.2478,  13 negative triangles
612: dt=0.2478,  12 negative triangles
613: dt=0.2478,  13 negative triangles
614: dt=0.2478,  11 negative triangles
615: dt=0.2478,  13 negative triangles
616: dt=0.2478,  13 negative triangles
617: dt=0.2478,  12 negative triangles
618: dt=0.2354,  12 negative triangles
619: dt=0.2354,  12 negative triangles
620: dt=0.2354,  12 negative triangles
621: dt=0.2354,  12 negative triangles
622: dt=0.2354,   9 negative triangles
623: dt=0.2354,  13 negative triangles
624: dt=0.2354,  12 negative triangles
625: dt=0.2354,  12 negative triangles
626: dt=0.2354,  12 negative triangles
627: dt=0.2354,   9 negative triangles
628: dt=0.2237,  10 negative triangles
629: dt=0.2237,  11 negative triangles
630: dt=0.2237,  12 negative triangles
631: dt=0.2237,  11 negative triangles
632: dt=0.2237,  11 negative triangles
633: dt=0.2237,  10 negative triangles
634: dt=0.2237,  11 negative triangles
635: dt=0.2237,  12 negative triangles
636: dt=0.2237,  11 negative triangles
637: dt=0.2237,  10 negative triangles
638: dt=0.2125,   9 negative triangles
639: dt=0.2125,  10 negative triangles
640: dt=0.2125,  10 negative triangles
641: dt=0.2125,  11 negative triangles
642: dt=0.2125,  10 negative triangles
643: dt=0.2125,  10 negative triangles
644: dt=0.2125,   9 negative triangles
645: dt=0.2125,   9 negative triangles
646: dt=0.2125,  10 negative triangles
647: dt=0.2125,  10 negative triangles
648: dt=0.2019,  10 negative triangles
649: dt=0.2019,  11 negative triangles
650: dt=0.2019,  10 negative triangles
651: dt=0.2019,   9 negative triangles
652: dt=0.2019,   9 negative triangles
653: dt=0.2019,  10 negative triangles
654: dt=0.2019,  10 negative triangles
655: dt=0.2019,  10 negative triangles
656: dt=0.2019,  10 negative triangles
657: dt=0.2019,  11 negative triangles
658: dt=0.1918,  11 negative triangles
659: dt=0.1918,  11 negative triangles
660: dt=0.1918,  11 negative triangles
661: dt=0.1918,  10 negative triangles
662: dt=0.1918,  10 negative triangles
663: dt=0.1918,  10 negative triangles
664: dt=0.1918,  10 negative triangles
665: dt=0.1918,  10 negative triangles
666: dt=0.1918,  10 negative triangles
667: dt=0.1918,  11 negative triangles
668: dt=0.1822,  10 negative triangles
669: dt=0.1822,  10 negative triangles
670: dt=0.1822,  11 negative triangles
671: dt=0.1822,  12 negative triangles
672: dt=0.1822,  11 negative triangles
673: dt=0.1822,  10 negative triangles
674: dt=0.1822,  11 negative triangles
675: dt=0.1822,  10 negative triangles
676: dt=0.1822,  10 negative triangles
677: dt=0.1822,   9 negative triangles
678: dt=0.1731,   9 negative triangles
679: dt=0.1731,  10 negative triangles
680: dt=0.1731,  10 negative triangles
681: dt=0.1731,   9 negative triangles
682: dt=0.1731,  10 negative triangles
683: dt=0.1731,  12 negative triangles
684: dt=0.1731,  10 negative triangles
685: dt=0.1731,   9 negative triangles
686: dt=0.1731,  11 negative triangles
687: dt=0.1731,  10 negative triangles
688: dt=0.1644,  12 negative triangles
689: dt=0.1644,  11 negative triangles
690: dt=0.1644,  11 negative triangles
691: dt=0.1644,  10 negative triangles
692: dt=0.1644,  11 negative triangles
693: dt=0.1644,  10 negative triangles
694: dt=0.1644,  11 negative triangles
695: dt=0.1644,  10 negative triangles
696: dt=0.1644,  11 negative triangles
697: dt=0.1644,  10 negative triangles
698: dt=0.1562,  11 negative triangles
699: dt=0.1562,  11 negative triangles
700: dt=0.1562,  11 negative triangles
701: dt=0.1562,  11 negative triangles
702: dt=0.1562,  11 negative triangles
703: dt=0.1562,  11 negative triangles
704: dt=0.1562,  12 negative triangles
705: dt=0.1562,  12 negative triangles
706: dt=0.1562,  11 negative triangles
707: dt=0.1562,  12 negative triangles
708: dt=0.1484,  11 negative triangles
709: dt=0.1484,  11 negative triangles
710: dt=0.1484,  11 negative triangles
711: dt=0.1484,  10 negative triangles
712: dt=0.1484,  10 negative triangles
713: dt=0.1484,   9 negative triangles
714: dt=0.1484,   9 negative triangles
715: dt=0.1484,   9 negative triangles
716: dt=0.1484,  10 negative triangles
717: dt=0.1484,  10 negative triangles
718: dt=0.1410,  12 negative triangles
719: dt=0.1410,  12 negative triangles
720: dt=0.1410,  12 negative triangles
721: dt=0.1410,  13 negative triangles
722: dt=0.1410,  11 negative triangles
723: dt=0.1410,  11 negative triangles
724: dt=0.1410,  12 negative triangles
725: dt=0.1410,  10 negative triangles
726: dt=0.1410,  10 negative triangles
727: dt=0.1410,  12 negative triangles
728: dt=0.1339,  12 negative triangles
729: dt=0.1339,  11 negative triangles
730: dt=0.1339,  10 negative triangles
731: dt=0.1339,  11 negative triangles
732: dt=0.1339,  10 negative triangles
733: dt=0.1339,   9 negative triangles
734: dt=0.1339,   9 negative triangles
735: dt=0.1339,  10 negative triangles
736: dt=0.1339,   9 negative triangles
737: dt=0.1339,  10 negative triangles
738: dt=0.1272,  11 negative triangles
739: dt=0.1272,   9 negative triangles
740: dt=0.1272,   9 negative triangles
741: dt=0.1272,   9 negative triangles
742: dt=0.1272,  10 negative triangles
743: dt=0.1272,  12 negative triangles
744: dt=0.1272,  12 negative triangles
745: dt=0.1272,  12 negative triangles
746: dt=0.1272,  12 negative triangles
747: dt=0.1272,  12 negative triangles
748: dt=0.1209,  12 negative triangles
749: dt=0.1209,  12 negative triangles
750: dt=0.1209,  10 negative triangles
751: dt=0.1209,   9 negative triangles
752: dt=0.1209,  10 negative triangles
753: dt=0.1209,   9 negative triangles
754: dt=0.1209,   9 negative triangles
755: dt=0.1209,   9 negative triangles
756: dt=0.1209,  10 negative triangles
757: dt=0.1209,  11 negative triangles
758: dt=0.1148,   9 negative triangles
759: dt=0.1148,  12 negative triangles
760: dt=0.1148,  10 negative triangles
761: dt=0.1148,  11 negative triangles
762: dt=0.1148,  11 negative triangles
763: dt=0.1148,  10 negative triangles
764: dt=0.1148,  10 negative triangles
765: dt=0.1148,  11 negative triangles
766: dt=0.1148,  10 negative triangles
767: dt=0.1148,  10 negative triangles
768: dt=0.1091,  10 negative triangles
769: dt=0.1091,  10 negative triangles
770: dt=0.1091,  11 negative triangles
771: dt=0.1091,  12 negative triangles
772: dt=0.1091,  10 negative triangles
773: dt=0.1091,  12 negative triangles
774: dt=0.1091,  11 negative triangles
775: dt=0.1091,  12 negative triangles
776: dt=0.1091,  12 negative triangles
777: dt=0.1091,  13 negative triangles
778: dt=0.1036,  13 negative triangles
779: dt=0.1036,  13 negative triangles
780: dt=0.1036,  11 negative triangles
781: dt=0.1036,  11 negative triangles
782: dt=0.1036,  11 negative triangles
783: dt=0.1036,  11 negative triangles
784: dt=0.1036,  11 negative triangles
785: dt=0.1036,  11 negative triangles
786: dt=0.1036,  12 negative triangles
787: dt=0.1036,  12 negative triangles
788: dt=0.0984,  10 negative triangles
789: dt=0.0984,  10 negative triangles
790: dt=0.0984,  11 negative triangles
791: dt=0.0984,  10 negative triangles
792: dt=0.0984,  11 negative triangles
793: dt=0.0984,  10 negative triangles
794: dt=0.0984,  11 negative triangles
795: dt=0.0984,  10 negative triangles
796: dt=0.0984,  11 negative triangles
797: dt=0.0984,  12 negative triangles
798: dt=0.0935,  11 negative triangles
799: dt=0.0935,  11 negative triangles
800: dt=0.0935,  11 negative triangles
801: dt=0.0935,  11 negative triangles
802: dt=0.0935,  11 negative triangles
803: dt=0.0935,  11 negative triangles
804: dt=0.0935,  11 negative triangles
805: dt=0.0935,  11 negative triangles
806: dt=0.0935,  11 negative triangles
807: dt=0.0935,  11 negative triangles
808: dt=0.0888,  11 negative triangles
809: dt=0.0888,  12 negative triangles
810: dt=0.0888,  12 negative triangles
811: dt=0.0888,  14 negative triangles
812: dt=0.0888,  13 negative triangles
813: dt=0.0888,  13 negative triangles
814: dt=0.0888,  13 negative triangles
815: dt=0.0888,  14 negative triangles
816: dt=0.0888,  15 negative triangles
817: dt=0.0888,  12 negative triangles
818: dt=0.0844,  12 negative triangles
819: dt=0.0844,  13 negative triangles
820: dt=0.0844,  11 negative triangles
821: dt=0.0844,  12 negative triangles
822: dt=0.0844,  11 negative triangles
823: dt=0.0844,  12 negative triangles
824: dt=0.0844,  12 negative triangles
825: dt=0.0844,  10 negative triangles
826: dt=0.0844,  10 negative triangles
827: dt=0.0844,  11 negative triangles
828: dt=0.0802,  11 negative triangles
829: dt=0.0802,  10 negative triangles
830: dt=0.0802,  11 negative triangles
831: dt=0.0802,  11 negative triangles
832: dt=0.0802,  10 negative triangles
833: dt=0.0802,   9 negative triangles
834: dt=0.0802,   9 negative triangles
835: dt=0.0802,  10 negative triangles
836: dt=0.0802,   9 negative triangles
837: dt=0.0802,  10 negative triangles
838: dt=0.0762,   9 negative triangles
839: dt=0.0762,   9 negative triangles
840: dt=0.0762,   9 negative triangles
841: dt=0.0762,  10 negative triangles
842: dt=0.0762,  11 negative triangles
843: dt=0.0762,  13 negative triangles
844: dt=0.0762,  12 negative triangles
845: dt=0.0762,  12 negative triangles
846: dt=0.0762,  12 negative triangles
847: dt=0.0762,  12 negative triangles
848: dt=0.0724,  12 negative triangles
849: dt=0.0724,  12 negative triangles
850: dt=0.0724,  11 negative triangles
851: dt=0.0724,  11 negative triangles
852: dt=0.0724,  11 negative triangles
853: dt=0.0724,  12 negative triangles
854: dt=0.0724,  12 negative triangles
855: dt=0.0724,  11 negative triangles
856: dt=0.0724,  12 negative triangles
857: dt=0.0724,  12 negative triangles
858: dt=0.0687,  12 negative triangles
859: dt=0.0687,  12 negative triangles
860: dt=0.0687,  13 negative triangles
861: dt=0.0687,  13 negative triangles
862: dt=0.0687,  12 negative triangles
863: dt=0.0687,  12 negative triangles
864: dt=0.0687,  11 negative triangles
865: dt=0.0687,  11 negative triangles
866: dt=0.0687,  11 negative triangles
867: dt=0.0687,  11 negative triangles
868: dt=0.0653,  11 negative triangles
869: dt=0.0653,  11 negative triangles
870: dt=0.0653,  11 negative triangles
871: dt=0.0653,  10 negative triangles
872: dt=0.0653,  10 negative triangles
873: dt=0.0653,   9 negative triangles
874: dt=0.0653,  10 negative triangles
875: dt=0.0653,  11 negative triangles
876: dt=0.0653,  14 negative triangles
877: dt=0.0653,  13 negative triangles
878: dt=0.0620,  14 negative triangles
879: dt=0.0620,  13 negative triangles
880: dt=0.0620,  13 negative triangles
881: dt=0.0620,  13 negative triangles
882: dt=0.0620,  12 negative triangles
883: dt=0.0620,  13 negative triangles
884: dt=0.0620,  12 negative triangles
885: dt=0.0620,  12 negative triangles
886: dt=0.0620,  12 negative triangles
887: dt=0.0620,  14 negative triangles
888: dt=0.0589,  13 negative triangles
889: dt=0.0589,  13 negative triangles
890: dt=0.0589,  13 negative triangles
891: dt=0.0589,  13 negative triangles
892: dt=0.0589,  13 negative triangles
893: dt=0.0589,  13 negative triangles
894: dt=0.0589,  13 negative triangles
895: dt=0.0589,  12 negative triangles
896: dt=0.0589,  11 negative triangles
897: dt=0.0589,  11 negative triangles
898: dt=0.0560,  12 negative triangles
899: dt=0.0560,  10 negative triangles
900: dt=0.0560,   9 negative triangles
901: dt=0.0560,  10 negative triangles
902: dt=0.0560,  10 negative triangles
903: dt=0.0560,   9 negative triangles
904: dt=0.0560,   9 negative triangles
905: dt=0.0560,  11 negative triangles
906: dt=0.0560,  11 negative triangles
907: dt=0.0560,  11 negative triangles
908: dt=0.0532,  10 negative triangles
909: dt=0.0532,  10 negative triangles
910: dt=0.0532,   9 negative triangles
911: dt=0.0532,  11 negative triangles
912: dt=0.0532,  10 negative triangles
913: dt=0.0532,  10 negative triangles
914: dt=0.0532,  10 negative triangles
915: dt=0.0532,  10 negative triangles
916: dt=0.0532,  10 negative triangles
917: dt=0.0532,  10 negative triangles
918: dt=0.0505,  10 negative triangles
919: dt=0.0505,  10 negative triangles
920: dt=0.0505,  10 negative triangles
921: dt=0.0505,  10 negative triangles
922: dt=0.0505,  10 negative triangles
923: dt=0.0505,   9 negative triangles
924: dt=0.0505,   9 negative triangles
925: dt=0.0505,  10 negative triangles
926: dt=0.0505,  11 negative triangles
927: dt=0.0505,  10 negative triangles
928: dt=0.0480,  12 negative triangles
929: dt=0.0480,  11 negative triangles
930: dt=0.0480,  10 negative triangles
931: dt=0.0480,  10 negative triangles
932: dt=0.0480,  10 negative triangles
933: dt=0.0480,  10 negative triangles
934: dt=0.0480,  10 negative triangles
935: dt=0.0480,  10 negative triangles
936: dt=0.0480,  10 negative triangles
937: dt=0.0480,  10 negative triangles
938: dt=0.0456,  11 negative triangles
939: dt=0.0456,  11 negative triangles
940: dt=0.0456,  11 negative triangles
941: dt=0.0456,  11 negative triangles
942: dt=0.0456,  11 negative triangles
943: dt=0.0456,  11 negative triangles
944: dt=0.0456,  11 negative triangles
945: dt=0.0456,  11 negative triangles
946: dt=0.0456,  11 negative triangles
947: dt=0.0456,  10 negative triangles
948: dt=0.0433,  10 negative triangles
949: dt=0.0433,  11 negative triangles
950: dt=0.0433,  11 negative triangles
951: dt=0.0433,  11 negative triangles
952: dt=0.0433,  10 negative triangles
953: dt=0.0433,  10 negative triangles
954: dt=0.0433,  11 negative triangles
955: dt=0.0433,  10 negative triangles
956: dt=0.0433,  10 negative triangles
957: dt=0.0433,  10 negative triangles
958: dt=0.0412,  12 negative triangles
959: dt=0.0412,  12 negative triangles
960: dt=0.0412,  13 negative triangles
961: dt=0.0412,  13 negative triangles
962: dt=0.0412,  13 negative triangles
963: dt=0.0412,  11 negative triangles
964: dt=0.0412,  11 negative triangles
965: dt=0.0412,  11 negative triangles
966: dt=0.0412,  11 negative triangles
967: dt=0.0412,  13 negative triangles
968: dt=0.0391,  12 negative triangles
969: dt=0.0391,  12 negative triangles
970: dt=0.0391,  11 negative triangles
971: dt=0.0391,  11 negative triangles
972: dt=0.0391,  10 negative triangles
973: dt=0.0391,  11 negative triangles
974: dt=0.0391,  11 negative triangles
975: dt=0.0391,  11 negative triangles
976: dt=0.0391,  11 negative triangles
977: dt=0.0391,  11 negative triangles
978: dt=0.0371,  12 negative triangles
979: dt=0.0371,  12 negative triangles
980: dt=0.0371,  11 negative triangles
981: dt=0.0371,  12 negative triangles
982: dt=0.0371,  12 negative triangles
983: dt=0.0371,  12 negative triangles
984: dt=0.0371,  10 negative triangles
985: dt=0.0371,  11 negative triangles
986: dt=0.0371,  11 negative triangles
987: dt=0.0371,  11 negative triangles
988: dt=0.0353,  10 negative triangles
989: dt=0.0353,  11 negative triangles
990: dt=0.0353,  11 negative triangles
991: dt=0.0353,  11 negative triangles
992: dt=0.0353,  10 negative triangles
993: dt=0.0353,  11 negative triangles
994: dt=0.0353,  11 negative triangles
995: dt=0.0353,  11 negative triangles
996: dt=0.0353,  12 negative triangles
997: dt=0.0353,  12 negative triangles
998: dt=0.0335,  12 negative triangles
999: dt=0.0335,  12 negative triangles
1000: dt=0.0335,  12 negative triangles
1001: dt=0.0335,  12 negative triangles
1002: dt=0.0335,  12 negative triangles
1003: dt=0.0335,  12 negative triangles
1004: dt=0.0335,  10 negative triangles
1005: dt=0.0335,  11 negative triangles
1006: dt=0.0335,  11 negative triangles
1007: dt=0.0335,  11 negative triangles
1008: dt=0.0319,  10 negative triangles
1009: dt=0.0319,  11 negative triangles
1010: dt=0.0319,  11 negative triangles
1011: dt=0.0319,  12 negative triangles
1012: dt=0.0319,  10 negative triangles
1013: dt=0.0319,  10 negative triangles
1014: dt=0.0319,  11 negative triangles
1015: dt=0.0319,  11 negative triangles
1016: dt=0.0319,  10 negative triangles
1017: dt=0.0319,  11 negative triangles
1018: dt=0.0303,  11 negative triangles
1019: dt=0.0303,  11 negative triangles
1020: dt=0.0303,  11 negative triangles
1021: dt=0.0303,  11 negative triangles
1022: dt=0.0303,  12 negative triangles
1023: dt=0.0303,  12 negative triangles
1024: dt=0.0303,  12 negative triangles
1025: dt=0.0303,  12 negative triangles
1026: dt=0.0303,  11 negative triangles
1027: dt=0.0303,  12 negative triangles
1028: dt=0.0287,  12 negative triangles
1029: dt=0.0287,  11 negative triangles
1030: dt=0.0287,  11 negative triangles
1031: dt=0.0287,  11 negative triangles
1032: dt=0.0287,  11 negative triangles
1033: dt=0.0287,  10 negative triangles
1034: dt=0.0287,  11 negative triangles
1035: dt=0.0287,   9 negative triangles
1036: dt=0.0287,  10 negative triangles
1037: dt=0.0287,  10 negative triangles
1038: dt=0.0273,  11 negative triangles
1039: dt=0.0273,  11 negative triangles
1040: dt=0.0273,  11 negative triangles
1041: dt=0.0273,  11 negative triangles
1042: dt=0.0273,  10 negative triangles
1043: dt=0.0273,   9 negative triangles
1044: dt=0.0273,  10 negative triangles
1045: dt=0.0273,  10 negative triangles
1046: dt=0.0273,  11 negative triangles
1047: dt=0.0273,  11 negative triangles
1048: dt=0.0259,  10 negative triangles
1049: dt=0.0259,   9 negative triangles
1050: dt=0.0259,  11 negative triangles
1051: dt=0.0259,  11 negative triangles
1052: dt=0.0259,  12 negative triangles
1053: dt=0.0259,  12 negative triangles
1054: dt=0.0259,  11 negative triangles
1055: dt=0.0259,  10 negative triangles
1056: dt=0.0259,  11 negative triangles
1057: dt=0.0259,  11 negative triangles
1058: dt=0.0246,  12 negative triangles
1059: dt=0.0246,  12 negative triangles
1060: dt=0.0246,  11 negative triangles
1061: dt=0.0246,  10 negative triangles
1062: dt=0.0246,  10 negative triangles
1063: dt=0.0246,  11 negative triangles
1064: dt=0.0246,  10 negative triangles
1065: dt=0.0246,  10 negative triangles
1066: dt=0.0246,  12 negative triangles
1067: dt=0.0246,  12 negative triangles
1068: dt=0.0234,  10 negative triangles
1069: dt=0.0234,   9 negative triangles
1070: dt=0.0234,  10 negative triangles
1071: dt=0.0234,   9 negative triangles
1072: dt=0.0234,  10 negative triangles
1073: dt=0.0234,  10 negative triangles
1074: dt=0.0234,  10 negative triangles
1075: dt=0.0234,   9 negative triangles
1076: dt=0.0234,  10 negative triangles
1077: dt=0.0234,  10 negative triangles
1078: dt=0.0222,   9 negative triangles
1079: dt=0.0222,  10 negative triangles
1080: dt=0.0222,   9 negative triangles
1081: dt=0.0222,   9 negative triangles
1082: dt=0.0222,  10 negative triangles
1083: dt=0.0222,   9 negative triangles
1084: dt=0.0222,   9 negative triangles
1085: dt=0.0222,  11 negative triangles
1086: dt=0.0222,   9 negative triangles
1087: dt=0.0222,   9 negative triangles
1088: dt=0.0211,   9 negative triangles
1089: dt=0.0211,  10 negative triangles
1090: dt=0.0211,  10 negative triangles
1091: dt=0.0211,  10 negative triangles
1092: dt=0.0211,   9 negative triangles
1093: dt=0.0211,  10 negative triangles
1094: dt=0.0211,  10 negative triangles
1095: dt=0.0211,  10 negative triangles
1096: dt=0.0211,  10 negative triangles
1097: dt=0.0211,   9 negative triangles
1098: dt=0.0201,   9 negative triangles
1099: dt=0.0201,   9 negative triangles
1100: dt=0.0201,  11 negative triangles
1101: dt=0.0201,  11 negative triangles
1102: dt=0.0201,  11 negative triangles
1103: dt=0.0201,  11 negative triangles
1104: dt=0.0201,   9 negative triangles
1105: dt=0.0201,  11 negative triangles
1106: dt=0.0201,   9 negative triangles
1107: dt=0.0201,  11 negative triangles
1108: dt=0.0191,  10 negative triangles
1109: dt=0.0191,  10 negative triangles
1110: dt=0.0191,  11 negative triangles
1111: dt=0.0191,  10 negative triangles
1112: dt=0.0191,  11 negative triangles
1113: dt=0.0191,   9 negative triangles
1114: dt=0.0191,  11 negative triangles
1115: dt=0.0191,  11 negative triangles
1116: dt=0.0191,  11 negative triangles
1117: dt=0.0191,  10 negative triangles
1118: dt=0.0181,  10 negative triangles
1119: dt=0.0181,  10 negative triangles
1120: dt=0.0181,  10 negative triangles
1121: dt=0.0181,  10 negative triangles
1122: dt=0.0181,  10 negative triangles
1123: dt=0.0181,  10 negative triangles
1124: dt=0.0181,  10 negative triangles
1125: dt=0.0181,   9 negative triangles
1126: dt=0.0181,  10 negative triangles
1127: dt=0.0181,  10 negative triangles
1128: dt=0.0172,  10 negative triangles
1129: dt=0.0172,  10 negative triangles
1130: dt=0.0172,  10 negative triangles
1131: dt=0.0172,  11 negative triangles
1132: dt=0.0172,  13 negative triangles
1133: dt=0.0172,  12 negative triangles
1134: dt=0.0172,  12 negative triangles
1135: dt=0.0172,  12 negative triangles
1136: dt=0.0172,  11 negative triangles
1137: dt=0.0172,  12 negative triangles
1138: dt=0.0164,  11 negative triangles
1139: dt=0.0164,  12 negative triangles
1140: dt=0.0164,  12 negative triangles
1141: dt=0.0164,  12 negative triangles
1142: dt=0.0164,  13 negative triangles
1143: dt=0.0164,  13 negative triangles
1144: dt=0.0164,  13 negative triangles
1145: dt=0.0164,  11 negative triangles
1146: dt=0.0164,  11 negative triangles
1147: dt=0.0164,  11 negative triangles
1148: dt=0.0155,  13 negative triangles
1149: dt=0.0155,  12 negative triangles
1150: dt=0.0155,  12 negative triangles
1151: dt=0.0155,  11 negative triangles
1152: dt=0.0155,  10 negative triangles
1153: dt=0.0155,  10 negative triangles
1154: dt=0.0155,  10 negative triangles
1155: dt=0.0155,  10 negative triangles
1156: dt=0.0155,  11 negative triangles
1157: dt=0.0155,  10 negative triangles
1158: dt=0.0148,  11 negative triangles
1159: dt=0.0148,  10 negative triangles
1160: dt=0.0148,  11 negative triangles
1161: dt=0.0148,  11 negative triangles
1162: dt=0.0148,  12 negative triangles
1163: dt=0.0148,  11 negative triangles
1164: dt=0.0148,  12 negative triangles
1165: dt=0.0148,  11 negative triangles
1166: 12 negative triangles
writing spherical brain to ../surf/rh.sphere
spherical transformation took 0.0803 hours
FSRUNTIME@ mris_sphere  0.0803 hours 16 threads
#VMPC# mris_sphere VmPeak  1756728
mris_sphere done
#--------------------------------------------
#@# Surf Reg rh Mon Mar  9 13:49:29 CET 2026
/out/sourcedata/freesurfer/sub-v1s21x0050424_ses-1/scripts

 mris_register -curv ../surf/rh.sphere /opt/freesurfer/average/rh.folding.atlas.acfb40.noaparc.i12.2016-08-02.tif ../surf/rh.sphere.reg 

using smoothwm curvature for final alignment

cwd /out/sourcedata/freesurfer/sub-v1s21x0050424_ses-1/scripts
cmdline mris_register -curv ../surf/rh.sphere /opt/freesurfer/average/rh.folding.atlas.acfb40.noaparc.i12.2016-08-02.tif ../surf/rh.sphere.reg 

0 inflated.H
1 sulc
2 smoothwm (computed)
7.3.2
  7.3.2
reading surface from ../surf/rh.sphere...
reading template parameterization from /opt/freesurfer/average/rh.folding.atlas.acfb40.noaparc.i12.2016-08-02.tif...
MRISregister() -------
max_passes = 4 
min_degrees = 0.500000 
max_degrees = 64.000000 
nangles = 8 
tol=5.0e-01, sigma=0.0, host=dna00, nav=1024, nbrs=1, l_extern=10000.000, l_parea=0.200, l_nlarea=1.000, l_corr=1.000, l_dist=5.000
using quadratic fit line minimization
complete_dist_mat 0
rms 0
smooth_averages 0
remove_neg 0
ico_order 0
which_surface 0
target_radius 0.000000
nfields 0
scale 0.000000
desired_rms_height -1.000000
momentum 0.950000
nbhd_size -10
max_nbrs 10
niterations 25
nsurfaces 0
SURFACES 3
flags 16 (10)
use curv 16
no sulc 0
no rigid align 0
mris->nsize 1
mris->hemisphere 1
randomSeed 0

tol=5.0e-01, sigma=0.0, host=dna00, nav=1024, nbrs=1, l_extern=10000.000, l_parea=0.200, l_nlarea=1.000, l_corr=1.000, l_dist=5.000
using quadratic fit line minimization
--------------------
1 Reading rh.sulc
tol=1.0e+00, sigma=0.5, host=dna00, nav=1024, nbrs=1, l_extern=10000.000, l_parea=0.200, l_nlarea=1.000, l_corr=0.050, l_spring=0.500, l_dist=5.000
using quadratic fit line minimization
curvature mean = -0.000, std = 5.681
curvature mean = 0.046, std = 0.820
curvature mean = 0.007, std = 0.854
Starting MRISrigidBodyAlignGlobal()
Starting new MRISrigidBodyAlignGlobal_findMinSSE()
  new MRISrigidBodyAlignGlobal_findMinSSE min @ (5.50, -7.50, 2.50) sse = 271507.3, elapsed since starting=0.0919 min
MRISrigidBodyAlignGlobal() done   0.09 min
curvature mean = 0.022, std = 0.828
curvature mean = 0.003, std = 0.942
curvature mean = 0.019, std = 0.837
curvature mean = 0.002, std = 0.976
curvature mean = 0.017, std = 0.838
curvature mean = 0.001, std = 0.990
2 Reading smoothwm
curvature mean = -0.020, std = 0.259
curvature mean = 0.040, std = 0.240
curvature mean = 0.050, std = 0.384
curvature mean = 0.033, std = 0.298
curvature mean = 0.033, std = 0.579
curvature mean = 0.032, std = 0.325
curvature mean = 0.018, std = 0.726
curvature mean = 0.032, std = 0.337
curvature mean = 0.005, std = 0.832
MRISregister() return, current seed 0
-01: dt=0.0000,  36 negative triangles  VmPeak 1618484
120: dt=0.9900,  36 negative triangles
121: dt=0.9900,  30 negative triangles
122: dt=0.9900,  31 negative triangles
123: dt=0.9900,  27 negative triangles
124: dt=0.9900,  28 negative triangles
125: dt=0.9900,  27 negative triangles
126: dt=0.9900,  21 negative triangles
127: dt=0.9900,  22 negative triangles
128: dt=0.9900,  21 negative triangles
129: dt=0.9900,  18 negative triangles
130: dt=0.9900,  19 negative triangles
131: dt=0.9900,  18 negative triangles
132: dt=0.9900,  19 negative triangles
133: dt=0.9900,  18 negative triangles
134: dt=0.9900,  19 negative triangles
135: dt=0.9900,  17 negative triangles
136: dt=0.9900,  20 negative triangles
137: dt=0.9900,  18 negative triangles
138: dt=0.9900,  18 negative triangles
139: dt=0.9900,  19 negative triangles
140: dt=0.9900,  19 negative triangles
141: dt=0.9900,  16 negative triangles
142: dt=0.9900,  19 negative triangles
143: dt=0.9900,  19 negative triangles
144: dt=0.9900,  19 negative triangles
145: dt=0.9900,  20 negative triangles
146: dt=0.9900,  17 negative triangles
147: dt=0.9900,  19 negative triangles
148: dt=0.9900,  19 negative triangles
149: dt=0.9900,  19 negative triangles
150: dt=0.9900,  18 negative triangles
151: dt=0.9405,  18 negative triangles
152: dt=0.9405,  21 negative triangles
153: dt=0.9405,  18 negative triangles
154: dt=0.9405,  21 negative triangles
155: dt=0.9405,  20 negative triangles
156: dt=0.9405,  19 negative triangles
157: dt=0.9405,  20 negative triangles
158: dt=0.9405,  20 negative triangles
159: dt=0.9405,  20 negative triangles
160: dt=0.9405,  20 negative triangles
161: dt=0.8935,  20 negative triangles
162: dt=0.8935,  17 negative triangles
163: dt=0.8935,  20 negative triangles
164: dt=0.8935,  18 negative triangles
165: dt=0.8935,  21 negative triangles
166: dt=0.8935,  20 negative triangles
167: dt=0.8935,  19 negative triangles
168: dt=0.8935,  19 negative triangles
169: dt=0.8935,  19 negative triangles
170: dt=0.8935,  16 negative triangles
171: dt=0.8488,  18 negative triangles
172: dt=0.8488,  19 negative triangles
173: dt=0.8488,  19 negative triangles
174: dt=0.8488,  18 negative triangles
175: dt=0.8488,  19 negative triangles
176: dt=0.8488,  18 negative triangles
177: dt=0.8488,  16 negative triangles
178: dt=0.8488,  19 negative triangles
179: dt=0.8488,  16 negative triangles
180: dt=0.8488,  16 negative triangles
181: dt=0.8064,  18 negative triangles
182: dt=0.8064,  15 negative triangles
183: dt=0.8064,  19 negative triangles
184: dt=0.8064,  18 negative triangles
185: dt=0.8064,  21 negative triangles
186: dt=0.8064,  18 negative triangles
187: dt=0.8064,  21 negative triangles
188: dt=0.8064,  19 negative triangles
189: dt=0.8064,  20 negative triangles
190: dt=0.8064,  18 negative triangles
191: dt=0.8064,  23 negative triangles
192: dt=0.7660,  18 negative triangles
193: dt=0.7660,  17 negative triangles
194: dt=0.7660,  16 negative triangles
195: dt=0.7660,  21 negative triangles
196: dt=0.7660,  15 negative triangles
197: dt=0.7660,  20 negative triangles
198: dt=0.7660,  15 negative triangles
199: dt=0.7660,  16 negative triangles
200: dt=0.7660,  13 negative triangles
201: dt=0.7660,  17 negative triangles
202: dt=0.7660,  17 negative triangles
203: dt=0.7660,  15 negative triangles
204: dt=0.7660,  18 negative triangles
205: dt=0.7660,  16 negative triangles
206: dt=0.7660,  18 negative triangles
207: dt=0.7660,  17 negative triangles
208: dt=0.7660,  18 negative triangles
209: dt=0.7660,  16 negative triangles
210: dt=0.7277,  18 negative triangles
211: dt=0.7277,  16 negative triangles
212: dt=0.7277,  17 negative triangles
213: dt=0.7277,  17 negative triangles
214: dt=0.7277,  15 negative triangles
215: dt=0.7277,  19 negative triangles
216: dt=0.7277,  16 negative triangles
217: dt=0.7277,  16 negative triangles
218: dt=0.7277,  16 negative triangles
219: dt=0.7277,  18 negative triangles
220: dt=0.6914,  18 negative triangles
221: dt=0.6914,  16 negative triangles
222: dt=0.6914,  15 negative triangles
223: dt=0.6914,  18 negative triangles
224: dt=0.6914,  17 negative triangles
225: dt=0.6914,  15 negative triangles
226: dt=0.6914,  13 negative triangles
227: dt=0.6914,  18 negative triangles
228: dt=0.6914,  16 negative triangles
229: dt=0.6914,  12 negative triangles
230: dt=0.6914,  17 negative triangles
231: dt=0.6914,  16 negative triangles
232: dt=0.6914,  15 negative triangles
233: dt=0.6914,  15 negative triangles
234: dt=0.6914,  15 negative triangles
235: dt=0.6914,  14 negative triangles
236: dt=0.6914,  15 negative triangles
237: dt=0.6914,  14 negative triangles
238: dt=0.6914,  15 negative triangles
239: dt=0.6568,  16 negative triangles
240: dt=0.6568,  18 negative triangles
241: dt=0.6568,  15 negative triangles
242: dt=0.6568,  16 negative triangles
243: dt=0.6568,  14 negative triangles
244: dt=0.6568,  16 negative triangles
245: dt=0.6568,  15 negative triangles
246: dt=0.6568,  16 negative triangles
247: dt=0.6568,  15 negative triangles
248: dt=0.6568,  19 negative triangles
249: dt=0.6239,  16 negative triangles
250: dt=0.6239,  16 negative triangles
251: dt=0.6239,  15 negative triangles
252: dt=0.6239,  17 negative triangles
253: dt=0.6239,  16 negative triangles
254: dt=0.6239,  17 negative triangles
255: dt=0.6239,  13 negative triangles
256: dt=0.6239,  18 negative triangles
257: dt=0.6239,  16 negative triangles
258: dt=0.6239,  17 negative triangles
259: dt=0.5927,  16 negative triangles
260: dt=0.5927,  17 negative triangles
261: dt=0.5927,  17 negative triangles
262: dt=0.5927,  14 negative triangles
263: dt=0.5927,  15 negative triangles
264: dt=0.5927,  16 negative triangles
265: dt=0.5927,  17 negative triangles
266: dt=0.5927,  15 negative triangles
267: dt=0.5927,  17 negative triangles
268: dt=0.5927,  14 negative triangles
269: dt=0.5631,  14 negative triangles
270: dt=0.5631,  14 negative triangles
271: dt=0.5631,  17 negative triangles
272: dt=0.5631,  14 negative triangles
273: dt=0.5631,  14 negative triangles
274: dt=0.5631,  17 negative triangles
275: dt=0.5631,  15 negative triangles
276: dt=0.5631,  16 negative triangles
277: dt=0.5631,  16 negative triangles
278: dt=0.5631,  15 negative triangles
279: dt=0.5350,  17 negative triangles
expanding nbhd size to 1
280: dt=0.9900,  14 negative triangles
281: dt=0.9900,  16 negative triangles
282: dt=0.9900,  14 negative triangles
283: dt=0.9900,  14 negative triangles
284: dt=0.9900,  12 negative triangles
285: dt=0.9900,  15 negative triangles
286: dt=0.9900,  15 negative triangles
287: dt=0.9900,  15 negative triangles
288: dt=0.9900,  15 negative triangles
289: dt=0.9405,  15 negative triangles
290: dt=0.9405,  14 negative triangles
291: dt=0.9405,  16 negative triangles
292: dt=0.9405,  15 negative triangles
293: dt=0.9405,  16 negative triangles
294: dt=0.9405,  15 negative triangles
295: dt=0.9405,  15 negative triangles
296: dt=0.9405,  16 negative triangles
297: dt=0.9405,  15 negative triangles
298: dt=0.9405,  14 negative triangles
299: dt=0.8935,  14 negative triangles
300: dt=0.8935,  13 negative triangles
301: dt=0.8935,  13 negative triangles
302: dt=0.8935,  13 negative triangles
303: dt=0.8935,  13 negative triangles
304: dt=0.8935,  11 negative triangles
305: dt=0.8935,  13 negative triangles
306: dt=0.8935,  13 negative triangles
307: dt=0.8935,  13 negative triangles
308: dt=0.8935,  14 negative triangles
309: dt=0.8935,  15 negative triangles
310: dt=0.8935,  13 negative triangles
311: dt=0.8935,  12 negative triangles
312: dt=0.8935,  14 negative triangles
313: dt=0.8935,  15 negative triangles
314: dt=0.8488,  13 negative triangles
315: dt=0.8488,  14 negative triangles
316: dt=0.8488,  15 negative triangles
317: dt=0.8488,  14 negative triangles
318: dt=0.8488,  14 negative triangles
319: dt=0.8488,  14 negative triangles
320: dt=0.8488,  14 negative triangles
321: dt=0.8488,  14 negative triangles
322: dt=0.8488,  15 negative triangles
323: dt=0.8488,  14 negative triangles
324: dt=0.8064,  16 negative triangles
325: dt=0.8064,  12 negative triangles
326: dt=0.8064,  13 negative triangles
327: dt=0.8064,  12 negative triangles
328: dt=0.8064,  13 negative triangles
329: dt=0.8064,  14 negative triangles
330: dt=0.8064,  12 negative triangles
331: dt=0.8064,  11 negative triangles
332: dt=0.8064,  14 negative triangles
333: dt=0.8064,  12 negative triangles
334: dt=0.7660,  11 negative triangles
335: dt=0.7660,  11 negative triangles
336: dt=0.7660,  12 negative triangles
337: dt=0.7660,  12 negative triangles
338: dt=0.7660,  14 negative triangles
339: dt=0.7660,  14 negative triangles
340: dt=0.7660,  14 negative triangles
341: dt=0.7660,  12 negative triangles
342: dt=0.7660,  12 negative triangles
343: dt=0.7660,  13 negative triangles
344: dt=0.7277,  13 negative triangles
345: dt=0.7277,  13 negative triangles
346: dt=0.7277,  14 negative triangles
347: dt=0.7277,  12 negative triangles
348: dt=0.7277,  15 negative triangles
349: dt=0.7277,  13 negative triangles
350: dt=0.7277,  12 negative triangles
351: dt=0.7277,  13 negative triangles
352: dt=0.7277,  13 negative triangles
353: dt=0.7277,  13 negative triangles
354: dt=0.6914,  11 negative triangles
355: dt=0.6914,  13 negative triangles
356: dt=0.6914,  14 negative triangles
357: dt=0.6914,  11 negative triangles
358: dt=0.6914,  15 negative triangles
359: dt=0.6914,  13 negative triangles
360: dt=0.6914,  15 negative triangles
361: dt=0.6914,  14 negative triangles
362: dt=0.6914,  14 negative triangles
363: dt=0.6914,  13 negative triangles
364: dt=0.6568,  15 negative triangles
365: dt=0.6568,  14 negative triangles
366: dt=0.6568,  13 negative triangles
367: dt=0.6568,  14 negative triangles
368: dt=0.6568,  13 negative triangles
369: dt=0.6568,  13 negative triangles
370: dt=0.6568,  14 negative triangles
371: dt=0.6568,  15 negative triangles
372: dt=0.6568,  12 negative triangles
373: dt=0.6568,  13 negative triangles
374: dt=0.6239,  14 negative triangles
375: dt=0.6239,  14 negative triangles
376: dt=0.6239,  14 negative triangles
377: dt=0.6239,  14 negative triangles
378: dt=0.6239,  12 negative triangles
379: dt=0.6239,  14 negative triangles
380: dt=0.6239,  15 negative triangles
381: dt=0.6239,  15 negative triangles
382: dt=0.6239,  13 negative triangles
383: dt=0.6239,  13 negative triangles
384: dt=0.5927,  12 negative triangles
385: dt=0.5927,  11 negative triangles
386: dt=0.5927,  11 negative triangles
387: dt=0.5927,  11 negative triangles
388: dt=0.5927,  14 negative triangles
389: dt=0.5927,  13 negative triangles
390: dt=0.5927,  12 negative triangles
391: dt=0.5927,  12 negative triangles
392: dt=0.5927,  12 negative triangles
393: dt=0.5927,  11 negative triangles
394: dt=0.5631,  12 negative triangles
395: dt=0.5631,  11 negative triangles
396: dt=0.5631,  11 negative triangles
397: dt=0.5631,  12 negative triangles
398: dt=0.5631,  12 negative triangles
399: dt=0.5631,  11 negative triangles
400: dt=0.5631,  11 negative triangles
401: dt=0.5631,  12 negative triangles
402: dt=0.5631,  13 negative triangles
403: dt=0.5631,  12 negative triangles
404: dt=0.5350,  12 negative triangles
405: dt=0.5350,  13 negative triangles
406: dt=0.5350,  14 negative triangles
407: dt=0.5350,  10 negative triangles
408: dt=0.5350,  11 negative triangles
409: dt=0.5350,  12 negative triangles
410: dt=0.5350,  11 negative triangles
411: dt=0.5350,  13 negative triangles
412: dt=0.5350,  14 negative triangles
413: dt=0.5350,  12 negative triangles
414: dt=0.5350,  14 negative triangles
415: dt=0.5350,  11 negative triangles
416: dt=0.5350,  13 negative triangles
417: dt=0.5082,  10 negative triangles
418: dt=0.5082,  13 negative triangles
419: dt=0.5082,  11 negative triangles
420: dt=0.5082,  13 negative triangles
421: dt=0.5082,  13 negative triangles
422: dt=0.5082,  10 negative triangles
423: dt=0.5082,  11 negative triangles
424: dt=0.5082,  11 negative triangles
425: dt=0.5082,  10 negative triangles
426: dt=0.5082,  12 negative triangles
427: dt=0.4828,  12 negative triangles
428: dt=0.4828,  11 negative triangles
429: dt=0.4828,  11 negative triangles
430: dt=0.4828,  10 negative triangles
431: dt=0.4828,  10 negative triangles
432: dt=0.4828,   9 negative triangles
433: dt=0.4828,  13 negative triangles
434: dt=0.4828,  11 negative triangles
435: dt=0.4828,  13 negative triangles
436: dt=0.4828,  10 negative triangles
437: dt=0.4828,  11 negative triangles
438: dt=0.4828,  12 negative triangles
439: dt=0.4828,   9 negative triangles
440: dt=0.4828,   9 negative triangles
441: dt=0.4828,   9 negative triangles
442: dt=0.4587,  13 negative triangles
443: dt=0.4587,  11 negative triangles
444: dt=0.4587,  12 negative triangles
445: dt=0.4587,  13 negative triangles
446: dt=0.4587,  10 negative triangles
447: dt=0.4587,  10 negative triangles
448: dt=0.4587,  12 negative triangles
449: dt=0.4587,  10 negative triangles
450: dt=0.4587,  10 negative triangles
451: dt=0.4587,   9 negative triangles
452: dt=0.4357,  10 negative triangles
453: dt=0.4357,  10 negative triangles
454: dt=0.4357,  12 negative triangles
455: dt=0.4357,  11 negative triangles
456: dt=0.4357,  10 negative triangles
457: dt=0.4357,  11 negative triangles
458: dt=0.4357,   9 negative triangles
459: dt=0.4357,  12 negative triangles
460: dt=0.4357,  12 negative triangles
461: dt=0.4357,  12 negative triangles
462: dt=0.4139,  11 negative triangles
463: dt=0.4139,  11 negative triangles
464: dt=0.4139,  11 negative triangles
465: dt=0.4139,  11 negative triangles
466: dt=0.4139,   9 negative triangles
467: dt=0.4139,  10 negative triangles
468: dt=0.4139,  13 negative triangles
469: dt=0.4139,  11 negative triangles
470: dt=0.4139,  10 negative triangles
471: dt=0.4139,  11 negative triangles
472: dt=0.3932,  12 negative triangles
473: dt=0.3932,  14 negative triangles
474: dt=0.3932,  11 negative triangles
475: dt=0.3932,  13 negative triangles
476: dt=0.3932,  12 negative triangles
477: dt=0.3932,  12 negative triangles
478: dt=0.3932,  12 negative triangles
479: dt=0.3932,  11 negative triangles
480: dt=0.3932,   9 negative triangles
481: dt=0.3932,  11 negative triangles
482: dt=0.3736,  11 negative triangles
483: dt=0.3736,  13 negative triangles
484: dt=0.3736,  13 negative triangles
485: dt=0.3736,  12 negative triangles
486: dt=0.3736,  13 negative triangles
487: dt=0.3736,  11 negative triangles
488: dt=0.3736,  13 negative triangles
489: dt=0.3736,  11 negative triangles
490: dt=0.3736,  11 negative triangles
491: dt=0.3736,  12 negative triangles
492: dt=0.3549,  11 negative triangles
493: dt=0.3549,  11 negative triangles
494: dt=0.3549,  10 negative triangles
495: dt=0.3549,  10 negative triangles
496: dt=0.3549,  12 negative triangles
497: dt=0.3549,  10 negative triangles
498: dt=0.3549,  12 negative triangles
499: dt=0.3549,  10 negative triangles
500: dt=0.3549,  10 negative triangles
501: dt=0.3549,  11 negative triangles
502: dt=0.3372,  11 negative triangles
503: dt=0.3372,  10 negative triangles
504: dt=0.3372,  10 negative triangles
505: dt=0.3372,  10 negative triangles
506: dt=0.3372,  11 negative triangles
507: dt=0.3372,  11 negative triangles
508: dt=0.3372,  13 negative triangles
509: dt=0.3372,  12 negative triangles
510: dt=0.3372,  13 negative triangles
511: dt=0.3372,  10 negative triangles
512: dt=0.3203,  10 negative triangles
513: dt=0.3203,  10 negative triangles
514: dt=0.3203,  11 negative triangles
515: dt=0.3203,  11 negative triangles
516: dt=0.3203,   9 negative triangles
517: dt=0.3203,  11 negative triangles
518: dt=0.3203,   9 negative triangles
519: dt=0.3203,  10 negative triangles
520: dt=0.3203,  11 negative triangles
521: dt=0.3203,  11 negative triangles
522: dt=0.3043,  10 negative triangles
523: dt=0.3043,  10 negative triangles
524: dt=0.3043,  12 negative triangles
525: dt=0.3043,  13 negative triangles
526: dt=0.3043,  13 negative triangles
527: dt=0.3043,  13 negative triangles
528: dt=0.3043,  11 negative triangles
529: dt=0.3043,  11 negative triangles
530: dt=0.3043,  11 negative triangles
531: dt=0.3043,  12 negative triangles
532: dt=0.2891,  12 negative triangles
533: dt=0.2891,  11 negative triangles
534: dt=0.2891,  12 negative triangles
535: dt=0.2891,  12 negative triangles
536: dt=0.2891,  10 negative triangles
537: dt=0.2891,  10 negative triangles
538: dt=0.2891,  10 negative triangles
539: dt=0.2891,  13 negative triangles
540: dt=0.2891,  14 negative triangles
541: dt=0.2891,  12 negative triangles
542: dt=0.2746,  13 negative triangles
543: dt=0.2746,  12 negative triangles
544: dt=0.2746,  13 negative triangles
545: dt=0.2746,  12 negative triangles
546: dt=0.2746,  12 negative triangles
547: dt=0.2746,  12 negative triangles
548: dt=0.2746,  12 negative triangles
549: dt=0.2746,  13 negative triangles
550: dt=0.2746,  12 negative triangles
551: dt=0.2746,  12 negative triangles
552: dt=0.2609,  12 negative triangles
553: dt=0.2609,  12 negative triangles
554: dt=0.2609,  13 negative triangles
555: dt=0.2609,  12 negative triangles
556: dt=0.2609,  13 negative triangles
557: dt=0.2609,  13 negative triangles
558: dt=0.2609,  12 negative triangles
559: dt=0.2609,  13 negative triangles
560: dt=0.2609,  11 negative triangles
561: dt=0.2609,  11 negative triangles
562: dt=0.2478,  11 negative triangles
563: dt=0.2478,  12 negative triangles
564: dt=0.2478,  11 negative triangles
565: dt=0.2478,  13 negative triangles
566: dt=0.2478,  13 negative triangles
567: dt=0.2478,  10 negative triangles
568: dt=0.2478,  13 negative triangles
569: dt=0.2478,  13 negative triangles
570: dt=0.2478,  14 negative triangles
571: dt=0.2478,  12 negative triangles
572: dt=0.2354,  12 negative triangles
573: dt=0.2354,  11 negative triangles
574: dt=0.2354,  11 negative triangles
575: dt=0.2354,  12 negative triangles
576: dt=0.2354,  11 negative triangles
577: dt=0.2354,  10 negative triangles
578: dt=0.2354,  10 negative triangles
579: dt=0.2354,  11 negative triangles
580: dt=0.2354,  10 negative triangles
581: dt=0.2354,  11 negative triangles
582: dt=0.2237,  13 negative triangles
583: dt=0.2237,  10 negative triangles
584: dt=0.2237,  13 negative triangles
585: dt=0.2237,  10 negative triangles
586: dt=0.2237,  13 negative triangles
587: dt=0.2237,   9 negative triangles
588: dt=0.2237,   9 negative triangles
589: dt=0.2237,  10 negative triangles
590: dt=0.2237,  10 negative triangles
591: dt=0.2237,  11 negative triangles
592: dt=0.2125,  10 negative triangles
593: dt=0.2125,  11 negative triangles
594: dt=0.2125,  11 negative triangles
595: dt=0.2125,  11 negative triangles
596: dt=0.2125,  11 negative triangles
597: dt=0.2125,  11 negative triangles
598: dt=0.2125,  12 negative triangles
599: dt=0.2125,  13 negative triangles
600: dt=0.2125,  11 negative triangles
601: dt=0.2125,  13 negative triangles
602: dt=0.2019,  12 negative triangles
603: dt=0.2019,  11 negative triangles
604: dt=0.2019,  12 negative triangles
605: dt=0.2019,  10 negative triangles
606: dt=0.2019,  10 negative triangles
607: dt=0.2019,  10 negative triangles
608: dt=0.2019,  10 negative triangles
609: dt=0.2019,  11 negative triangles
610: dt=0.2019,  10 negative triangles
611: dt=0.2019,  11 negative triangles
612: dt=0.1918,  10 negative triangles
613: dt=0.1918,  10 negative triangles
614: dt=0.1918,  10 negative triangles
615: dt=0.1918,  10 negative triangles
616: dt=0.1918,  10 negative triangles
617: dt=0.1918,  11 negative triangles
618: dt=0.1918,  10 negative triangles
619: dt=0.1918,  11 negative triangles
620: dt=0.1918,  11 negative triangles
621: dt=0.1918,  11 negative triangles
622: dt=0.1822,   9 negative triangles
623: dt=0.1822,  10 negative triangles
624: dt=0.1822,  11 negative triangles
625: dt=0.1822,  11 negative triangles
626: dt=0.1822,  13 negative triangles
627: dt=0.1822,  11 negative triangles
628: dt=0.1822,  11 negative triangles
629: dt=0.1822,  13 negative triangles
630: dt=0.1822,  11 negative triangles
631: dt=0.1822,  11 negative triangles
632: dt=0.1731,  10 negative triangles
633: dt=0.1731,  10 negative triangles
634: dt=0.1731,  12 negative triangles
635: dt=0.1731,  11 negative triangles
636: dt=0.1731,  12 negative triangles
637: dt=0.1731,  14 negative triangles
638: dt=0.1731,  13 negative triangles
639: dt=0.1731,  14 negative triangles
640: dt=0.1731,  14 negative triangles
641: dt=0.1731,  13 negative triangles
642: dt=0.1644,  13 negative triangles
643: dt=0.1644,  13 negative triangles
644: dt=0.1644,  10 negative triangles
645: dt=0.1644,  12 negative triangles
646: dt=0.1644,  12 negative triangles
647: dt=0.1644,  12 negative triangles
648: dt=0.1644,  11 negative triangles
649: dt=0.1644,  12 negative triangles
650: dt=0.1644,  10 negative triangles
651: dt=0.1644,  12 negative triangles
652: dt=0.1562,  12 negative triangles
653: dt=0.1562,  12 negative triangles
654: dt=0.1562,  11 negative triangles
655: dt=0.1562,  12 negative triangles
656: dt=0.1562,  10 negative triangles
657: dt=0.1562,  11 negative triangles
658: dt=0.1562,  11 negative triangles
659: dt=0.1562,  10 negative triangles
660: dt=0.1562,  11 negative triangles
661: dt=0.1562,  10 negative triangles
662: dt=0.1484,  10 negative triangles
663: dt=0.1484,  11 negative triangles
664: dt=0.1484,  10 negative triangles
665: dt=0.1484,   9 negative triangles
666: dt=0.1484,   9 negative triangles
667: dt=0.1484,  10 negative triangles
668: dt=0.1484,  10 negative triangles
669: dt=0.1484,  11 negative triangles
670: dt=0.1484,  11 negative triangles
671: dt=0.1484,  10 negative triangles
672: dt=0.1410,  10 negative triangles
673: dt=0.1410,  11 negative triangles
674: dt=0.1410,  11 negative triangles
675: dt=0.1410,  11 negative triangles
676: dt=0.1410,  10 negative triangles
677: dt=0.1410,  12 negative triangles
678: dt=0.1410,  13 negative triangles
679: dt=0.1410,  11 negative triangles
680: dt=0.1410,  13 negative triangles
681: dt=0.1410,  11 negative triangles
682: dt=0.1339,  11 negative triangles
683: dt=0.1339,  10 negative triangles
684: dt=0.1339,  11 negative triangles
685: dt=0.1339,  10 negative triangles
686: dt=0.1339,   9 negative triangles
687: dt=0.1339,  12 negative triangles
688: dt=0.1339,  10 negative triangles
689: dt=0.1339,   9 negative triangles
690: dt=0.1339,   9 negative triangles
691: dt=0.1339,  11 negative triangles
692: dt=0.1272,  11 negative triangles
693: dt=0.1272,  11 negative triangles
694: dt=0.1272,  10 negative triangles
695: dt=0.1272,  10 negative triangles
696: dt=0.1272,  11 negative triangles
697: dt=0.1272,  11 negative triangles
698: dt=0.1272,  10 negative triangles
699: dt=0.1272,  10 negative triangles
700: dt=0.1272,  11 negative triangles
701: dt=0.1272,  11 negative triangles
702: dt=0.1209,   9 negative triangles
703: dt=0.1209,   9 negative triangles
704: dt=0.1209,  10 negative triangles
705: dt=0.1209,  11 negative triangles
706: dt=0.1209,  11 negative triangles
707: dt=0.1209,  11 negative triangles
708: dt=0.1209,  11 negative triangles
709: dt=0.1209,  11 negative triangles
710: dt=0.1209,  10 negative triangles
711: dt=0.1209,  10 negative triangles
712: dt=0.1148,  10 negative triangles
713: dt=0.1148,   9 negative triangles
714: dt=0.1148,  10 negative triangles
715: dt=0.1148,  11 negative triangles
716: dt=0.1148,  11 negative triangles
717: dt=0.1148,  13 negative triangles
718: dt=0.1148,  13 negative triangles
719: dt=0.1148,  12 negative triangles
720: dt=0.1148,  14 negative triangles
721: dt=0.1148,  11 negative triangles
722: dt=0.1091,  12 negative triangles
723: dt=0.1091,  11 negative triangles
724: dt=0.1091,  13 negative triangles
725: dt=0.1091,  10 negative triangles
726: dt=0.1091,  12 negative triangles
727: dt=0.1091,  11 negative triangles
728: dt=0.1091,  10 negative triangles
729: dt=0.1091,   9 negative triangles
730: dt=0.1091,  12 negative triangles
731: dt=0.1091,   9 negative triangles
732: dt=0.1036,  11 negative triangles
733: dt=0.1036,   9 negative triangles
734: dt=0.1036,  13 negative triangles
735: dt=0.1036,  11 negative triangles
736: dt=0.1036,  11 negative triangles
737: dt=0.1036,  10 negative triangles
738: dt=0.1036,  13 negative triangles
739: dt=0.1036,  10 negative triangles
740: dt=0.1036,  11 negative triangles
741: dt=0.1036,  10 negative triangles
742: dt=0.0984,  10 negative triangles
743: dt=0.0984,  11 negative triangles
744: dt=0.0984,  11 negative triangles
745: dt=0.0984,  10 negative triangles
746: dt=0.0984,   9 negative triangles
747: dt=0.0984,  11 negative triangles
748: dt=0.0984,  11 negative triangles
749: dt=0.0984,  12 negative triangles
750: dt=0.0984,  11 negative triangles
751: dt=0.0984,  11 negative triangles
752: dt=0.0935,  11 negative triangles
753: dt=0.0935,  11 negative triangles
754: dt=0.0935,  11 negative triangles
755: dt=0.0935,  11 negative triangles
756: dt=0.0935,  11 negative triangles
757: dt=0.0935,  11 negative triangles
758: dt=0.0935,  11 negative triangles
759: dt=0.0935,  11 negative triangles
760: dt=0.0935,  11 negative triangles
761: dt=0.0935,  10 negative triangles
762: dt=0.0888,  10 negative triangles
763: dt=0.0888,  10 negative triangles
764: dt=0.0888,  12 negative triangles
765: dt=0.0888,  12 negative triangles
766: dt=0.0888,  11 negative triangles
767: dt=0.0888,  11 negative triangles
768: dt=0.0888,  10 negative triangles
769: dt=0.0888,  11 negative triangles
770: dt=0.0888,  12 negative triangles
771: dt=0.0888,  11 negative triangles
772: dt=0.0844,  12 negative triangles
773: dt=0.0844,  11 negative triangles
774: dt=0.0844,  11 negative triangles
775: dt=0.0844,  12 negative triangles
776: dt=0.0844,  12 negative triangles
777: dt=0.0844,  12 negative triangles
778: dt=0.0844,  12 negative triangles
779: dt=0.0844,  12 negative triangles
780: dt=0.0844,  11 negative triangles
781: dt=0.0844,  12 negative triangles
782: dt=0.0802,  11 negative triangles
783: dt=0.0802,  11 negative triangles
784: dt=0.0802,  11 negative triangles
785: dt=0.0802,  11 negative triangles
786: dt=0.0802,  10 negative triangles
787: dt=0.0802,  11 negative triangles
788: dt=0.0802,  11 negative triangles
789: dt=0.0802,  12 negative triangles
790: dt=0.0802,  12 negative triangles
791: dt=0.0802,  12 negative triangles
792: dt=0.0762,  12 negative triangles
793: dt=0.0762,  11 negative triangles
794: dt=0.0762,  12 negative triangles
795: dt=0.0762,  12 negative triangles
796: dt=0.0762,  10 negative triangles
797: dt=0.0762,  11 negative triangles
798: dt=0.0762,  10 negative triangles
799: dt=0.0762,  12 negative triangles
800: dt=0.0762,  11 negative triangles
801: dt=0.0762,  11 negative triangles
802: dt=0.0724,  10 negative triangles
803: dt=0.0724,  11 negative triangles
804: dt=0.0724,  10 negative triangles
805: dt=0.0724,  13 negative triangles
806: dt=0.0724,  13 negative triangles
807: dt=0.0724,  13 negative triangles
808: dt=0.0724,  11 negative triangles
809: dt=0.0724,  12 negative triangles
810: dt=0.0724,  11 negative triangles
811: dt=0.0724,  11 negative triangles
812: dt=0.0687,  13 negative triangles
813: dt=0.0687,  12 negative triangles
814: dt=0.0687,  12 negative triangles
815: dt=0.0687,  12 negative triangles
816: dt=0.0687,  12 negative triangles
817: dt=0.0687,  12 negative triangles
818: dt=0.0687,  12 negative triangles
819: dt=0.0687,  12 negative triangles
820: dt=0.0687,  12 negative triangles
821: dt=0.0687,  12 negative triangles
822: dt=0.0653,  12 negative triangles
823: dt=0.0653,  12 negative triangles
824: dt=0.0653,  12 negative triangles
825: dt=0.0653,  12 negative triangles
826: dt=0.0653,  13 negative triangles
827: dt=0.0653,  12 negative triangles
828: dt=0.0653,  13 negative triangles
829: dt=0.0653,  13 negative triangles
830: dt=0.0653,  12 negative triangles
831: dt=0.0653,  12 negative triangles
832: dt=0.0620,  13 negative triangles
833: dt=0.0620,  12 negative triangles
834: dt=0.0620,  12 negative triangles
835: dt=0.0620,  12 negative triangles
836: dt=0.0620,  12 negative triangles
837: dt=0.0620,  12 negative triangles
838: dt=0.0620,  12 negative triangles
839: dt=0.0620,  12 negative triangles
840: dt=0.0620,  12 negative triangles
841: dt=0.0620,  12 negative triangles
842: dt=0.0589,  12 negative triangles
843: dt=0.0589,  12 negative triangles
844: dt=0.0589,  11 negative triangles
845: dt=0.0589,  11 negative triangles
846: dt=0.0589,  11 negative triangles
847: dt=0.0589,  11 negative triangles
848: dt=0.0589,  11 negative triangles
849: dt=0.0589,  11 negative triangles
850: dt=0.0589,  13 negative triangles
851: dt=0.0589,  12 negative triangles
852: dt=0.0560,  13 negative triangles
853: dt=0.0560,  12 negative triangles
854: dt=0.0560,  13 negative triangles
855: dt=0.0560,  12 negative triangles
856: dt=0.0560,  13 negative triangles
857: dt=0.0560,  12 negative triangles
858: dt=0.0560,  13 negative triangles
859: dt=0.0560,  12 negative triangles
860: dt=0.0560,  13 negative triangles
861: dt=0.0560,  13 negative triangles
862: dt=0.0532,  14 negative triangles
863: dt=0.0532,  12 negative triangles
864: dt=0.0532,  13 negative triangles
865: dt=0.0532,  12 negative triangles
866: dt=0.0532,  13 negative triangles
867: dt=0.0532,  12 negative triangles
868: dt=0.0532,  13 negative triangles
869: dt=0.0532,  12 negative triangles
870: dt=0.0532,  13 negative triangles
871: dt=0.0532,  12 negative triangles
872: dt=0.0505,  12 negative triangles
873: dt=0.0505,  12 negative triangles
874: dt=0.0505,  12 negative triangles
875: dt=0.0505,  12 negative triangles
876: dt=0.0505,  12 negative triangles
877: dt=0.0505,  13 negative triangles
878: dt=0.0505,  12 negative triangles
879: dt=0.0505,  13 negative triangles
880: dt=0.0505,  13 negative triangles
881: dt=0.0505,  13 negative triangles
882: dt=0.0480,  13 negative triangles
883: dt=0.0480,  13 negative triangles
884: dt=0.0480,  13 negative triangles
885: dt=0.0480,  13 negative triangles
886: dt=0.0480,  13 negative triangles
887: dt=0.0480,  13 negative triangles
888: dt=0.0480,  13 negative triangles
889: dt=0.0480,  13 negative triangles
890: dt=0.0480,  13 negative triangles
891: dt=0.0480,  13 negative triangles
892: dt=0.0456,  13 negative triangles
893: dt=0.0456,  13 negative triangles
894: dt=0.0456,  13 negative triangles
895: dt=0.0456,  13 negative triangles
896: dt=0.0456,  15 negative triangles
897: dt=0.0456,  15 negative triangles
898: dt=0.0456,  13 negative triangles
899: dt=0.0456,  13 negative triangles
900: dt=0.0456,  13 negative triangles
901: dt=0.0456,  13 negative triangles
902: dt=0.0433,  13 negative triangles
903: dt=0.0433,  13 negative triangles
904: dt=0.0433,  13 negative triangles
905: dt=0.0433,  13 negative triangles
906: dt=0.0433,  13 negative triangles
907: dt=0.0433,  13 negative triangles
908: dt=0.0433,  13 negative triangles
909: dt=0.0433,  13 negative triangles
910: dt=0.0433,  13 negative triangles
911: dt=0.0433,  13 negative triangles
912: dt=0.0412,  13 negative triangles
913: dt=0.0412,  13 negative triangles
914: dt=0.0412,  13 negative triangles
915: dt=0.0412,  13 negative triangles
916: dt=0.0412,  13 negative triangles
917: dt=0.0412,  13 negative triangles
918: dt=0.0412,  12 negative triangles
919: dt=0.0412,  13 negative triangles
920: dt=0.0412,  13 negative triangles
921: dt=0.0412,  13 negative triangles
922: dt=0.0391,  13 negative triangles
923: dt=0.0391,  11 negative triangles
924: dt=0.0391,  12 negative triangles
925: dt=0.0391,  13 negative triangles
926: dt=0.0391,  13 negative triangles
927: dt=0.0391,  12 negative triangles
928: dt=0.0391,  11 negative triangles
929: dt=0.0391,  11 negative triangles
930: dt=0.0391,  11 negative triangles
931: dt=0.0391,  11 negative triangles
932: dt=0.0371,  11 negative triangles
933: dt=0.0371,  11 negative triangles
934: dt=0.0371,  12 negative triangles
935: dt=0.0371,  12 negative triangles
936: dt=0.0371,  13 negative triangles
937: dt=0.0371,  13 negative triangles
938: dt=0.0371,  11 negative triangles
939: dt=0.0371,  11 negative triangles
940: dt=0.0371,  11 negative triangles
941: dt=0.0371,  11 negative triangles
942: dt=0.0353,  11 negative triangles
943: dt=0.0353,  12 negative triangles
944: dt=0.0353,  12 negative triangles
945: dt=0.0353,  12 negative triangles
946: dt=0.0353,  12 negative triangles
947: dt=0.0353,  12 negative triangles
948: dt=0.0353,  12 negative triangles
949: dt=0.0353,  11 negative triangles
950: dt=0.0353,  11 negative triangles
951: dt=0.0353,  11 negative triangles
952: dt=0.0335,  11 negative triangles
953: dt=0.0335,  10 negative triangles
954: dt=0.0335,  11 negative triangles
955: dt=0.0335,  11 negative triangles
956: dt=0.0335,  11 negative triangles
957: dt=0.0335,  11 negative triangles
958: dt=0.0335,  11 negative triangles
959: dt=0.0335,  12 negative triangles
960: dt=0.0335,  11 negative triangles
961: dt=0.0335,  12 negative triangles
962: dt=0.0319,  12 negative triangles
963: dt=0.0319,  12 negative triangles
964: dt=0.0319,  12 negative triangles
965: dt=0.0319,  12 negative triangles
966: dt=0.0319,  12 negative triangles
967: dt=0.0319,  11 negative triangles
968: dt=0.0319,  11 negative triangles
969: dt=0.0319,  11 negative triangles
970: dt=0.0319,  11 negative triangles
971: dt=0.0319,  12 negative triangles
972: dt=0.0303,  11 negative triangles
973: dt=0.0303,  12 negative triangles
974: dt=0.0303,  13 negative triangles
975: dt=0.0303,  11 negative triangles
976: dt=0.0303,  10 negative triangles
977: dt=0.0303,  13 negative triangles
978: dt=0.0303,  13 negative triangles
979: dt=0.0303,  13 negative triangles
980: dt=0.0303,  12 negative triangles
981: dt=0.0303,  13 negative triangles
982: dt=0.0287,  12 negative triangles
983: dt=0.0287,  11 negative triangles
984: dt=0.0287,  11 negative triangles
985: dt=0.0287,  11 negative triangles
986: dt=0.0287,  11 negative triangles
987: dt=0.0287,  11 negative triangles
988: dt=0.0287,  10 negative triangles
989: dt=0.0287,  11 negative triangles
990: dt=0.0287,  10 negative triangles
991: dt=0.0287,  10 negative triangles
992: dt=0.0273,  11 negative triangles
993: dt=0.0273,  11 negative triangles
994: dt=0.0273,  12 negative triangles
995: dt=0.0273,  11 negative triangles
996: dt=0.0273,  11 negative triangles
997: dt=0.0273,   9 negative triangles
998: dt=0.0273,  12 negative triangles
999: dt=0.0273,  11 negative triangles
1000: dt=0.0273,  11 negative triangles
1001: dt=0.0273,   9 negative triangles
1002: dt=0.0259,  12 negative triangles
1003: dt=0.0259,  11 negative triangles
1004: dt=0.0259,  11 negative triangles
1005: dt=0.0259,  11 negative triangles
1006: dt=0.0259,  12 negative triangles
1007: dt=0.0259,  11 negative triangles
1008: dt=0.0259,   9 negative triangles
1009: dt=0.0259,  11 negative triangles
1010: dt=0.0259,  11 negative triangles
1011: dt=0.0259,  11 negative triangles
1012: dt=0.0246,   9 negative triangles
1013: dt=0.0246,  11 negative triangles
1014: dt=0.0246,  10 negative triangles
1015: dt=0.0246,  10 negative triangles
1016: dt=0.0246,  11 negative triangles
1017: dt=0.0246,  12 negative triangles
1018: dt=0.0246,  11 negative triangles
1019: dt=0.0246,  11 negative triangles
1020: dt=0.0246,  11 negative triangles
1021: dt=0.0246,  12 negative triangles
1022: dt=0.0234,  11 negative triangles
1023: dt=0.0234,   9 negative triangles
1024: dt=0.0234,  11 negative triangles
1025: dt=0.0234,  11 negative triangles
1026: dt=0.0234,  11 negative triangles
1027: dt=0.0234,   9 negative triangles
1028: dt=0.0234,  11 negative triangles
1029: dt=0.0234,  10 negative triangles
1030: dt=0.0234,  10 negative triangles
1031: dt=0.0234,  11 negative triangles
1032: dt=0.0222,  12 negative triangles
1033: dt=0.0222,  11 negative triangles
1034: dt=0.0222,  11 negative triangles
1035: dt=0.0222,  11 negative triangles
1036: dt=0.0222,  11 negative triangles
1037: dt=0.0222,  11 negative triangles
1038: dt=0.0222,   9 negative triangles
1039: dt=0.0222,  11 negative triangles
1040: dt=0.0222,  11 negative triangles
1041: dt=0.0222,  11 negative triangles
1042: dt=0.0211,   9 negative triangles
1043: dt=0.0211,  12 negative triangles
1044: dt=0.0211,  11 negative triangles
1045: dt=0.0211,  11 negative triangles
1046: dt=0.0211,  11 negative triangles
1047: dt=0.0211,  12 negative triangles
1048: dt=0.0211,  11 negative triangles
1049: dt=0.0211,   9 negative triangles
1050: dt=0.0211,  11 negative triangles
1051: dt=0.0211,  11 negative triangles
1052: dt=0.0201,  11 negative triangles
1053: dt=0.0201,   9 negative triangles
1054: dt=0.0201,  11 negative triangles
1055: dt=0.0201,  11 negative triangles
1056: dt=0.0201,  11 negative triangles
1057: dt=0.0201,  11 negative triangles
1058: dt=0.0201,  12 negative triangles
1059: dt=0.0201,  11 negative triangles
1060: dt=0.0201,  11 negative triangles
1061: dt=0.0201,  11 negative triangles
1062: dt=0.0191,  12 negative triangles
1063: dt=0.0191,  11 negative triangles
1064: dt=0.0191,  11 negative triangles
1065: dt=0.0191,  11 negative triangles
1066: dt=0.0191,  11 negative triangles
1067: dt=0.0191,  12 negative triangles
1068: dt=0.0191,  12 negative triangles
1069: dt=0.0191,  12 negative triangles
1070: dt=0.0191,  12 negative triangles
1071: dt=0.0191,  13 negative triangles
1072: dt=0.0181,  13 negative triangles
1073: dt=0.0181,  12 negative triangles
1074: dt=0.0181,  13 negative triangles
1075: dt=0.0181,  13 negative triangles
1076: dt=0.0181,  12 negative triangles
1077: dt=0.0181,  11 negative triangles
1078: dt=0.0181,  11 negative triangles
1079: dt=0.0181,  11 negative triangles
1080: dt=0.0181,  11 negative triangles
1081: dt=0.0181,  11 negative triangles
1082: dt=0.0172,  11 negative triangles
1083: dt=0.0172,  11 negative triangles
1084: dt=0.0172,  11 negative triangles
1085: dt=0.0172,  11 negative triangles
1086: dt=0.0172,  11 negative triangles
1087: dt=0.0172,  11 negative triangles
1088: dt=0.0172,  11 negative triangles
1089: dt=0.0172,  11 negative triangles
1090: dt=0.0172,  12 negative triangles
1091: dt=0.0172,  12 negative triangles
1092: dt=0.0164,  13 negative triangles
1093: dt=0.0164,  13 negative triangles
1094: dt=0.0164,  13 negative triangles
1095: dt=0.0164,  12 negative triangles
1096: dt=0.0164,  12 negative triangles
1097: dt=0.0164,  12 negative triangles
1098: dt=0.0164,  12 negative triangles
1099: dt=0.0164,  12 negative triangles
1100: dt=0.0164,  12 negative triangles
1101: dt=0.0164,  12 negative triangles
1102: dt=0.0155,  12 negative triangles
1103: dt=0.0155,  12 negative triangles
1104: dt=0.0155,  12 negative triangles
1105: dt=0.0155,  12 negative triangles
1106: dt=0.0155,  13 negative triangles
1107: dt=0.0155,  13 negative triangles
1108: dt=0.0155,  13 negative triangles
1109: dt=0.0155,  13 negative triangles
1110: dt=0.0155,  13 negative triangles
1111: dt=0.0155,  13 negative triangles
1112: dt=0.0148,  12 negative triangles
1113: dt=0.0148,  12 negative triangles
1114: dt=0.0148,  12 negative triangles
1115: dt=0.0148,  12 negative triangles
1116: dt=0.0148,  12 negative triangles
1117: dt=0.0148,  12 negative triangles
1118: dt=0.0148,  12 negative triangles
1119: dt=0.0148,  12 negative triangles
writing registered surface to ../surf/rh.sphere.reg...
1120: dt=0.0148,  12 negative triangles
1121: 12 negative triangles
registration took 0.09 hours
#VMPC# mris_register VmPeak  1618484
FSRUNTIME@ mris_register  0.0886 hours 16 threads

 ln -sf rh.sphere.reg rh.fsaverage.sphere.reg 

#--------------------------------------------
#@# Jacobian white rh Mon Mar  9 13:54:49 CET 2026
/out/sourcedata/freesurfer/sub-v1s21x0050424_ses-1/scripts

 mris_jacobian ../surf/rh.white.preaparc ../surf/rh.sphere.reg ../surf/rh.jacobian_white 

reading surface from ../surf/rh.white.preaparc...
writing curvature file ../surf/rh.jacobian_white
#--------------------------------------------
#@# AvgCurv rh Mon Mar  9 13:54:49 CET 2026
/out/sourcedata/freesurfer/sub-v1s21x0050424_ses-1/scripts

 mrisp_paint -a 5 /opt/freesurfer/average/rh.folding.atlas.acfb40.noaparc.i12.2016-08-02.tif#6 ../surf/rh.sphere.reg ../surf/rh.avg_curv 

averaging curvature patterns 5 times...
reading surface from ../surf/rh.sphere.reg...
reading template parameterization from /opt/freesurfer/average/rh.folding.atlas.acfb40.noaparc.i12.2016-08-02.tif...
writing curvature file to ../surf/rh.avg_curv...
#-----------------------------------------
#@# Cortical Parc rh Mon Mar  9 13:54:50 CET 2026
/out/sourcedata/freesurfer/sub-v1s21x0050424_ses-1/scripts

 mris_ca_label -l ../label/rh.cortex.label -aseg ../mri/aseg.presurf.mgz -seed 1234 sub-v1s21x0050424_ses-1 rh ../surf/rh.sphere.reg /opt/freesurfer/average/rh.DKaparc.atlas.acfb40.noaparc.i12.2016-08-02.gcs ../label/rh.aparc.annot 

setting seed for random number generator to 1234
using ../mri/aseg.presurf.mgz aseg volume to correct midline
7.3.2
  7.3.2
reading atlas from /opt/freesurfer/average/rh.DKaparc.atlas.acfb40.noaparc.i12.2016-08-02.gcs...
reading color table from GCSA file....
average std = 0.7   using min determinant for regularization = 0.004
0 singular and 309 ill-conditioned covariance matrices regularized
input 0: MEAN CURVATURE, flags 0, avgs 5, name mean_curvature
labeling surface...
1367 labels changed using aseg
relabeling using gibbs priors...
000:   2920 changed, 149844 examined...
001:    642 changed, 12620 examined...
002:    162 changed, 3682 examined...
003:     62 changed, 997 examined...
004:     18 changed, 363 examined...
005:      7 changed, 105 examined...
006:      2 changed, 45 examined...
007:      0 changed, 14 examined...
154 labels changed using aseg
000: 94 total segments, 57 labels (175 vertices) changed
001: 44 total segments, 7 labels (14 vertices) changed
002: 38 total segments, 1 labels (1 vertices) changed
003: 37 total segments, 0 labels (0 vertices) changed
10 filter iterations complete (10 requested, 5 changed)
rationalizing unknown annotations with cortex label
relabeling unknown label...
relabeling corpuscallosum label...
1564 vertices marked for relabeling...
1564 labels changed in reclassification.
writing output to ../label/rh.aparc.annot...
classification took 0 minutes and 9 seconds.
#--------------------------------------------
#@# WhiteSurfs rh Mon Mar  9 13:54:59 CET 2026
cd /out/sourcedata/freesurfer/sub-v1s21x0050424_ses-1/mri
mris_place_surface --adgws-in ../surf/autodet.gw.stats.rh.dat --seg aseg.presurf.mgz --threads 16 --wm wm.mgz --invol brain.finalsurfs.mgz --rh --i ../surf/rh.white.preaparc --o ../surf/rh.white --white --nsmooth 0 --rip-label ../label/rh.cortex.label --rip-bg --rip-surf ../surf/rh.white.preaparc --aparc ../label/rh.aparc.annot
7.3.2
7.3.2

cd /out/sourcedata/freesurfer/sub-v1s21x0050424_ses-1/mri
setenv SUBJECTS_DIR /out/sourcedata/freesurfer
mris_place_surface --adgws-in ../surf/autodet.gw.stats.rh.dat --seg aseg.presurf.mgz --threads 16 --wm wm.mgz --invol brain.finalsurfs.mgz --rh --i ../surf/rh.white.preaparc --o ../surf/rh.white --white --nsmooth 0 --rip-label ../label/rh.cortex.label --rip-bg --rip-surf ../surf/rh.white.preaparc --aparc ../label/rh.aparc.annot 

Reading in input surface ../surf/rh.white.preaparc
Not smoothing input surface
Area    299684  0.34027  0.11798 0.000955   3.0059
Corner  899052 60.00000 13.57359 0.188696 179.4353
Edge    449526  0.89709  0.19526 0.037197   3.8300
Hinge   449526 10.27414 11.41853 0.000007 179.9504
Reading in aparc ../label/rh.aparc.annot
Reading in input volume brain.finalsurfs.mgz
Reading in wm volume wm.mgz
MRIclipBrightWM(): nthresh=22899, wmmin=5, clip=110 
MRIfindBrightNonWM(): 2688 bright non-wm voxels segmented.
Masking bright non-wm for white surface
MRImask(): AllowDiffGeom = 1
MRImask(): AllowDiffGeom = 1
Reading in seg volume aseg.presurf.mgz
Ripping frozen voxels
Ripping vertices not in label ../label/rh.cortex.label
MRISripNotLabel() ripped 8306/149844 vertices (141538 unripped)
Reading in ripping surface ../surf/rh.white.preaparc
Reading in aparc ../label/rh.aparc.annot for ripsurf
Ripping BG
MRISripBasalGanglia(): 1 -2 2 0.5 ripped 523
Ripping segs (eg, WMSA, BG, frozen)
Starting MRISripSegs() d = (-2 2 0.5) segnos: 247 
MRISripSegs(): -2 2 0.5 ripped 0
vertex 74922: xyz = (52.3156,-3.71006,10.1549) oxyz = (52.3156,-3.71006,10.1549) wxzy = (52.3156,-3.71006,10.1549) pxyz = (0,0,0) 
CBVO Creating mask 149844
n_averages 4
Iteration 0 =========================================
n_averages=4, current_sigma=2
Computing target border values 
Entering MRIScomputeBorderValues_new(): 
  inside_hi   = 120.0000000;
  border_hi   = 108.6078800;
  border_low  =  72.0000000;
  outside_low =  61.5707660;
  outside_hi  = 108.6078800;
  sigma = 2;
  max_thickness = 10;
  step_size=0.5;
  STEP_SIZE=0.1;
  which = 1
  thresh = 0
  flags = 0
  CBVfindFirstPeakD1=0
  CBVfindFirstPeakD2=0
  nvertices=149844
  Gdiag_no=-1
  vno start=0, stop=149844
Replacing 255s with 0s
#SI# sigma=2 had to be increased for 108 vertices, nripped=8829
mean border=82.5, 132 (132) missing vertices, mean dist 0.3 [0.8 (%19.0)->0.6 (%81.0))]
%64 local maxima, %30 large gradients and % 0 min vals, 0 gradients ignored
nFirstPeakD1 0
MRIScomputeBorderValues_new() finished in 0.0121 min


Finding expansion regions
mean absolute distance = 0.62 +- 0.93
3303 vertices more than 2 sigmas from mean.
Averaging target values for 5 iterations...
Positioning Surface: tspring = 0.3, nspring = 0.3, spring = 0, niters = 100 l_repulse = 5, l_surf_repulse = 0, checktol = 0
Positioning pial surface
Entering MRISpositionSurface()
  max_mm = 0.3
  MAX_REDUCTIONS = 2, REDUCTION_PCT = 0.5
  parms->check_tol = 0, niterations = 100
tol=1.0e-04, sigma=2.0, host=dna00, nav=4, nbrs=2, l_repulse=5.000, l_tspring=0.300, l_nspring=0.300, l_intensity=0.200, l_curv=1.000
mom=0.00, dt=0.50
complete_dist_mat 0
rms 0
smooth_averages 0
remove_neg 0
ico_order 0
which_surface 0
target_radius 0.000000
nfields 0
scale 0.000000
desired_rms_height 0.000000
momentum 0.000000
nbhd_size 0
max_nbrs 0
niterations 100
nsurfaces 0
SURFACES 3
flags 0 (0)
use curv 0
no sulc 0
no rigid align 0
mris->nsize 2
mris->hemisphere 1
randomSeed 0

000: dt: 0.0000, sse=1467326.9, rms=6.661
001: dt: 0.5000, sse=712339.1, rms=4.209 (36.820%)
002: dt: 0.5000, sse=475011.4, rms=3.047 (27.604%)
003: dt: 0.5000, sse=422957.0, rms=2.721 (10.684%)
004: dt: 0.5000, sse=379672.5, rms=2.421 (11.040%)
rms = 2.4925/2.4210, sse=390415.5/379672.5, time step reduction 1 of 3 to 0.250  0 1 1
   RMS increased, rejecting step
005: dt: 0.2500, sse=306847.1, rms=1.794 (25.897%)
006: dt: 0.2500, sse=279395.0, rms=1.486 (17.178%)
007: dt: 0.2500, sse=273567.9, rms=1.408 (5.219%)
008: dt: 0.2500, sse=269255.4, rms=1.342 (4.725%)
rms = 1.3126/1.3417, sse=267376.8/269255.4, time step reduction 2 of 3 to 0.125  0 0 1
009: dt: 0.2500, sse=267376.8, rms=1.313 (2.173%)
010: dt: 0.1250, sse=261475.2, rms=1.224 (6.714%)
rms = 1.1979/1.2245, sse=259973.5/261475.2, time step reduction 3 of 3 to 0.062  0 0 1
011: dt: 0.1250, sse=259973.5, rms=1.198 (2.172%)
  maximum number of reductions reached, breaking from loop
positioning took 1.0 minutes
Iteration 1 =========================================
n_averages=2, current_sigma=1
Computing target border values 
Entering MRIScomputeBorderValues_new(): 
  inside_hi   = 120.0000000;
  border_hi   = 108.6078800;
  border_low  =  72.0000000;
  outside_low =  61.5707660;
  outside_hi  = 108.6078800;
  sigma = 1;
  max_thickness = 10;
  step_size=0.5;
  STEP_SIZE=0.1;
  which = 1
  thresh = 0
  flags = 0
  CBVfindFirstPeakD1=0
  CBVfindFirstPeakD2=0
  nvertices=149844
  Gdiag_no=-1
  vno start=0, stop=149844
Replacing 255s with 0s
#SI# sigma=1 had to be increased for 116 vertices, nripped=8829
mean border=84.8, 100 (26) missing vertices, mean dist -0.2 [0.5 (%66.4)->0.2 (%33.6))]
%72 local maxima, %22 large gradients and % 0 min vals, 0 gradients ignored
nFirstPeakD1 0
MRIScomputeBorderValues_new() finished in 0.0094 min


Finding expansion regions
mean absolute distance = 0.40 +- 0.73
3954 vertices more than 2 sigmas from mean.
Averaging target values for 5 iterations...
Positioning Surface: tspring = 0.3, nspring = 0.3, spring = 0, niters = 100 l_repulse = 5, l_surf_repulse = 0, checktol = 0
Positioning pial surface
Entering MRISpositionSurface()
  max_mm = 0.3
  MAX_REDUCTIONS = 2, REDUCTION_PCT = 0.5
  parms->check_tol = 0, niterations = 100
tol=1.0e-04, sigma=1.0, host=dna00, nav=2, nbrs=2, l_repulse=5.000, l_tspring=0.300, l_nspring=0.300, l_intensity=0.200, l_curv=1.000
mom=0.00, dt=0.50
000: dt: 0.0000, sse=627957.6, rms=3.731
012: dt: 0.5000, sse=414213.1, rms=2.491 (33.226%)
013: dt: 0.5000, sse=373986.7, rms=2.205 (11.488%)
rms = 2.2253/2.2053, sse=380274.4/373986.7, time step reduction 1 of 3 to 0.250  0 1 1
   RMS increased, rejecting step
014: dt: 0.2500, sse=313143.2, rms=1.643 (25.485%)
015: dt: 0.2500, sse=287902.1, rms=1.318 (19.787%)
016: dt: 0.2500, sse=283944.8, rms=1.242 (5.777%)
017: dt: 0.2500, sse=279307.6, rms=1.151 (7.353%)
rms = 1.1362/1.1506, sse=275439.1/279307.6, time step reduction 2 of 3 to 0.125  0 0 1
018: dt: 0.2500, sse=275439.1, rms=1.136 (1.259%)
019: dt: 0.1250, sse=268633.5, rms=1.024 (9.902%)
rms = 0.9962/1.0237, sse=267064.4/268633.5, time step reduction 3 of 3 to 0.062  0 0 1
020: dt: 0.1250, sse=267064.4, rms=0.996 (2.679%)
  maximum number of reductions reached, breaking from loop
positioning took 0.8 minutes
Iteration 2 =========================================
n_averages=1, current_sigma=0.5
Computing target border values 
Entering MRIScomputeBorderValues_new(): 
  inside_hi   = 120.0000000;
  border_hi   = 108.6078800;
  border_low  =  72.0000000;
  outside_low =  61.5707660;
  outside_hi  = 108.6078800;
  sigma = 0.5;
  max_thickness = 10;
  step_size=0.5;
  STEP_SIZE=0.1;
  which = 1
  thresh = 0
  flags = 0
  CBVfindFirstPeakD1=0
  CBVfindFirstPeakD2=0
  nvertices=149844
  Gdiag_no=-1
  vno start=0, stop=149844
Replacing 255s with 0s
#SI# sigma=0.5 had to be increased for 195 vertices, nripped=8829
mean border=86.5, 122 (19) missing vertices, mean dist -0.2 [0.4 (%65.4)->0.2 (%34.6))]
%80 local maxima, %14 large gradients and % 0 min vals, 0 gradients ignored
nFirstPeakD1 0
MRIScomputeBorderValues_new() finished in 0.0057 min


Finding expansion regions
mean absolute distance = 0.32 +- 0.54
4205 vertices more than 2 sigmas from mean.
Averaging target values for 5 iterations...
Positioning Surface: tspring = 0.3, nspring = 0.3, spring = 0, niters = 100 l_repulse = 5, l_surf_repulse = 0, checktol = 0
Positioning pial surface
Entering MRISpositionSurface()
  max_mm = 0.3
  MAX_REDUCTIONS = 2, REDUCTION_PCT = 0.5
  parms->check_tol = 0, niterations = 100
tol=1.0e-04, sigma=0.5, host=dna00, nav=1, nbrs=2, l_repulse=5.000, l_tspring=0.300, l_nspring=0.300, l_intensity=0.200, l_curv=1.000
mom=0.00, dt=0.50
000: dt: 0.0000, sse=441959.6, rms=2.730
021: dt: 0.5000, sse=357975.8, rms=2.071 (24.133%)
022: dt: 0.5000, sse=350954.9, rms=1.967 (5.019%)
rms = 2.1354/1.9671, sse=370951.4/350954.9, time step reduction 1 of 3 to 0.250  0 1 1
   RMS increased, rejecting step
023: dt: 0.2500, sse=291578.5, rms=1.349 (31.407%)
024: dt: 0.2500, sse=275858.4, rms=1.092 (19.099%)
rms = 1.1133/1.0916, sse=278082.8/275858.4, time step reduction 2 of 3 to 0.125  0 1 1
   RMS increased, rejecting step
025: dt: 0.1250, sse=272516.7, rms=1.033 (5.398%)
026: dt: 0.1250, sse=269774.7, rms=0.950 (8.046%)
rms = 0.9303/0.9496, sse=263697.8/269774.7, time step reduction 3 of 3 to 0.062  0 0 1
027: dt: 0.1250, sse=263697.8, rms=0.930 (2.026%)
  maximum number of reductions reached, breaking from loop
positioning took 0.6 minutes
Iteration 3 =========================================
n_averages=0, current_sigma=0.25
Computing target border values 
Entering MRIScomputeBorderValues_new(): 
  inside_hi   = 120.0000000;
  border_hi   = 108.6078800;
  border_low  =  72.0000000;
  outside_low =  61.5707660;
  outside_hi  = 108.6078800;
  sigma = 0.25;
  max_thickness = 10;
  step_size=0.5;
  STEP_SIZE=0.1;
  which = 1
  thresh = 0
  flags = 0
  CBVfindFirstPeakD1=0
  CBVfindFirstPeakD2=0
  nvertices=149844
  Gdiag_no=-1
  vno start=0, stop=149844
Replacing 255s with 0s
#SI# sigma=0.25 had to be increased for 196 vertices, nripped=8829
mean border=87.2, 176 (14) missing vertices, mean dist -0.1 [0.3 (%55.5)->0.2 (%44.5))]
%84 local maxima, %10 large gradients and % 0 min vals, 0 gradients ignored
nFirstPeakD1 0
MRIScomputeBorderValues_new() finished in 0.0038 min


Finding expansion regions
mean absolute distance = 0.28 +- 0.44
3409 vertices more than 2 sigmas from mean.
Averaging target values for 5 iterations...
Positioning Surface: tspring = 0.3, nspring = 0.3, spring = 0, niters = 100 l_repulse = 5, l_surf_repulse = 0, checktol = 0
Positioning pial surface
Entering MRISpositionSurface()
  max_mm = 0.3
  MAX_REDUCTIONS = 2, REDUCTION_PCT = 0.5
  parms->check_tol = 0, niterations = 100
tol=1.0e-04, sigma=0.2, host=dna00, nav=0, nbrs=2, l_repulse=5.000, l_tspring=0.300, l_nspring=0.300, l_intensity=0.200, l_curv=1.000
mom=0.00, dt=0.50
000: dt: 0.0000, sse=297900.6, rms=1.495
rms = 1.4614/1.4951, sse=298279.0/297900.6, time step reduction 1 of 3 to 0.250  0 1 1
028: dt: 0.5000, sse=298279.0, rms=1.461 (2.256%)
029: dt: 0.2500, sse=258143.0, rms=0.977 (33.172%)
rms = 0.9627/0.9766, sse=256787.7/258143.1, time step reduction 2 of 3 to 0.125  0 0 1
030: dt: 0.2500, sse=256787.7, rms=0.963 (1.431%)
031: dt: 0.1250, sse=248146.6, rms=0.775 (19.446%)
rms = 0.7502/0.7755, sse=246869.7/248146.6, time step reduction 3 of 3 to 0.062  0 0 1
032: dt: 0.1250, sse=246869.7, rms=0.750 (3.252%)
  maximum number of reductions reached, breaking from loop
positioning took 0.4 minutes


Writing output to ../surf/rh.white
#ET# mris_place_surface  2.85 minutes
#VMPC# mris_place_surfaces VmPeak  3281540
mris_place_surface done
#--------------------------------------------
#@# T1PialSurf rh Mon Mar  9 13:57:56 CET 2026
cd /out/sourcedata/freesurfer/sub-v1s21x0050424_ses-1/mri
mris_place_surface --adgws-in ../surf/autodet.gw.stats.rh.dat --seg aseg.presurf.mgz --threads 16 --wm wm.mgz --invol brain.finalsurfs.mgz --rh --i ../surf/rh.white --o ../surf/rh.pial.T1 --pial --nsmooth 0 --rip-label ../label/rh.cortex+hipamyg.label --pin-medial-wall ../label/rh.cortex.label --aparc ../label/rh.aparc.annot --repulse-surf ../surf/rh.white --white-surf ../surf/rh.white
7.3.2
7.3.2

cd /out/sourcedata/freesurfer/sub-v1s21x0050424_ses-1/mri
setenv SUBJECTS_DIR /out/sourcedata/freesurfer
mris_place_surface --adgws-in ../surf/autodet.gw.stats.rh.dat --seg aseg.presurf.mgz --threads 16 --wm wm.mgz --invol brain.finalsurfs.mgz --rh --i ../surf/rh.white --o ../surf/rh.pial.T1 --pial --nsmooth 0 --rip-label ../label/rh.cortex+hipamyg.label --pin-medial-wall ../label/rh.cortex.label --aparc ../label/rh.aparc.annot --repulse-surf ../surf/rh.white --white-surf ../surf/rh.white 

Reading in input surface ../surf/rh.white
Not smoothing input surface
Area    299684  0.34312  0.13230 0.001403   3.0059
Corner  899052 60.00000 15.06390 0.209082 178.1662
Edge    449526  0.90254  0.21495 0.022108   3.8300
Hinge   449526 10.44667 11.89133 0.000041 179.9716
Reading white surface coordinates from ../surf/rh.white
Reading repulsion surface coordinates from ../surf/rh.white
Reading in aparc ../label/rh.aparc.annot
Reading in input volume brain.finalsurfs.mgz
Reading in wm volume wm.mgz
MRIclipBrightWM(): nthresh=22899, wmmin=5, clip=110 
MRIfindBrightNonWM(): 2688 bright non-wm voxels segmented.
Masking bright non-wm for pial surface mid_gray = 67.0522
MRImask(): AllowDiffGeom = 1
MRImask(): AllowDiffGeom = 1
MRImask(): AllowDiffGeom = 1
Reading in seg volume aseg.presurf.mgz
Ripping frozen voxels
Ripping vertices not in label ../label/rh.cortex+hipamyg.label
MRISripNotLabel() ripped 6126/149844 vertices (143718 unripped)
INFO: rip surface needed but not specified, so using input surface
Ripping segs (eg, WMSA, BG, frozen)
Starting MRISripSegs() d = (-2 2 0.5) segnos: 247 
MRISripSegs(): -2 2 0.5 ripped 0
vertex 74922: xyz = (52.3183,-3.71851,10.1478) oxyz = (52.3183,-3.71851,10.1478) wxzy = (52.3183,-3.71851,10.1478) pxyz = (52.3183,-3.71851,10.1478) 
CBVO Creating mask 149844
n_averages 16
Iteration 0 =========================================
n_averages=16, current_sigma=2
Computing target border values 
Entering MRIScomputeBorderValues_new(): 
  inside_hi   =  93.3921200;
  border_hi   =  61.5707660;
  border_low  =  40.7122990;
  outside_low =  10.0000000;
  outside_hi  =  56.3561480;
  sigma = 2;
  max_thickness = 10;
  step_size=0.5;
  STEP_SIZE=0.1;
  which = 2
  thresh = 0
  flags = 0
  CBVfindFirstPeakD1=0
  CBVfindFirstPeakD2=0
  nvertices=149844
  Gdiag_no=-1
  vno start=0, stop=149844
Replacing 255s with 0s
#SI# sigma=2 had to be increased for 141 vertices, nripped=6126
mean border=59.9, 180 (180) missing vertices, mean dist 1.6 [0.3 (%0.0)->2.9 (%100.0))]
%13 local maxima, %39 large gradients and %44 min vals, 0 gradients ignored
nFirstPeakD1 0
MRIScomputeBorderValues_new() finished in 0.0128 min


Averaging target values for 5 iterations...
Positioning Surface: tspring = 0.3, nspring = 0.3, spring = 0, niters = 100 l_repulse = 0, l_surf_repulse = 5, checktol = 0
Positioning pial surface
Entering MRISpositionSurface()
  max_mm = 0.3
  MAX_REDUCTIONS = 2, REDUCTION_PCT = 0.5
  parms->check_tol = 0, niterations = 100
tol=1.0e-04, sigma=2.0, host=dna00, nav=16, nbrs=2, l_surf_repulse=5.000, l_tspring=0.300, l_nspring=0.300, l_intensity=0.200, l_curv=1.000
mom=0.00, dt=0.50
complete_dist_mat 0
rms 0
smooth_averages 0
remove_neg 0
ico_order 0
which_surface 0
target_radius 0.000000
nfields 0
scale 0.000000
desired_rms_height 0.000000
momentum 0.000000
nbhd_size 0
max_nbrs 0
niterations 100
nsurfaces 0
SURFACES 3
flags 0 (0)
use curv 0
no sulc 0
no rigid align 0
mris->nsize 2
mris->hemisphere 1
randomSeed 0

000: dt: 0.0000, sse=22890478.0, rms=28.102
001: dt: 0.5000, sse=16439282.0, rms=23.769 (15.418%)
002: dt: 0.5000, sse=11738813.0, rms=20.030 (15.734%)
003: dt: 0.5000, sse=8547417.0, rms=17.027 (14.991%)
004: dt: 0.5000, sse=6468741.0, rms=14.744 (13.407%)
005: dt: 0.5000, sse=5054143.5, rms=12.961 (12.092%)
006: dt: 0.5000, sse=4006124.0, rms=11.462 (11.571%)
007: dt: 0.5000, sse=3175794.2, rms=10.115 (11.746%)
008: dt: 0.5000, sse=2514724.5, rms=8.898 (12.038%)
009: dt: 0.5000, sse=1981784.8, rms=7.777 (12.590%)
010: dt: 0.5000, sse=1585452.6, rms=6.825 (12.251%)
011: dt: 0.5000, sse=1301346.4, rms=6.048 (11.373%)
012: dt: 0.5000, sse=1124397.5, rms=5.508 (8.935%)
013: dt: 0.5000, sse=1001100.5, rms=5.096 (7.476%)
014: dt: 0.5000, sse=929464.5, rms=4.839 (5.052%)
015: dt: 0.5000, sse=876221.5, rms=4.637 (4.169%)
016: dt: 0.5000, sse=848433.8, rms=4.526 (2.404%)
017: dt: 0.5000, sse=820456.8, rms=4.411 (2.531%)
018: dt: 0.5000, sse=807779.2, rms=4.356 (1.259%)
019: dt: 0.5000, sse=793729.6, rms=4.294 (1.415%)
rms = 4.2806/4.2939, sse=791530.2/793729.5, time step reduction 1 of 3 to 0.250  0 0 1
020: dt: 0.5000, sse=791530.2, rms=4.281 (0.309%)
021: dt: 0.2500, sse=656355.6, rms=3.667 (14.326%)
022: dt: 0.2500, sse=628526.4, rms=3.529 (3.770%)
rms = 3.5090/3.5291, sse=624991.5/628526.4, time step reduction 2 of 3 to 0.125  0 0 1
023: dt: 0.2500, sse=624991.5, rms=3.509 (0.570%)
024: dt: 0.1250, sse=599238.8, rms=3.374 (3.834%)
rms = 3.3341/3.3745, sse=591717.4/599238.7, time step reduction 3 of 3 to 0.062  0 0 1
025: dt: 0.1250, sse=591717.4, rms=3.334 (1.197%)
  maximum number of reductions reached, breaking from loop
positioning took 1.8 minutes
Iteration 1 =========================================
n_averages=8, current_sigma=1
Computing target border values 
Entering MRIScomputeBorderValues_new(): 
  inside_hi   =  93.3921200;
  border_hi   =  61.5707660;
  border_low  =  40.7122990;
  outside_low =  10.0000000;
  outside_hi  =  56.3561480;
  sigma = 1;
  max_thickness = 10;
  step_size=0.5;
  STEP_SIZE=0.1;
  which = 2
  thresh = 0
  flags = 0
  CBVfindFirstPeakD1=0
  CBVfindFirstPeakD2=0
  nvertices=149844
  Gdiag_no=-1
  vno start=0, stop=149844
Replacing 255s with 0s
#SI# sigma=1 had to be increased for 12469 vertices, nripped=6126
mean border=58.6, 2503 (27) missing vertices, mean dist 0.2 [0.2 (%47.0)->0.6 (%53.0))]
%21 local maxima, %34 large gradients and %39 min vals, 0 gradients ignored
nFirstPeakD1 0
MRIScomputeBorderValues_new() finished in 0.0038 min


Averaging target values for 5 iterations...
Positioning Surface: tspring = 0.3, nspring = 0.3, spring = 0, niters = 100 l_repulse = 0, l_surf_repulse = 5, checktol = 0
Positioning pial surface
Entering MRISpositionSurface()
  max_mm = 0.3
  MAX_REDUCTIONS = 2, REDUCTION_PCT = 0.5
  parms->check_tol = 0, niterations = 100
tol=1.0e-04, sigma=1.0, host=dna00, nav=8, nbrs=2, l_surf_repulse=5.000, l_tspring=0.300, l_nspring=0.300, l_intensity=0.200, l_curv=1.000
mom=0.00, dt=0.50
000: dt: 0.0000, sse=819526.3, rms=4.142
rms = 4.2062/4.1422, sse=834795.4/819526.3, time step reduction 1 of 3 to 0.250  0 1 1
   RMS increased, rejecting step
026: dt: 0.2500, sse=738838.3, rms=3.785 (8.622%)
027: dt: 0.2500, sse=689602.5, rms=3.549 (6.238%)
rms = 3.5087/3.5489, sse=681367.6/689602.5, time step reduction 2 of 3 to 0.125  0 0 1
028: dt: 0.2500, sse=681367.6, rms=3.509 (1.133%)
029: dt: 0.1250, sse=649660.7, rms=3.344 (4.707%)
030: dt: 0.1250, sse=638708.0, rms=3.285 (1.739%)
rms = 3.2719/3.2854, sse=636203.8/638708.0, time step reduction 3 of 3 to 0.062  0 0 1
031: dt: 0.1250, sse=636203.8, rms=3.272 (0.411%)
  maximum number of reductions reached, breaking from loop
positioning took 0.5 minutes
Iteration 2 =========================================
n_averages=4, current_sigma=0.5
Computing target border values 
Entering MRIScomputeBorderValues_new(): 
  inside_hi   =  93.3921200;
  border_hi   =  61.5707660;
  border_low  =  40.7122990;
  outside_low =  10.0000000;
  outside_hi  =  56.3561480;
  sigma = 0.5;
  max_thickness = 10;
  step_size=0.5;
  STEP_SIZE=0.1;
  which = 2
  thresh = 0
  flags = 0
  CBVfindFirstPeakD1=0
  CBVfindFirstPeakD2=0
  nvertices=149844
  Gdiag_no=-1
  vno start=0, stop=149844
Replacing 255s with 0s
#SI# sigma=0.5 had to be increased for 13999 vertices, nripped=6126
mean border=58.0, 2912 (20) missing vertices, mean dist 0.1 [0.2 (%46.7)->0.5 (%53.3))]
%29 local maxima, %26 large gradients and %39 min vals, 0 gradients ignored
nFirstPeakD1 0
MRIScomputeBorderValues_new() finished in 0.0024 min


Averaging target values for 5 iterations...
Positioning Surface: tspring = 0.3, nspring = 0.3, spring = 0, niters = 100 l_repulse = 0, l_surf_repulse = 5, checktol = 0
Positioning pial surface
Entering MRISpositionSurface()
  max_mm = 0.3
  MAX_REDUCTIONS = 2, REDUCTION_PCT = 0.5
  parms->check_tol = 0, niterations = 100
tol=1.0e-04, sigma=0.5, host=dna00, nav=4, nbrs=2, l_surf_repulse=5.000, l_tspring=0.300, l_nspring=0.300, l_intensity=0.200, l_curv=1.000
mom=0.00, dt=0.50
000: dt: 0.0000, sse=688173.2, rms=3.524
rms = 3.9571/3.5242, sse=779683.2/688173.2, time step reduction 1 of 3 to 0.250  0 1 1
   RMS increased, rejecting step
032: dt: 0.2500, sse=653426.9, rms=3.347 (5.031%)
rms = 3.3167/3.3469, sse=647136.3/653426.9, time step reduction 2 of 3 to 0.125  0 0 1
033: dt: 0.2500, sse=647136.2, rms=3.317 (0.904%)
034: dt: 0.1250, sse=635424.1, rms=3.252 (1.937%)
rms = 3.2031/3.2524, sse=626178.1/635424.1, time step reduction 3 of 3 to 0.062  0 0 1
035: dt: 0.1250, sse=626178.1, rms=3.203 (1.516%)
  maximum number of reductions reached, breaking from loop
positioning took 0.3 minutes
Iteration 3 =========================================
n_averages=2, current_sigma=0.25
Computing target border values 
Entering MRIScomputeBorderValues_new(): 
  inside_hi   =  93.3921200;
  border_hi   =  61.5707660;
  border_low  =  40.7122990;
  outside_low =  10.0000000;
  outside_hi  =  56.3561480;
  sigma = 0.25;
  max_thickness = 10;
  step_size=0.5;
  STEP_SIZE=0.1;
  which = 2
  thresh = 0
  flags = 0
  CBVfindFirstPeakD1=0
  CBVfindFirstPeakD2=0
  nvertices=149844
  Gdiag_no=-1
  vno start=0, stop=149844
Replacing 255s with 0s
#SI# sigma=0.25 had to be increased for 12265 vertices, nripped=6126
mean border=57.5, 5870 (20) missing vertices, mean dist 0.1 [0.2 (%47.6)->0.4 (%52.4))]
%33 local maxima, %21 large gradients and %38 min vals, 0 gradients ignored
nFirstPeakD1 0
MRIScomputeBorderValues_new() finished in 0.0016 min


Averaging target values for 5 iterations...
Positioning Surface: tspring = 0.3, nspring = 0.3, spring = 0, niters = 100 l_repulse = 0, l_surf_repulse = 5, checktol = 0
Positioning pial surface
Entering MRISpositionSurface()
  max_mm = 0.3
  MAX_REDUCTIONS = 2, REDUCTION_PCT = 0.5
  parms->check_tol = 0, niterations = 100
tol=1.0e-04, sigma=0.2, host=dna00, nav=2, nbrs=2, l_surf_repulse=5.000, l_tspring=0.300, l_nspring=0.300, l_intensity=0.200, l_curv=1.000
mom=0.00, dt=0.50
000: dt: 0.0000, sse=651265.7, rms=3.331
rms = 3.7213/3.3315, sse=727222.3/651265.7, time step reduction 1 of 3 to 0.250  0 1 1
   RMS increased, rejecting step
036: dt: 0.2500, sse=633850.5, rms=3.240 (2.760%)
rms = 3.2233/3.2395, sse=629664.0/633850.5, time step reduction 2 of 3 to 0.125  0 0 1
037: dt: 0.2500, sse=629664.0, rms=3.223 (0.500%)
038: dt: 0.1250, sse=619601.2, rms=3.167 (1.735%)
039: dt: 0.1250, sse=607789.2, rms=3.104 (2.016%)
rms = 3.0937/3.1035, sse=605737.3/607789.3, time step reduction 3 of 3 to 0.062  0 0 1
040: dt: 0.1250, sse=605737.3, rms=3.094 (0.318%)
  maximum number of reductions reached, breaking from loop
positioning took 0.4 minutes
Pinning medial wall to white surface
removing intersecting faces
000: 22 intersecting
001: 7 intersecting
terminating search with 0 intersecting


Writing output to ../surf/rh.pial.T1
#ET# mris_place_surface  3.11 minutes
#VMPC# mris_place_surfaces VmPeak  2481924
mris_place_surface done
#@# white curv rh Mon Mar  9 14:01:08 CET 2026
cd /out/sourcedata/freesurfer/sub-v1s21x0050424_ses-1/mri
mris_place_surface --curv-map ../surf/rh.white 2 10 ../surf/rh.curv
insurf  ../surf/rh.white, nbrs 2, curvature_avgs 10
writing curvature file ../surf/rh.curv
#@# white area rh Mon Mar  9 14:01:10 CET 2026
cd /out/sourcedata/freesurfer/sub-v1s21x0050424_ses-1/mri
mris_place_surface --area-map ../surf/rh.white ../surf/rh.area
writing curvature file ../surf/rh.area
#@# pial curv rh Mon Mar  9 14:01:11 CET 2026
cd /out/sourcedata/freesurfer/sub-v1s21x0050424_ses-1/mri
mris_place_surface --curv-map ../surf/rh.pial 2 10 ../surf/rh.curv.pial
insurf  ../surf/rh.pial, nbrs 2, curvature_avgs 10
writing curvature file ../surf/rh.curv.pial
#@# pial area rh Mon Mar  9 14:01:12 CET 2026
cd /out/sourcedata/freesurfer/sub-v1s21x0050424_ses-1/mri
mris_place_surface --area-map ../surf/rh.pial ../surf/rh.area.pial
writing curvature file ../surf/rh.area.pial
#@# thickness rh Mon Mar  9 14:01:13 CET 2026
cd /out/sourcedata/freesurfer/sub-v1s21x0050424_ses-1/mri
mris_place_surface --thickness ../surf/rh.white ../surf/rh.pial 20 5 ../surf/rh.thickness
0 of 149844 vertices processed
25000 of 149844 vertices processed
50000 of 149844 vertices processed
75000 of 149844 vertices processed
100000 of 149844 vertices processed
125000 of 149844 vertices processed
0 of 149844 vertices processed
25000 of 149844 vertices processed
50000 of 149844 vertices processed
75000 of 149844 vertices processed
100000 of 149844 vertices processed
125000 of 149844 vertices processed
thickness calculation complete, 331:1120 truncations.
63512 vertices at 0 distance
122881 vertices at 1 distance
69968 vertices at 2 distance
26106 vertices at 3 distance
9878 vertices at 4 distance
4096 vertices at 5 distance
1716 vertices at 6 distance
730 vertices at 7 distance
291 vertices at 8 distance
130 vertices at 9 distance
81 vertices at 10 distance
47 vertices at 11 distance
51 vertices at 12 distance
44 vertices at 13 distance
24 vertices at 14 distance
32 vertices at 15 distance
32 vertices at 16 distance
19 vertices at 17 distance
15 vertices at 18 distance
16 vertices at 19 distance
19 vertices at 20 distance
writing curvature file ../surf/rh.thickness
#@# area and vertex vol rh Mon Mar  9 14:01:44 CET 2026
cd /out/sourcedata/freesurfer/sub-v1s21x0050424_ses-1/mri
mris_place_surface --thickness ../surf/rh.white ../surf/rh.pial 20 5 ../surf/rh.thickness
/out/sourcedata/freesurfer/sub-v1s21x0050424_ses-1/surf
mris_calc -o rh.area.mid rh.area add rh.area.pial
Saving result to 'rh.area.mid' (type = MRI_CURV_FILE)                       [ ok ]
mris_calc -o rh.area.mid rh.area.mid div 2
Saving result to 'rh.area.mid' (type = MRI_CURV_FILE)                       [ ok ]
mris_convert --volume sub-v1s21x0050424_ses-1 rh /out/sourcedata/freesurfer/sub-v1s21x0050424_ses-1/surf/rh.volume
masking with /out/sourcedata/freesurfer/sub-v1s21x0050424_ses-1/label/rh.cortex.label
Total face volume 266752
Total vertex volume 266540 (mask=0)
#@# sub-v1s21x0050424_ses-1 rh 266540
 
vertexvol Done

#-----------------------------------------
#@# Curvature Stats rh Mon Mar  9 14:01:45 CET 2026
/out/sourcedata/freesurfer/sub-v1s21x0050424_ses-1/surf

 mris_curvature_stats -m --writeCurvatureFiles -G -o ../stats/rh.curv.stats -F smoothwm sub-v1s21x0050424_ses-1 rh curv sulc 

             Toggling save flag on curvature files                       [ ok ]
                 Outputting results using filestem   [ ../stats/rh.curv.stats ]
             Toggling save flag on curvature files                       [ ok ]
                                   Setting surface [ sub-v1s21x0050424_ses-1/rh.smoothwm ]
                                Reading surface...                       [ ok ]
                                   Setting texture                     [ curv ]
                                Reading texture...                       [ ok ]
                                   Setting texture                     [ sulc ]
                                Reading texture...Gb_filter = 0
                       [ ok ]
      Calculating Discrete Principal Curvatures...
      Determining geometric order for vno faces... [####################] [ ok ]
                      Determining KH curvatures... [####################] [ ok ]
                    Determining k1k2 curvatures... [####################] [ ok ]
                                   deltaViolations                      [ 239 ]
Gb_filter = 0

WARN:   k2 lookup   max:                          2028.340332
WARN:   k2 explicit max:                          18.595093	vertex = 0

WARN:    C lookup   max:                          4039076.000000
WARN:    C explicit max:                          1434.313477	vertex = 0

WARN:   FI lookup   max:                          4114510.250000
WARN:   FI explicit max:                          4076447.250000	vertex = 0
#-----------------------------------------
#@# Cortical Parc 2 rh Mon Mar  9 14:01:47 CET 2026
/out/sourcedata/freesurfer/sub-v1s21x0050424_ses-1/scripts

 mris_ca_label -l ../label/rh.cortex.label -aseg ../mri/aseg.presurf.mgz -seed 1234 sub-v1s21x0050424_ses-1 rh ../surf/rh.sphere.reg /opt/freesurfer/average/rh.CDaparc.atlas.acfb40.noaparc.i12.2016-08-02.gcs ../label/rh.aparc.a2009s.annot 

setting seed for random number generator to 1234
using ../mri/aseg.presurf.mgz aseg volume to correct midline
7.3.2
  7.3.2
reading atlas from /opt/freesurfer/average/rh.CDaparc.atlas.acfb40.noaparc.i12.2016-08-02.gcs...
reading color table from GCSA file....
average std = 1.4   using min determinant for regularization = 0.021
0 singular and 0 ill-conditioned covariance matrices regularized
input 0: MEAN CURVATURE, flags 0, avgs 5, name mean_curvature
labeling surface...
13 labels changed using aseg
relabeling using gibbs priors...
000:  10008 changed, 149844 examined...
001:   2293 changed, 38839 examined...
002:    669 changed, 12027 examined...
003:    275 changed, 3896 examined...
004:    128 changed, 1592 examined...
005:     75 changed, 747 examined...
006:     36 changed, 416 examined...
007:     26 changed, 211 examined...
008:     13 changed, 131 examined...
009:     10 changed, 73 examined...
010:      8 changed, 60 examined...
011:      5 changed, 44 examined...
012:      2 changed, 28 examined...
013:      2 changed, 10 examined...
014:      1 changed, 10 examined...
015:      1 changed, 7 examined...
016:      0 changed, 7 examined...
0 labels changed using aseg
000: 242 total segments, 160 labels (2787 vertices) changed
001: 95 total segments, 13 labels (45 vertices) changed
002: 82 total segments, 0 labels (0 vertices) changed
10 filter iterations complete (10 requested, 34 changed)
rationalizing unknown annotations with cortex label
relabeling Medial_wall label...
1034 vertices marked for relabeling...
1034 labels changed in reclassification.
writing output to ../label/rh.aparc.a2009s.annot...
classification took 0 minutes and 13 seconds.
#-----------------------------------------
#@# Cortical Parc 3 rh Mon Mar  9 14:02:00 CET 2026
/out/sourcedata/freesurfer/sub-v1s21x0050424_ses-1/scripts

 mris_ca_label -l ../label/rh.cortex.label -aseg ../mri/aseg.presurf.mgz -seed 1234 sub-v1s21x0050424_ses-1 rh ../surf/rh.sphere.reg /opt/freesurfer/average/rh.DKTaparc.atlas.acfb40.noaparc.i12.2016-08-02.gcs ../label/rh.aparc.DKTatlas.annot 

setting seed for random number generator to 1234
using ../mri/aseg.presurf.mgz aseg volume to correct midline
7.3.2
  7.3.2
reading atlas from /opt/freesurfer/average/rh.DKTaparc.atlas.acfb40.noaparc.i12.2016-08-02.gcs...
reading color table from GCSA file....
average std = 0.9   using min determinant for regularization = 0.009
0 singular and 325 ill-conditioned covariance matrices regularized
input 0: MEAN CURVATURE, flags 0, avgs 5, name mean_curvature
labeling surface...
1602 labels changed using aseg
relabeling using gibbs priors...
000:   2159 changed, 149844 examined...
001:    482 changed, 9965 examined...
002:    123 changed, 2770 examined...
003:     54 changed, 743 examined...
004:     21 changed, 319 examined...
005:     10 changed, 118 examined...
006:      6 changed, 66 examined...
007:      1 changed, 36 examined...
008:      0 changed, 7 examined...
96 labels changed using aseg
000: 53 total segments, 20 labels (199 vertices) changed
001: 34 total segments, 1 labels (2 vertices) changed
002: 33 total segments, 0 labels (0 vertices) changed
10 filter iterations complete (10 requested, 5 changed)
rationalizing unknown annotations with cortex label
relabeling unknown label...
relabeling corpuscallosum label...
985 vertices marked for relabeling...
985 labels changed in reclassification.
writing output to ../label/rh.aparc.DKTatlas.annot...
classification took 0 minutes and 10 seconds.
#-----------------------------------------
#@# WM/GM Contrast rh Mon Mar  9 14:02:10 CET 2026
/out/sourcedata/freesurfer/sub-v1s21x0050424_ses-1/scripts

 pctsurfcon --s sub-v1s21x0050424_ses-1 --rh-only 

Log file is /out/sourcedata/freesurfer/sub-v1s21x0050424_ses-1/scripts/pctsurfcon.log
Mon Mar  9 14:02:10 CET 2026
setenv SUBJECTS_DIR /out/sourcedata/freesurfer
cd /out/sourcedata/freesurfer/sub-v1s21x0050424_ses-1/scripts
/opt/freesurfer/bin/pctsurfcon
pctsurfcon 7.3.2
Linux dna007 5.14.0-427.37.1.el9_4.x86_64 #1 SMP PREEMPT_DYNAMIC Fri Sep 13 12:41:50 EDT 2024 x86_64 x86_64 x86_64 GNU/Linux
FREESURFER_HOME /opt/freesurfer
mri_vol2surf --mov /out/sourcedata/freesurfer/sub-v1s21x0050424_ses-1/mri/rawavg.mgz --hemi rh --noreshape --interp trilinear --projdist -1 --o /out/sourcedata/freesurfer/sub-v1s21x0050424_ses-1/surf/tmp.pctsurfcon.1711781/rh.wm.mgh --regheader sub-v1s21x0050424_ses-1 --cortex
srcvol = /out/sourcedata/freesurfer/sub-v1s21x0050424_ses-1/mri/rawavg.mgz
srcreg unspecified
srcregold = 0
srcwarp unspecified
surf = white
hemi = rh
ProjDist = -1
reshape = 0
interp = trilinear
float2int = round
GetProjMax = 0
INFO: float2int code = 0
Done loading volume
Computing registration from header.
  Using /out/sourcedata/freesurfer/sub-v1s21x0050424_ses-1/mri/orig.mgz as target reference.
-------- original matrix -----------
-1.00000   0.00000   0.00000   0.00000;
 0.00000   0.00000   1.00000   0.00000;
 0.00000  -1.00000   0.00000   0.00000;
 0.00000   0.00000   0.00000   1.00000;
-------- original matrix -----------
Loading label /out/sourcedata/freesurfer/sub-v1s21x0050424_ses-1/label/rh.cortex.label
Reading surface /out/sourcedata/freesurfer/sub-v1s21x0050424_ses-1/surf/rh.white
Done reading source surface
Mapping Source Volume onto Source Subject Surface
Projecting -1 -1 1
 1 -1 -1 -1
using old
Done mapping volume to surface
Number of source voxels hit = 75945
Masking with /out/sourcedata/freesurfer/sub-v1s21x0050424_ses-1/label/rh.cortex.label
Writing to /out/sourcedata/freesurfer/sub-v1s21x0050424_ses-1/surf/tmp.pctsurfcon.1711781/rh.wm.mgh
Dim: 149844 1 1
mri_vol2surf --mov /out/sourcedata/freesurfer/sub-v1s21x0050424_ses-1/mri/rawavg.mgz --hemi rh --noreshape --interp trilinear --o /out/sourcedata/freesurfer/sub-v1s21x0050424_ses-1/surf/tmp.pctsurfcon.1711781/rh.gm.mgh --projfrac 0.3 --regheader sub-v1s21x0050424_ses-1 --cortex
srcvol = /out/sourcedata/freesurfer/sub-v1s21x0050424_ses-1/mri/rawavg.mgz
srcreg unspecified
srcregold = 0
srcwarp unspecified
surf = white
hemi = rh
ProjFrac = 0.3
thickness = thickness
reshape = 0
interp = trilinear
float2int = round
GetProjMax = 0
INFO: float2int code = 0
Done loading volume
Computing registration from header.
  Using /out/sourcedata/freesurfer/sub-v1s21x0050424_ses-1/mri/orig.mgz as target reference.
-------- original matrix -----------
-1.00000   0.00000   0.00000   0.00000;
 0.00000   0.00000   1.00000   0.00000;
 0.00000  -1.00000   0.00000   0.00000;
 0.00000   0.00000   0.00000   1.00000;
-------- original matrix -----------
Loading label /out/sourcedata/freesurfer/sub-v1s21x0050424_ses-1/label/rh.cortex.label
Reading surface /out/sourcedata/freesurfer/sub-v1s21x0050424_ses-1/surf/rh.white
Done reading source surface
Reading thickness /out/sourcedata/freesurfer/sub-v1s21x0050424_ses-1/surf/rh.thickness
Done
Mapping Source Volume onto Source Subject Surface
Projecting 0.3 0.3 1
 1 0.3 0.3 0.3
using old
Done mapping volume to surface
Number of source voxels hit = 87957
Masking with /out/sourcedata/freesurfer/sub-v1s21x0050424_ses-1/label/rh.cortex.label
Writing to /out/sourcedata/freesurfer/sub-v1s21x0050424_ses-1/surf/tmp.pctsurfcon.1711781/rh.gm.mgh
Dim: 149844 1 1
mri_concat /out/sourcedata/freesurfer/sub-v1s21x0050424_ses-1/surf/tmp.pctsurfcon.1711781/rh.wm.mgh /out/sourcedata/freesurfer/sub-v1s21x0050424_ses-1/surf/tmp.pctsurfcon.1711781/rh.gm.mgh --paired-diff-norm --mul 100 --o /out/sourcedata/freesurfer/sub-v1s21x0050424_ses-1/surf/rh.w-g.pct.mgh
ninputs = 2
Checking inputs
nframestot = 2
Allocing output
Done allocing
Combining pairs
nframes = 1
Multiplying by 100.000000
Writing to /out/sourcedata/freesurfer/sub-v1s21x0050424_ses-1/surf/rh.w-g.pct.mgh
mri_segstats --in /out/sourcedata/freesurfer/sub-v1s21x0050424_ses-1/surf/rh.w-g.pct.mgh --annot sub-v1s21x0050424_ses-1 rh aparc --sum /out/sourcedata/freesurfer/sub-v1s21x0050424_ses-1/stats/rh.w-g.pct.stats --snr

7.3.2
cwd 
cmdline mri_segstats --in /out/sourcedata/freesurfer/sub-v1s21x0050424_ses-1/surf/rh.w-g.pct.mgh --annot sub-v1s21x0050424_ses-1 rh aparc --sum /out/sourcedata/freesurfer/sub-v1s21x0050424_ses-1/stats/rh.w-g.pct.stats --snr 
sysname  Linux
hostname dna007
machine  x86_64
user     oesteban
whitesurfname  white
UseRobust  0
Constructing seg from annotation

Reading annotation /out/sourcedata/freesurfer/sub-v1s21x0050424_ses-1/label/rh.aparc.annot
Seg base 2000
Loading /out/sourcedata/freesurfer/sub-v1s21x0050424_ses-1/surf/rh.w-g.pct.mgh
Vertex Area is 0.686228 mm^3
Generating list of segmentation ids
Found  36 segmentations
Computing statistics for each segmentation

Reporting on  35 segmentations
Using PrintSegStat
mri_segstats done
Cleaning up

Started at Mon Mar 9 13:35:30 CET 2026 
Ended   at Mon Mar 9 14:02:13 CET 2026
#@#%# recon-all-run-time-hours 0.445
recon-all -s sub-v1s21x0050424_ses-1 finished without error at Mon Mar  9 14:02:13 CET 2026



#New# invocation of recon-all 




Mon Mar  9 14:14:04 CET 2026
cd /out/sourcedata/freesurfer/sub-v1s21x0050424_ses-1
setenv SUBJECTS_DIR /out/sourcedata/freesurfer
/opt/freesurfer/bin/recon-all -autorecon-hemi rh -nohyporelabel -rh-only -openmp 16 -subjid sub-v1s21x0050424_ses-1 -sd /out/sourcedata/freesurfer -notessellate -nosmooth1 -noinflate1 -noqsphere -nofix -nowhite -nosmooth2 -noinflate2 -nocurvHK -nocurvstats -nosphere -nosurfreg -nojacobian_white -noavgcurv -nocortparc -nopial -nocortparc2 -nocortparc3 -nopctsurfcon

subjid sub-v1s21x0050424_ses-1
setenv SUBJECTS_DIR /out/sourcedata/freesurfer
FREESURFER_HOME /opt/freesurfer
Actual FREESURFER_HOME /opt/freesurfer
build-stamp.txt: freesurfer-linux-ubuntu22_x86_64-7.3.2-20220804-6354275
Linux dna007 5.14.0-427.37.1.el9_4.x86_64 #1 SMP PREEMPT_DYNAMIC Fri Sep 13 12:41:50 EDT 2024 x86_64 x86_64 x86_64 GNU/Linux
cputime      unlimited
filesize     unlimited
datasize     unlimited
stacksize    8192 kbytes
coredumpsize 0 kbytes
memoryuse    67108864 kbytes
vmemoryuse   unlimited
descriptors  1024 
memorylocked unlimited
maxproc      2061970 
maxlocks     unlimited
maxsignal    2061970 
maxmessage   819200 
maxnice      0 
maxrtprio    0 
maxrttime    unlimited

               total        used        free      shared  buff/cache   available
Mem:           503Gi        56Gi       335Gi       8.6Gi       111Gi       434Gi
Swap:             0B          0B          0B

########################################
program versions used
7.3.2 (freesurfer-linux-ubuntu22_x86_64-7.3.2-20220804-6354275)
7.3.2

ProgramName: lta_convert  ProgramArguments: lta_convert -all-info  ProgramVersion: 7.3.2  TimeStamp: 2026/03/09-13:14:04-GMT  BuildTime: Aug  4 2022 06:17:15  BuildStamp: freesurfer-linux-ubuntu22_x86_64-7.3.2-20220804-6354275  User: oesteban  Machine: dna007  Platform: Linux  PlatformVersion: 5.14.0-427.37.1.el9_4.x86_64  CompilerName: GCC  CompilerVersion: 8.4.0
ProgramName: mri_and  ProgramArguments: mri_and -all-info  ProgramVersion: 7.3.2  TimeStamp: 2026/03/09-13:14:04-GMT  BuildTime: Aug  4 2022 06:17:15  BuildStamp: freesurfer-linux-ubuntu22_x86_64-7.3.2-20220804-6354275  User: oesteban  Machine: dna007  Platform: Linux  PlatformVersion: 5.14.0-427.37.1.el9_4.x86_64  CompilerName: GCC  CompilerVersion: 8.4.0
ProgramName: mri_annotation2label  ProgramArguments: mri_annotation2label -all-info  ProgramVersion: 7.3.2  TimeStamp: 2026/03/09-13:14:04-GMT  BuildTime: Aug  4 2022 06:17:15  BuildStamp: freesurfer-linux-ubuntu22_x86_64-7.3.2-20220804-6354275  User: oesteban  Machine: dna007  Platform: Linux  PlatformVersion: 5.14.0-427.37.1.el9_4.x86_64  CompilerName: GCC  CompilerVersion: 8.4.0
ProgramName: mri_aparc2aseg  ProgramArguments: mri_aparc2aseg -all-info  ProgramVersion: 7.3.2  TimeStamp: 2026/03/09-13:14:04-GMT  BuildTime: Aug  4 2022 06:17:15  BuildStamp: freesurfer-linux-ubuntu22_x86_64-7.3.2-20220804-6354275  User: oesteban  Machine: dna007  Platform: Linux  PlatformVersion: 5.14.0-427.37.1.el9_4.x86_64  CompilerName: GCC  CompilerVersion: 8.4.0
ProgramName: mri_surf2volseg  ProgramArguments: mri_surf2volseg -all-info  ProgramVersion: 7.3.2  TimeStamp: 2026/03/09-13:14:04-GMT  BuildTime: Aug  4 2022 06:17:15  BuildStamp: freesurfer-linux-ubuntu22_x86_64-7.3.2-20220804-6354275  User: oesteban  Machine: dna007  Platform: Linux  PlatformVersion: 5.14.0-427.37.1.el9_4.x86_64  CompilerName: GCC  CompilerVersion: 8.4.0
ProgramName: mri_binarize  ProgramArguments: mri_binarize -all-info  ProgramVersion: 7.3.2  TimeStamp: 2026/03/09-13:14:04-GMT  BuildTime: Aug  4 2022 06:17:15  BuildStamp: freesurfer-linux-ubuntu22_x86_64-7.3.2-20220804-6354275  User: oesteban  Machine: dna007  Platform: Linux  PlatformVersion: 5.14.0-427.37.1.el9_4.x86_64  CompilerName: GCC  CompilerVersion: 8.4.0
ProgramName: mri_ca_label  ProgramArguments: mri_ca_label -all-info  ProgramVersion: 7.3.2  TimeStamp: 2026/03/09-13:14:04-GMT  BuildTime: Aug  4 2022 06:17:15  BuildStamp: freesurfer-linux-ubuntu22_x86_64-7.3.2-20220804-6354275  User: oesteban  Machine: dna007  Platform: Linux  PlatformVersion: 5.14.0-427.37.1.el9_4.x86_64  CompilerName: GCC  CompilerVersion: 8.4.0
ProgramName: mri_ca_normalize  ProgramArguments: mri_ca_normalize -all-info  ProgramVersion: 7.3.2  TimeStamp: 2026/03/09-13:14:04-GMT  BuildTime: Aug  4 2022 06:17:15  BuildStamp: freesurfer-linux-ubuntu22_x86_64-7.3.2-20220804-6354275  User: oesteban  Machine: dna007  Platform: Linux  PlatformVersion: 5.14.0-427.37.1.el9_4.x86_64  CompilerName: GCC  CompilerVersion: 8.4.0
ProgramName: mri_ca_register  ProgramArguments: mri_ca_register -all-info  ProgramVersion: 7.3.2  TimeStamp: 2026/03/09-13:14:04-GMT  BuildTime: Aug  4 2022 06:17:15  BuildStamp: freesurfer-linux-ubuntu22_x86_64-7.3.2-20220804-6354275  User: oesteban  Machine: dna007  Platform: Linux  PlatformVersion: 5.14.0-427.37.1.el9_4.x86_64  CompilerName: GCC  CompilerVersion: 8.4.0
ProgramName: mri_cc  ProgramArguments: mri_cc -all-info  ProgramVersion: 7.3.2  TimeStamp: 2026/03/09-13:14:04-GMT  BuildTime: Aug  4 2022 06:17:15  BuildStamp: freesurfer-linux-ubuntu22_x86_64-7.3.2-20220804-6354275  User: oesteban  Machine: dna007  Platform: Linux  PlatformVersion: 5.14.0-427.37.1.el9_4.x86_64  CompilerName: GCC  CompilerVersion: 8.4.0
ProgramName: mri_compute_overlap  ProgramArguments: mri_compute_overlap -all-info  ProgramVersion: 7.3.2  TimeStamp: 2026/03/09-13:14:04-GMT  BuildTime: Aug  4 2022 06:17:15  BuildStamp: freesurfer-linux-ubuntu22_x86_64-7.3.2-20220804-6354275  User: oesteban  Machine: dna007  Platform: Linux  PlatformVersion: 5.14.0-427.37.1.el9_4.x86_64  CompilerName: GCC  CompilerVersion: 8.4.0
ProgramName: mri_compute_seg_overlap  ProgramArguments: mri_compute_seg_overlap -all-info  ProgramVersion: 7.3.2  TimeStamp: 2026/03/09-13:14:04-GMT  BuildTime: Aug  4 2022 06:17:15  BuildStamp: freesurfer-linux-ubuntu22_x86_64-7.3.2-20220804-6354275  User: oesteban  Machine: dna007  Platform: Linux  PlatformVersion: 5.14.0-427.37.1.el9_4.x86_64  CompilerName: GCC  CompilerVersion: 8.4.0
ProgramName: mri_concat  ProgramArguments: mri_concat -all-info  ProgramVersion: 7.3.2  TimeStamp: 2026/03/09-13:14:04-GMT  BuildTime: Aug  4 2022 06:17:15  BuildStamp: freesurfer-linux-ubuntu22_x86_64-7.3.2-20220804-6354275  User: oesteban  Machine: dna007  Platform: Linux  PlatformVersion: 5.14.0-427.37.1.el9_4.x86_64  CompilerName: GCC  CompilerVersion: 8.4.0
ProgramName: mri_concatenate_lta  ProgramArguments: mri_concatenate_lta -all-info  ProgramVersion: 7.3.2  TimeStamp: 2026/03/09-13:14:04-GMT  BuildTime: Aug  4 2022 06:17:15  BuildStamp: freesurfer-linux-ubuntu22_x86_64-7.3.2-20220804-6354275  User: oesteban  Machine: dna007  Platform: Linux  PlatformVersion: 5.14.0-427.37.1.el9_4.x86_64  CompilerName: GCC  CompilerVersion: 8.4.0
mri_convert -all-info 
ProgramName: mri_convert  ProgramArguments: mri_convert -all-info  ProgramVersion: 7.3.2  TimeStamp: 2026/03/09-13:14:04-GMT  BuildTime: Aug  4 2022 06:17:15  BuildStamp: freesurfer-linux-ubuntu22_x86_64-7.3.2-20220804-6354275  User: oesteban  Machine: dna007  Platform: Linux  PlatformVersion: 5.14.0-427.37.1.el9_4.x86_64  CompilerName: GCC  CompilerVersion: 8.4.0
ProgramName: mri_diff  ProgramArguments: mri_diff -all-info  ProgramVersion: 7.3.2  TimeStamp: 2026/03/09-13:14:04-GMT  BuildTime: Aug  4 2022 06:17:15  BuildStamp: freesurfer-linux-ubuntu22_x86_64-7.3.2-20220804-6354275  User: oesteban  Machine: dna007  Platform: Linux  PlatformVersion: 5.14.0-427.37.1.el9_4.x86_64  CompilerName: GCC  CompilerVersion: 8.4.0
ProgramName: mri_edit_wm_with_aseg  ProgramArguments: mri_edit_wm_with_aseg -all-info  ProgramVersion: 7.3.2  TimeStamp: 2026/03/09-13:14:04-GMT  BuildTime: Aug  4 2022 06:17:15  BuildStamp: freesurfer-linux-ubuntu22_x86_64-7.3.2-20220804-6354275  User: oesteban  Machine: dna007  Platform: Linux  PlatformVersion: 5.14.0-427.37.1.el9_4.x86_64  CompilerName: GCC  CompilerVersion: 8.4.0
ProgramName: mri_em_register  ProgramArguments: mri_em_register -all-info  ProgramVersion: 7.3.2  TimeStamp: 2026/03/09-13:14:04-GMT  BuildTime: Aug  4 2022 06:17:15  BuildStamp: freesurfer-linux-ubuntu22_x86_64-7.3.2-20220804-6354275  User: oesteban  Machine: dna007  Platform: Linux  PlatformVersion: 5.14.0-427.37.1.el9_4.x86_64  CompilerName: GCC  CompilerVersion: 8.4.0
ProgramName: mri_fill  ProgramArguments: mri_fill -all-info  ProgramVersion: 7.3.2  TimeStamp: 2026/03/09-13:14:04-GMT  BuildTime: Aug  4 2022 06:17:15  BuildStamp: freesurfer-linux-ubuntu22_x86_64-7.3.2-20220804-6354275  User: oesteban  Machine: dna007  Platform: Linux  PlatformVersion: 5.14.0-427.37.1.el9_4.x86_64  CompilerName: GCC  CompilerVersion: 8.4.0
ProgramName: mri_fuse_segmentations  ProgramArguments: mri_fuse_segmentations -all-info  ProgramVersion: 7.3.2  TimeStamp: 2026/03/09-13:14:04-GMT  BuildTime: Aug  4 2022 06:17:15  BuildStamp: freesurfer-linux-ubuntu22_x86_64-7.3.2-20220804-6354275  User: oesteban  Machine: dna007  Platform: Linux  PlatformVersion: 5.14.0-427.37.1.el9_4.x86_64  CompilerName: GCC  CompilerVersion: 8.4.0
ProgramName: mri_fwhm  ProgramArguments: mri_fwhm -all-info  ProgramVersion: 7.3.2  TimeStamp: 2026/03/09-13:14:04-GMT  BuildTime: Aug  4 2022 06:17:15  BuildStamp: freesurfer-linux-ubuntu22_x86_64-7.3.2-20220804-6354275  User: oesteban  Machine: dna007  Platform: Linux  PlatformVersion: 5.14.0-427.37.1.el9_4.x86_64  CompilerName: GCC  CompilerVersion: 8.4.0
ProgramName: mri_gcut  ProgramArguments: mri_gcut -all-info  ProgramVersion: 7.3.2  TimeStamp: 2026/03/09-13:14:04-GMT  BuildTime: Aug  4 2022 06:17:15  BuildStamp: freesurfer-linux-ubuntu22_x86_64-7.3.2-20220804-6354275  User: oesteban  Machine: dna007  Platform: Linux  PlatformVersion: 5.14.0-427.37.1.el9_4.x86_64  CompilerName: GCC  CompilerVersion: 8.4.0
ProgramName: mri_info  ProgramArguments: mri_info -all-info  ProgramVersion: 7.3.2  TimeStamp: 2026/03/09-13:14:04-GMT  BuildTime: Aug  4 2022 06:17:15  BuildStamp: freesurfer-linux-ubuntu22_x86_64-7.3.2-20220804-6354275  User: oesteban  Machine: dna007  Platform: Linux  PlatformVersion: 5.14.0-427.37.1.el9_4.x86_64  CompilerName: GCC  CompilerVersion: 8.4.0
ProgramName: mri_label2label  ProgramArguments: mri_label2label -all-info  ProgramVersion: 7.3.2  TimeStamp: 2026/03/09-13:14:04-GMT  BuildTime: Aug  4 2022 06:17:15  BuildStamp: freesurfer-linux-ubuntu22_x86_64-7.3.2-20220804-6354275  User: oesteban  Machine: dna007  Platform: Linux  PlatformVersion: 5.14.0-427.37.1.el9_4.x86_64  CompilerName: GCC  CompilerVersion: 8.4.0
ProgramName: mri_label2vol  ProgramArguments: mri_label2vol -all-info  ProgramVersion: 7.3.2  TimeStamp: 2026/03/09-13:14:04-GMT  BuildTime: Aug  4 2022 06:17:15  BuildStamp: freesurfer-linux-ubuntu22_x86_64-7.3.2-20220804-6354275  User: oesteban  Machine: dna007  Platform: Linux  PlatformVersion: 5.14.0-427.37.1.el9_4.x86_64  CompilerName: GCC  CompilerVersion: 8.4.0
ProgramName: mri_log_likelihood  ProgramArguments: mri_log_likelihood -all-info  ProgramVersion: 7.3.2  TimeStamp: 2026/03/09-13:14:04-GMT  BuildTime: Aug  4 2022 06:17:15  BuildStamp: freesurfer-linux-ubuntu22_x86_64-7.3.2-20220804-6354275  User: oesteban  Machine: dna007  Platform: Linux  PlatformVersion: 5.14.0-427.37.1.el9_4.x86_64  CompilerName: GCC  CompilerVersion: 8.4.0
ProgramName: mri_mask  ProgramArguments: mri_mask -all-info  ProgramVersion: 7.3.2  TimeStamp: 2026/03/09-13:14:04-GMT  BuildTime: Aug  4 2022 06:17:15  BuildStamp: freesurfer-linux-ubuntu22_x86_64-7.3.2-20220804-6354275  User: oesteban  Machine: dna007  Platform: Linux  PlatformVersion: 5.14.0-427.37.1.el9_4.x86_64  CompilerName: GCC  CompilerVersion: 8.4.0
ProgramName: mri_matrix_multiply  ProgramArguments: mri_matrix_multiply -all-info  ProgramVersion: 7.3.2  TimeStamp: 2026/03/09-13:14:04-GMT  BuildTime: Aug  4 2022 06:17:15  BuildStamp: freesurfer-linux-ubuntu22_x86_64-7.3.2-20220804-6354275  User: oesteban  Machine: dna007  Platform: Linux  PlatformVersion: 5.14.0-427.37.1.el9_4.x86_64  CompilerName: GCC  CompilerVersion: 8.4.0
ProgramName: mri_normalize  ProgramArguments: mri_normalize -all-info  ProgramVersion: 7.3.2  TimeStamp: 2026/03/09-13:14:04-GMT  BuildTime: Aug  4 2022 06:17:15  BuildStamp: freesurfer-linux-ubuntu22_x86_64-7.3.2-20220804-6354275  User: oesteban  Machine: dna007  Platform: Linux  PlatformVersion: 5.14.0-427.37.1.el9_4.x86_64  CompilerName: GCC  CompilerVersion: 8.4.0
ProgramName: mri_normalize_tp2  ProgramArguments: mri_normalize_tp2 -all-info  ProgramVersion: 7.3.2  TimeStamp: 2026/03/09-13:14:04-GMT  BuildTime: Aug  4 2022 06:17:15  BuildStamp: freesurfer-linux-ubuntu22_x86_64-7.3.2-20220804-6354275  User: oesteban  Machine: dna007  Platform: Linux  PlatformVersion: 5.14.0-427.37.1.el9_4.x86_64  CompilerName: GCC  CompilerVersion: 8.4.0
ProgramName: mri_or  ProgramArguments: mri_or -all-info  ProgramVersion: 7.3.2  TimeStamp: 2026/03/09-13:14:04-GMT  BuildTime: Aug  4 2022 06:17:15  BuildStamp: freesurfer-linux-ubuntu22_x86_64-7.3.2-20220804-6354275  User: oesteban  Machine: dna007  Platform: Linux  PlatformVersion: 5.14.0-427.37.1.el9_4.x86_64  CompilerName: GCC  CompilerVersion: 8.4.0
ProgramName: mri_relabel_hypointensities  ProgramArguments: mri_relabel_hypointensities -all-info  ProgramVersion: 7.3.2  TimeStamp: 2026/03/09-13:14:04-GMT  BuildTime: Aug  4 2022 06:17:15  BuildStamp: freesurfer-linux-ubuntu22_x86_64-7.3.2-20220804-6354275  User: oesteban  Machine: dna007  Platform: Linux  PlatformVersion: 5.14.0-427.37.1.el9_4.x86_64  CompilerName: GCC  CompilerVersion: 8.4.0
ProgramName: mri_relabel_nonwm_hypos  ProgramArguments: mri_relabel_nonwm_hypos -all-info  ProgramVersion: 7.3.2  TimeStamp: 2026/03/09-13:14:04-GMT  BuildTime: Aug  4 2022 06:17:15  BuildStamp: freesurfer-linux-ubuntu22_x86_64-7.3.2-20220804-6354275  User: oesteban  Machine: dna007  Platform: Linux  PlatformVersion: 5.14.0-427.37.1.el9_4.x86_64  CompilerName: GCC  CompilerVersion: 8.4.0
ProgramName: mri_remove_neck  ProgramArguments: mri_remove_neck -all-info  ProgramVersion: 7.3.2  TimeStamp: 2026/03/09-13:14:04-GMT  BuildTime: Aug  4 2022 06:17:15  BuildStamp: freesurfer-linux-ubuntu22_x86_64-7.3.2-20220804-6354275  User: oesteban  Machine: dna007  Platform: Linux  PlatformVersion: 5.14.0-427.37.1.el9_4.x86_64  CompilerName: GCC  CompilerVersion: 8.4.0
7.3.2

ProgramName: mri_robust_register  ProgramArguments: mri_robust_register -all-info  ProgramVersion: 7.3.2  TimeStamp: 2026/03/09-13:14:04-GMT  BuildTime: Aug  4 2022 06:17:15  BuildStamp: freesurfer-linux-ubuntu22_x86_64-7.3.2-20220804-6354275  User: oesteban  Machine: dna007  Platform: Linux  PlatformVersion: 5.14.0-427.37.1.el9_4.x86_64  CompilerName: GCC  CompilerVersion: 8.4.0
7.3.2

ProgramName: mri_robust_template  ProgramArguments: mri_robust_template -all-info  ProgramVersion: 7.3.2  TimeStamp: 2026/03/09-13:14:04-GMT  BuildTime: Aug  4 2022 06:17:15  BuildStamp: freesurfer-linux-ubuntu22_x86_64-7.3.2-20220804-6354275  User: oesteban  Machine: dna007  Platform: Linux  PlatformVersion: 5.14.0-427.37.1.el9_4.x86_64  CompilerName: GCC  CompilerVersion: 8.4.0
ProgramName: mris_anatomical_stats  ProgramArguments: mris_anatomical_stats -all-info  ProgramVersion: 7.3.2  TimeStamp: 2026/03/09-13:14:04-GMT  BuildTime: Aug  4 2022 06:17:15  BuildStamp: freesurfer-linux-ubuntu22_x86_64-7.3.2-20220804-6354275  User: oesteban  Machine: dna007  Platform: Linux  PlatformVersion: 5.14.0-427.37.1.el9_4.x86_64  CompilerName: GCC  CompilerVersion: 8.4.0
ProgramName: mris_ca_label  ProgramArguments: mris_ca_label -all-info  ProgramVersion: 7.3.2  TimeStamp: 2026/03/09-13:14:04-GMT  BuildTime: Aug  4 2022 06:17:15  BuildStamp: freesurfer-linux-ubuntu22_x86_64-7.3.2-20220804-6354275  User: oesteban  Machine: dna007  Platform: Linux  PlatformVersion: 5.14.0-427.37.1.el9_4.x86_64  CompilerName: GCC  CompilerVersion: 8.4.0
ProgramName: mris_calc  ProgramArguments: mris_calc -all-info  ProgramVersion: 7.3.2  TimeStamp: 2026/03/09-13:14:04-GMT  BuildTime: Aug  4 2022 06:17:15  BuildStamp: freesurfer-linux-ubuntu22_x86_64-7.3.2-20220804-6354275  User: oesteban  Machine: dna007  Platform: Linux  PlatformVersion: 5.14.0-427.37.1.el9_4.x86_64  CompilerName: GCC  CompilerVersion: 8.4.0
ProgramName: mris_convert  ProgramArguments: mris_convert -all-info  ProgramVersion: 7.3.2  TimeStamp: 2026/03/09-13:14:04-GMT  BuildTime: Aug  4 2022 06:17:15  BuildStamp: freesurfer-linux-ubuntu22_x86_64-7.3.2-20220804-6354275  User: oesteban  Machine: dna007  Platform: Linux  PlatformVersion: 5.14.0-427.37.1.el9_4.x86_64  CompilerName: GCC  CompilerVersion: 8.4.0
ProgramName: mris_curvature  ProgramArguments: mris_curvature -all-info  ProgramVersion: 7.3.2  TimeStamp: 2026/03/09-13:14:04-GMT  BuildTime: Aug  4 2022 06:17:15  BuildStamp: freesurfer-linux-ubuntu22_x86_64-7.3.2-20220804-6354275  User: oesteban  Machine: dna007  Platform: Linux  PlatformVersion: 5.14.0-427.37.1.el9_4.x86_64  CompilerName: GCC  CompilerVersion: 8.4.0
ProgramName: mris_curvature_stats  ProgramArguments: mris_curvature_stats -all-info  ProgramVersion: 7.3.2  TimeStamp: 2026/03/09-13:14:04-GMT  BuildTime: Aug  4 2022 06:17:15  BuildStamp: freesurfer-linux-ubuntu22_x86_64-7.3.2-20220804-6354275  User: oesteban  Machine: dna007  Platform: Linux  PlatformVersion: 5.14.0-427.37.1.el9_4.x86_64  CompilerName: GCC  CompilerVersion: 8.4.0
ProgramName: mris_diff  ProgramArguments: mris_diff -all-info  ProgramVersion: 7.3.2  TimeStamp: 2026/03/09-13:14:04-GMT  BuildTime: Aug  4 2022 06:17:15  BuildStamp: freesurfer-linux-ubuntu22_x86_64-7.3.2-20220804-6354275  User: oesteban  Machine: dna007  Platform: Linux  PlatformVersion: 5.14.0-427.37.1.el9_4.x86_64  CompilerName: GCC  CompilerVersion: 8.4.0
ProgramName: mris_divide_parcellation  ProgramArguments: mris_divide_parcellation -all-info  ProgramVersion: 7.3.2  TimeStamp: 2026/03/09-13:14:04-GMT  BuildTime: Aug  4 2022 06:17:15  BuildStamp: freesurfer-linux-ubuntu22_x86_64-7.3.2-20220804-6354275  User: oesteban  Machine: dna007  Platform: Linux  PlatformVersion: 5.14.0-427.37.1.el9_4.x86_64  CompilerName: GCC  CompilerVersion: 8.4.0
ProgramName: mri_segment  ProgramArguments: mri_segment -all-info  ProgramVersion: 7.3.2  TimeStamp: 2026/03/09-13:14:04-GMT  BuildTime: Aug  4 2022 06:17:15  BuildStamp: freesurfer-linux-ubuntu22_x86_64-7.3.2-20220804-6354275  User: oesteban  Machine: dna007  Platform: Linux  PlatformVersion: 5.14.0-427.37.1.el9_4.x86_64  CompilerName: GCC  CompilerVersion: 8.4.0
ProgramName: mri_segstats  ProgramArguments: mri_segstats -all-info  ProgramVersion: 7.3.2  TimeStamp: 2026/03/09-13:14:04-GMT  BuildTime: Aug  4 2022 06:17:15  BuildStamp: freesurfer-linux-ubuntu22_x86_64-7.3.2-20220804-6354275  User: oesteban  Machine: dna007  Platform: Linux  PlatformVersion: 5.14.0-427.37.1.el9_4.x86_64  CompilerName: GCC  CompilerVersion: 8.4.0
ProgramName: mris_euler_number  ProgramArguments: mris_euler_number -all-info  ProgramVersion: 7.3.2  TimeStamp: 2026/03/09-13:14:04-GMT  BuildTime: Aug  4 2022 06:17:15  BuildStamp: freesurfer-linux-ubuntu22_x86_64-7.3.2-20220804-6354275  User: oesteban  Machine: dna007  Platform: Linux  PlatformVersion: 5.14.0-427.37.1.el9_4.x86_64  CompilerName: GCC  CompilerVersion: 8.4.0
ProgramName: mris_fix_topology  ProgramArguments: mris_fix_topology -all-info  ProgramVersion: 7.3.2  TimeStamp: 2026/03/09-13:14:04-GMT  BuildTime: Aug  4 2022 06:17:15  BuildStamp: freesurfer-linux-ubuntu22_x86_64-7.3.2-20220804-6354275  User: oesteban  Machine: dna007  Platform: Linux  PlatformVersion: 5.14.0-427.37.1.el9_4.x86_64  CompilerName: GCC  CompilerVersion: 8.4.0
ProgramName: mris_topo_fixer  ProgramArguments: mris_topo_fixer -all-info  ProgramVersion: 7.3.2  TimeStamp: 2026/03/09-13:14:04-GMT  BuildTime: Aug  4 2022 06:17:15  BuildStamp: freesurfer-linux-ubuntu22_x86_64-7.3.2-20220804-6354275  User: oesteban  Machine: dna007  Platform: Linux  PlatformVersion: 5.14.0-427.37.1.el9_4.x86_64  CompilerName: GCC  CompilerVersion: 8.4.0
ProgramName: mris_jacobian  ProgramArguments: mris_jacobian -all-info  ProgramVersion: 7.3.2  TimeStamp: 2026/03/09-13:14:04-GMT  BuildTime: Aug  4 2022 06:17:15  BuildStamp: freesurfer-linux-ubuntu22_x86_64-7.3.2-20220804-6354275  User: oesteban  Machine: dna007  Platform: Linux  PlatformVersion: 5.14.0-427.37.1.el9_4.x86_64  CompilerName: GCC  CompilerVersion: 8.4.0
ProgramName: mris_label2annot  ProgramArguments: mris_label2annot -all-info  ProgramVersion: 7.3.2  TimeStamp: 2026/03/09-13:14:04-GMT  BuildTime: Aug  4 2022 06:17:15  BuildStamp: freesurfer-linux-ubuntu22_x86_64-7.3.2-20220804-6354275  User: oesteban  Machine: dna007  Platform: Linux  PlatformVersion: 5.14.0-427.37.1.el9_4.x86_64  CompilerName: GCC  CompilerVersion: 8.4.0
ProgramName: mris_left_right_register  ProgramArguments: mris_left_right_register -all-info  ProgramVersion: 7.3.2  TimeStamp: 2026/03/09-13:14:04-GMT  BuildTime: Aug  4 2022 06:17:15  BuildStamp: freesurfer-linux-ubuntu22_x86_64-7.3.2-20220804-6354275  User: oesteban  Machine: dna007  Platform: Linux  PlatformVersion: 5.14.0-427.37.1.el9_4.x86_64  CompilerName: GCC  CompilerVersion: 8.4.0
ProgramName: mris_place_surface  ProgramArguments: mris_place_surface -all-info  ProgramVersion: 7.3.2  TimeStamp: 2026/03/09-13:14:04-GMT  BuildTime: Aug  4 2022 06:17:15  BuildStamp: freesurfer-linux-ubuntu22_x86_64-7.3.2-20220804-6354275  User: oesteban  Machine: dna007  Platform: Linux  PlatformVersion: 5.14.0-427.37.1.el9_4.x86_64  CompilerName: GCC  CompilerVersion: 8.4.0
ProgramName: mrisp_paint  ProgramArguments: mrisp_paint -all-info  ProgramVersion: 7.3.2  TimeStamp: 2026/03/09-13:14:04-GMT  BuildTime: Aug  4 2022 06:17:15  BuildStamp: freesurfer-linux-ubuntu22_x86_64-7.3.2-20220804-6354275  User: oesteban  Machine: dna007  Platform: Linux  PlatformVersion: 5.14.0-427.37.1.el9_4.x86_64  CompilerName: GCC  CompilerVersion: 8.4.0
ProgramName: mris_register  ProgramArguments: mris_register -all-info  ProgramVersion: 7.3.2  TimeStamp: 2026/03/09-13:14:04-GMT  BuildTime: Aug  4 2022 06:17:15  BuildStamp: freesurfer-linux-ubuntu22_x86_64-7.3.2-20220804-6354275  User: oesteban  Machine: dna007  Platform: Linux  PlatformVersion: 5.14.0-427.37.1.el9_4.x86_64  CompilerName: GCC  CompilerVersion: 8.4.0
ProgramName: mris_smooth  ProgramArguments: mris_smooth -all-info  ProgramVersion: 7.3.2  TimeStamp: 2026/03/09-13:14:04-GMT  BuildTime: Aug  4 2022 06:17:15  BuildStamp: freesurfer-linux-ubuntu22_x86_64-7.3.2-20220804-6354275  User: oesteban  Machine: dna007  Platform: Linux  PlatformVersion: 5.14.0-427.37.1.el9_4.x86_64  CompilerName: GCC  CompilerVersion: 8.4.0
ProgramName: mris_sphere  ProgramArguments: mris_sphere -all-info  ProgramVersion: 7.3.2  TimeStamp: 2026/03/09-13:14:04-GMT  BuildTime: Aug  4 2022 06:17:15  BuildStamp: freesurfer-linux-ubuntu22_x86_64-7.3.2-20220804-6354275  User: oesteban  Machine: dna007  Platform: Linux  PlatformVersion: 5.14.0-427.37.1.el9_4.x86_64  CompilerName: GCC  CompilerVersion: 8.4.0
ProgramName: mris_surface_stats  ProgramArguments: mris_surface_stats -all-info  ProgramVersion: 7.3.2  TimeStamp: 2026/03/09-13:14:04-GMT  BuildTime: Aug  4 2022 06:17:15  BuildStamp: freesurfer-linux-ubuntu22_x86_64-7.3.2-20220804-6354275  User: oesteban  Machine: dna007  Platform: Linux  PlatformVersion: 5.14.0-427.37.1.el9_4.x86_64  CompilerName: GCC  CompilerVersion: 8.4.0
ProgramName: mri_stats2seg  ProgramArguments: mri_stats2seg -all-info  ProgramVersion: 7.3.2  TimeStamp: 2026/03/09-13:14:04-GMT  BuildTime: Aug  4 2022 06:17:15  BuildStamp: freesurfer-linux-ubuntu22_x86_64-7.3.2-20220804-6354275  User: oesteban  Machine: dna007  Platform: Linux  PlatformVersion: 5.14.0-427.37.1.el9_4.x86_64  CompilerName: GCC  CompilerVersion: 8.4.0
ProgramName: mris_thickness  ProgramArguments: mris_thickness -all-info  ProgramVersion: 7.3.2  TimeStamp: 2026/03/09-13:14:04-GMT  BuildTime: Aug  4 2022 06:17:15  BuildStamp: freesurfer-linux-ubuntu22_x86_64-7.3.2-20220804-6354275  User: oesteban  Machine: dna007  Platform: Linux  PlatformVersion: 5.14.0-427.37.1.el9_4.x86_64  CompilerName: GCC  CompilerVersion: 8.4.0
ProgramName: mris_thickness_diff  ProgramArguments: mris_thickness_diff -all-info  ProgramVersion: 7.3.2  TimeStamp: 2026/03/09-13:14:04-GMT  BuildTime: Aug  4 2022 06:17:15  BuildStamp: freesurfer-linux-ubuntu22_x86_64-7.3.2-20220804-6354275  User: oesteban  Machine: dna007  Platform: Linux  PlatformVersion: 5.14.0-427.37.1.el9_4.x86_64  CompilerName: GCC  CompilerVersion: 8.4.0
ProgramName: mris_topo_fixer  ProgramArguments: mris_topo_fixer -all-info  ProgramVersion: 7.3.2  TimeStamp: 2026/03/09-13:14:04-GMT  BuildTime: Aug  4 2022 06:17:15  BuildStamp: freesurfer-linux-ubuntu22_x86_64-7.3.2-20220804-6354275  User: oesteban  Machine: dna007  Platform: Linux  PlatformVersion: 5.14.0-427.37.1.el9_4.x86_64  CompilerName: GCC  CompilerVersion: 8.4.0
ProgramName: mri_surf2surf  ProgramArguments: mri_surf2surf -all-info  ProgramVersion: 7.3.2  TimeStamp: 2026/03/09-13:14:04-GMT  BuildTime: Aug  4 2022 06:17:15  BuildStamp: freesurfer-linux-ubuntu22_x86_64-7.3.2-20220804-6354275  User: oesteban  Machine: dna007  Platform: Linux  PlatformVersion: 5.14.0-427.37.1.el9_4.x86_64  CompilerName: GCC  CompilerVersion: 8.4.0
ProgramName: mri_surf2vol  ProgramArguments: mri_surf2vol -all-info  ProgramVersion: 7.3.2  TimeStamp: 2026/03/09-13:14:04-GMT  BuildTime: Aug  4 2022 06:17:15  BuildStamp: freesurfer-linux-ubuntu22_x86_64-7.3.2-20220804-6354275  User: oesteban  Machine: dna007  Platform: Linux  PlatformVersion: 5.14.0-427.37.1.el9_4.x86_64  CompilerName: GCC  CompilerVersion: 8.4.0
ProgramName: mri_surfcluster  ProgramArguments: mri_surfcluster -all-info  ProgramVersion: 7.3.2  TimeStamp: 2026/03/09-13:14:04-GMT  BuildTime: Aug  4 2022 06:17:15  BuildStamp: freesurfer-linux-ubuntu22_x86_64-7.3.2-20220804-6354275  User: oesteban  Machine: dna007  Platform: Linux  PlatformVersion: 5.14.0-427.37.1.el9_4.x86_64  CompilerName: GCC  CompilerVersion: 8.4.0
ProgramName: mris_volmask  ProgramArguments: mris_volmask -all-info  ProgramVersion: 7.3.2  TimeStamp: 2026/03/09-13:14:04-GMT  BuildTime: Aug  4 2022 06:17:15  BuildStamp: freesurfer-linux-ubuntu22_x86_64-7.3.2-20220804-6354275  User: oesteban  Machine: dna007  Platform: Linux  PlatformVersion: 5.14.0-427.37.1.el9_4.x86_64  CompilerName: GCC  CompilerVersion: 8.4.0
ProgramName: mri_tessellate  ProgramArguments: mri_tessellate -all-info  ProgramVersion: 7.3.2  TimeStamp: 2026/03/09-13:14:04-GMT  BuildTime: Aug  4 2022 06:17:15  BuildStamp: freesurfer-linux-ubuntu22_x86_64-7.3.2-20220804-6354275  User: oesteban  Machine: dna007  Platform: Linux  PlatformVersion: 5.14.0-427.37.1.el9_4.x86_64  CompilerName: GCC  CompilerVersion: 8.4.0
ProgramName: mri_vol2surf  ProgramArguments: mri_vol2surf -all-info  ProgramVersion: 7.3.2  TimeStamp: 2026/03/09-13:14:04-GMT  BuildTime: Aug  4 2022 06:17:15  BuildStamp: freesurfer-linux-ubuntu22_x86_64-7.3.2-20220804-6354275  User: oesteban  Machine: dna007  Platform: Linux  PlatformVersion: 5.14.0-427.37.1.el9_4.x86_64  CompilerName: GCC  CompilerVersion: 8.4.0
ProgramName: mri_vol2vol  ProgramArguments: mri_vol2vol -all-info  ProgramVersion: 7.3.2  TimeStamp: 2026/03/09-13:14:04-GMT  BuildTime: Aug  4 2022 06:17:15  BuildStamp: freesurfer-linux-ubuntu22_x86_64-7.3.2-20220804-6354275  User: oesteban  Machine: dna007  Platform: Linux  PlatformVersion: 5.14.0-427.37.1.el9_4.x86_64  CompilerName: GCC  CompilerVersion: 8.4.0
ProgramName: mri_voldiff  ProgramArguments: mri_voldiff -all-info  ProgramVersion: 7.3.2  TimeStamp: 2026/03/09-13:14:04-GMT  BuildTime: Aug  4 2022 06:17:15  BuildStamp: freesurfer-linux-ubuntu22_x86_64-7.3.2-20220804-6354275  User: oesteban  Machine: dna007  Platform: Linux  PlatformVersion: 5.14.0-427.37.1.el9_4.x86_64  CompilerName: GCC  CompilerVersion: 8.4.0
ProgramName: mri_watershed  ProgramArguments: mri_watershed -all-info  ProgramVersion: 7.3.2  TimeStamp: 2026/03/09-13:14:04-GMT  BuildTime: Aug  4 2022 06:17:15  BuildStamp: freesurfer-linux-ubuntu22_x86_64-7.3.2-20220804-6354275  User: oesteban  Machine: dna007  Platform: Linux  PlatformVersion: 5.14.0-427.37.1.el9_4.x86_64  CompilerName: GCC  CompilerVersion: 8.4.0
ProgramName: tkregister2  ProgramArguments: tkregister2_cmdl -all-info  ProgramVersion: 7.3.2  TimeStamp: 2026/03/09-13:14:04-GMT  BuildTime: Aug  4 2022 06:17:15  BuildStamp: freesurfer-linux-ubuntu22_x86_64-7.3.2-20220804-6354275  User: oesteban  Machine: dna007  Platform: Linux  PlatformVersion: 5.14.0-427.37.1.el9_4.x86_64  CompilerName: GCC  CompilerVersion: 8.4.0
mri_motion_correct.fsl 7.3.2
mri_convert -all-info 
ProgramName: mri_convert  ProgramArguments: mri_convert -all-info  ProgramVersion: 7.3.2  TimeStamp: 2026/03/09-13:14:04-GMT  BuildTime: Aug  4 2022 06:17:15  BuildStamp: freesurfer-linux-ubuntu22_x86_64-7.3.2-20220804-6354275  User: oesteban  Machine: dna007  Platform: Linux  PlatformVersion: 5.14.0-427.37.1.el9_4.x86_64  CompilerName: GCC  CompilerVersion: 8.4.0
Program nu_correct, built from:
Package MNI N3, version 1.12.0, compiled by nicks@terrier (x86_64-unknown-linux-gnu) on 2015-06-19 at 01:25:34
#######################################
GCADIR /opt/freesurfer/average
GCA RB_all_2020-01-02.gca
GCASkull RB_all_withskull_2020_01_02.gca
AvgCurvTif folding.atlas.acfb40.noaparc.i12.2016-08-02.tif
GCSDIR /opt/freesurfer/average
GCS DKaparc.atlas.acfb40.noaparc.i12.2016-08-02.gcs
#######################################
#--------------------------------------------
#@# AutoDetGWStats rh Mon Mar  9 14:14:04 CET 2026
cd /out/sourcedata/freesurfer/sub-v1s21x0050424_ses-1/mri
mris_autodet_gwstats --o ../surf/autodet.gw.stats.rh.dat --i brain.finalsurfs.mgz --wm wm.mgz --surf ../surf/rh.orig.premesh
  Update not needed
#--------------------------------------------
#@# WhitePreAparc rh Mon Mar  9 14:14:04 CET 2026
cd /out/sourcedata/freesurfer/sub-v1s21x0050424_ses-1/mri
mris_place_surface --adgws-in ../surf/autodet.gw.stats.rh.dat --wm wm.mgz --threads 16 --invol brain.finalsurfs.mgz --rh --i ../surf/rh.orig --o ../surf/rh.white.preaparc --white --seg aseg.presurf.mgz --nsmooth 5
   Update not needed
#--------------------------------------------
#@# CortexLabel rh Mon Mar  9 14:14:04 CET 2026
cd /out/sourcedata/freesurfer/sub-v1s21x0050424_ses-1/mri
mri_label2label --label-cortex ../surf/rh.white.preaparc aseg.presurf.mgz 0 ../label/rh.cortex.label
   Update not needed
#--------------------------------------------
#@# CortexLabel+HipAmyg rh Mon Mar  9 14:14:04 CET 2026
cd /out/sourcedata/freesurfer/sub-v1s21x0050424_ses-1/mri
mri_label2label --label-cortex ../surf/rh.white.preaparc aseg.presurf.mgz 1 ../label/rh.cortex+hipamyg.label
   Update not needed
#@# white curv rh Mon Mar  9 14:14:04 CET 2026
cd /out/sourcedata/freesurfer/sub-v1s21x0050424_ses-1/mri
mris_place_surface --curv-map ../surf/rh.white 2 10 ../surf/rh.curv
   Update not needed
#@# white area rh Mon Mar  9 14:14:04 CET 2026
cd /out/sourcedata/freesurfer/sub-v1s21x0050424_ses-1/mri
mris_place_surface --area-map ../surf/rh.white ../surf/rh.area
   Update not needed
#@# pial curv rh Mon Mar  9 14:14:04 CET 2026
cd /out/sourcedata/freesurfer/sub-v1s21x0050424_ses-1/mri
mris_place_surface --curv-map ../surf/rh.pial 2 10 ../surf/rh.curv.pial
   Update not needed
#@# pial area rh Mon Mar  9 14:14:04 CET 2026
cd /out/sourcedata/freesurfer/sub-v1s21x0050424_ses-1/mri
mris_place_surface --area-map ../surf/rh.pial ../surf/rh.area.pial
   Update not needed
#@# thickness rh Mon Mar  9 14:14:04 CET 2026
cd /out/sourcedata/freesurfer/sub-v1s21x0050424_ses-1/mri
mris_place_surface --thickness ../surf/rh.white ../surf/rh.pial 20 5 ../surf/rh.thickness
   Update not needed
#@# area and vertex vol rh Mon Mar  9 14:14:04 CET 2026
cd /out/sourcedata/freesurfer/sub-v1s21x0050424_ses-1/mri
mris_place_surface --thickness ../surf/rh.white ../surf/rh.pial 20 5 ../surf/rh.thickness
   Update not needed
#-----------------------------------------
#@# Parcellation Stats rh Mon Mar  9 14:14:04 CET 2026
/out/sourcedata/freesurfer/sub-v1s21x0050424_ses-1/scripts

 mris_anatomical_stats -th3 -mgz -noglobal -cortex ../label/rh.cortex.label -f ../stats/rh.aparc.stats -b -a ../label/rh.aparc.annot -c ../label/aparc.annot.ctab sub-v1s21x0050424_ses-1 rh white 

computing statistics for each annotation in ../label/rh.aparc.annot.
reading volume /out/sourcedata/freesurfer/sub-v1s21x0050424_ses-1/mri/wm.mgz...
reading input surface /out/sourcedata/freesurfer/sub-v1s21x0050424_ses-1/surf/rh.white...
reading input pial surface /out/sourcedata/freesurfer/sub-v1s21x0050424_ses-1/surf/rh.pial...
reading input white surface /out/sourcedata/freesurfer/sub-v1s21x0050424_ses-1/surf/rh.white...
INFO: using TH3 volume calc
INFO: assuming MGZ format for volumes.
INFO: not computing global stats
INFO: using ../label/rh.cortex.label as mask to calc cortex NumVert, SurfArea and MeanThickness.
Using TH3 vertex volume calc
Total face volume 266752
Total vertex volume 266540 (mask=0)
Saving annotation colortable ../label/aparc.annot.ctab

table columns are:
    number of vertices
    total surface area (mm^2)
    total gray matter volume (mm^3)
    average cortical thickness +- standard deviation (mm)
    integrated rectified mean curvature
    integrated rectified Gaussian curvature
    folding index
    intrinsic curvature index
    structure name

 1434    950   2343  2.532 0.440     0.102     0.019        9     1.1  bankssts
 1141    769   2119  2.339 0.872     0.106     0.024       13     1.0  caudalanteriorcingulate
 3370   2350   6167  2.489 0.526     0.111     0.023       28     3.2  caudalmiddlefrontal
 2784   1984   4045  1.828 0.492     0.142     0.032       36     3.8  cuneus
  500    325    982  2.611 0.927     0.110     0.036        5     0.5  entorhinal
 5716   3846  10646  2.423 0.807     0.129     0.036       73     9.4  fusiform
 7821   5592  15909  2.445 0.654     0.129     0.030       89     9.7  inferiorparietal
 5168   3568  11019  2.727 0.761     0.117     0.028       59     6.1  inferiortemporal
 1540   1125   3053  2.404 0.899     0.129     0.028       19     1.7  isthmuscingulate
 7558   5545  13596  2.131 0.606     0.150     0.043      109    13.5  lateraloccipital
 3847   2600   7784  2.798 0.894     0.133     0.038       47     5.9  lateralorbitofrontal
 4281   3188   7193  2.026 0.648     0.142     0.035       59     6.9  lingual
 4318   2848   6470  2.168 0.750     0.127     0.040       56     6.8  medialorbitofrontal
 5408   3741  12262  2.823 0.617     0.110     0.023       53     4.9  middletemporal
  999    616   1913  2.663 0.707     0.093     0.022       17     0.6  parahippocampal
 3055   1910   4516  2.251 0.545     0.112     0.025       26     3.2  paracentral
 2155   1452   3765  2.514 0.523     0.112     0.021       19     2.0  parsopercularis
 1438    961   2605  2.292 0.722     0.121     0.034       21     1.9  parsorbitalis
 2156   1460   4726  2.766 0.768     0.117     0.024       21     2.1  parstriangularis
 2174   1558   2111  1.560 0.418     0.145     0.040       29     3.5  pericalcarine
 6663   4360  10112  2.080 0.733     0.114     0.023       60     6.6  postcentral
 1795   1317   3764  2.570 0.820     0.134     0.029       22     2.5  posteriorcingulate
 9021   5832  15903  2.474 0.684     0.108     0.022       70     8.2  precentral
 7414   5191  13775  2.435 0.675     0.120     0.026       74     7.9  precuneus
 1208    810   2105  2.537 0.626     0.119     0.030       16     1.6  rostralanteriorcingulate
 9015   6671  20259  2.601 0.649     0.135     0.032      108    12.3  rostralmiddlefrontal
13085   8990  27407  2.813 0.621     0.125     0.031      137    16.8  superiorfrontal
 9641   6453  15491  2.167 0.524     0.117     0.023       94     9.3  superiorparietal
 5983   4067  12613  2.854 0.626     0.111     0.021       56     5.3  superiortemporal
 6103   4330  11876  2.527 0.555     0.128     0.028       67     6.9  supramarginal
  531    357   1356  2.666 0.744     0.153     0.056       10     1.2  frontalpole
  776    526   2100  2.919 0.919     0.124     0.036       11     1.2  temporalpole
  541    375    891  2.272 0.569     0.111     0.026        5     0.5  transversetemporal
 2899   1964   5663  3.017 0.851     0.119     0.032       27     3.3  insula

 mris_anatomical_stats -th3 -mgz -noglobal -cortex ../label/rh.cortex.label -f ../stats/rh.aparc.pial.stats -b -a ../label/rh.aparc.annot -c ../label/aparc.annot.ctab sub-v1s21x0050424_ses-1 rh pial 

computing statistics for each annotation in ../label/rh.aparc.annot.
reading volume /out/sourcedata/freesurfer/sub-v1s21x0050424_ses-1/mri/wm.mgz...
reading input surface /out/sourcedata/freesurfer/sub-v1s21x0050424_ses-1/surf/rh.pial...
reading input pial surface /out/sourcedata/freesurfer/sub-v1s21x0050424_ses-1/surf/rh.pial...
reading input white surface /out/sourcedata/freesurfer/sub-v1s21x0050424_ses-1/surf/rh.white...
INFO: using TH3 volume calc
INFO: assuming MGZ format for volumes.
INFO: not computing global stats
INFO: using ../label/rh.cortex.label as mask to calc cortex NumVert, SurfArea and MeanThickness.
Using TH3 vertex volume calc
Total face volume 266752
Total vertex volume 266540 (mask=0)
Saving annotation colortable ../label/aparc.annot.ctab

table columns are:
    number of vertices
    total surface area (mm^2)
    total gray matter volume (mm^3)
    average cortical thickness +- standard deviation (mm)
    integrated rectified mean curvature
    integrated rectified Gaussian curvature
    folding index
    intrinsic curvature index
    structure name

 1434    878   2343  2.532 0.440     0.116     0.035       21     1.9  bankssts
 1141    998   2119  2.339 0.872     0.164     0.044       32     2.3  caudalanteriorcingulate
 3370   2597   6167  2.489 0.526     0.130     0.031       65     4.2  caudalmiddlefrontal
 2784   2546   4045  1.828 0.492     0.157     0.036       42     4.4  cuneus
  500    481    982  2.611 0.927     0.280     0.101       45     2.3  entorhinal
 5716   4975  10646  2.423 0.807     0.155     0.041       92     9.8  fusiform
 7821   7100  15909  2.445 0.654     0.162     0.040     1300    12.3  inferiorparietal
 5168   4552  11019  2.727 0.761     0.149     0.038       96     8.0  inferiortemporal
 1540   1491   3053  2.404 0.899     0.192     0.048      109     2.8  isthmuscingulate
 7558   7271  13596  2.131 0.606     0.174     0.047      197    14.5  lateraloccipital
 3847   3242   7784  2.798 0.894     0.168     0.048       97     8.1  lateralorbitofrontal
 4281   4240   7193  2.026 0.648     0.173     0.046      109     8.1  lingual
 4318   3345   6470  2.168 0.750     0.151     0.041      213     7.3  medialorbitofrontal
 5408   4960  12262  2.823 0.617     0.140     0.038      918     7.2  middletemporal
  999    878   1913  2.663 0.707     0.167     0.044       16     2.1  parahippocampal
 3055   2152   4516  2.251 0.545     0.113     0.025       40     3.2  paracentral
 2155   1552   3765  2.514 0.523     0.123     0.030       44     2.6  parsopercularis
 1438   1327   2605  2.292 0.722     0.150     0.036       21     2.1  parsorbitalis
 2156   1941   4726  2.766 0.768     0.152     0.034       32     3.1  parstriangularis
 2174   1367   2111  1.560 0.418     0.122     0.040       64     3.1  pericalcarine
 6663   5407  10112  2.080 0.733     0.128     0.026       76     7.4  postcentral
 1795   1598   3764  2.570 0.820     0.162     0.038       57     3.1  posteriorcingulate
 9021   6754  15903  2.474 0.684     0.110     0.024      114     8.4  precentral
 7414   5983  13775  2.435 0.675     0.149     0.063      203    11.0  precuneus
 1208    907   2105  2.537 0.626     0.145     0.048       23     1.9  rostralanteriorcingulate
 9015   8644  20259  2.601 0.649     0.166     0.041      174    14.6  rostralmiddlefrontal
13085  10407  27407  2.813 0.621     0.131     0.034      330    16.8  superiorfrontal
 9641   7926  15491  2.167 0.524     0.130     0.027      118    11.3  superiorparietal
 5983   4852  12613  2.854 0.626     0.130     0.029      102     7.7  superiortemporal
 6103   5080  11876  2.527 0.555     0.140     0.033      102     8.8  supramarginal
  531    671   1356  2.666 0.744     0.210     0.050       11     1.2  frontalpole
  776    913   2100  2.919 0.919     0.208     0.047       13     1.7  temporalpole
  541    478    891  2.272 0.569     0.129     0.031        4     0.7  transversetemporal
 2899   1727   5663  3.017 0.851     0.135     0.041       82     4.8  insula
#-----------------------------------------
#@# Parcellation Stats 2 rh Mon Mar  9 14:14:24 CET 2026
/out/sourcedata/freesurfer/sub-v1s21x0050424_ses-1/scripts

 mris_anatomical_stats -th3 -mgz -noglobal -cortex ../label/rh.cortex.label -f ../stats/rh.aparc.a2009s.stats -b -a ../label/rh.aparc.a2009s.annot -c ../label/aparc.annot.a2009s.ctab sub-v1s21x0050424_ses-1 rh white 

computing statistics for each annotation in ../label/rh.aparc.a2009s.annot.
reading volume /out/sourcedata/freesurfer/sub-v1s21x0050424_ses-1/mri/wm.mgz...
reading input surface /out/sourcedata/freesurfer/sub-v1s21x0050424_ses-1/surf/rh.white...
reading input pial surface /out/sourcedata/freesurfer/sub-v1s21x0050424_ses-1/surf/rh.pial...
reading input white surface /out/sourcedata/freesurfer/sub-v1s21x0050424_ses-1/surf/rh.white...
INFO: using TH3 volume calc
INFO: assuming MGZ format for volumes.
INFO: not computing global stats
INFO: using ../label/rh.cortex.label as mask to calc cortex NumVert, SurfArea and MeanThickness.
Using TH3 vertex volume calc
Total face volume 266752
Total vertex volume 266540 (mask=0)
Saving annotation colortable ../label/aparc.annot.a2009s.ctab

table columns are:
    number of vertices
    total surface area (mm^2)
    total gray matter volume (mm^3)
    average cortical thickness +- standard deviation (mm)
    integrated rectified mean curvature
    integrated rectified Gaussian curvature
    folding index
    intrinsic curvature index
    structure name

  997    762   2729  2.922 0.797     0.154     0.040       17     1.7  G_and_S_frontomargin
 1564   1127   3225  2.335 0.682     0.141     0.036       20     2.3  G_and_S_occipital_inf
 1932   1148   3038  2.227 0.595     0.115     0.027       17     2.2  G_and_S_paracentral
 1692   1232   3636  2.699 0.625     0.140     0.030       20     2.2  G_and_S_subcentral
 1223    915   3205  2.618 0.720     0.153     0.048       20     2.6  G_and_S_transv_frontopol
 4626   3052   7322  2.507 0.618     0.110     0.029       46     5.6  G_and_S_cingul-Ant
 1609   1085   3196  2.893 0.568     0.100     0.023       12     1.3  G_and_S_cingul-Mid-Ant
 1493   1061   3094  2.817 0.613     0.127     0.029       15     2.0  G_and_S_cingul-Mid-Post
  566    502   1725  2.748 0.547     0.204     0.058       12     1.4  G_cingul-Post-dorsal
  304    210    862  2.910 0.633     0.149     0.030        4     0.4  G_cingul-Post-ventral
 2527   1811   3661  1.780 0.513     0.146     0.033       35     3.6  G_cuneus
 1201    855   2948  2.647 0.625     0.138     0.028       17     1.4  G_front_inf-Opercular
  506    327   1383  3.146 0.612     0.140     0.035        9     0.6  G_front_inf-Orbital
  899    617   2467  2.991 0.749     0.135     0.030       11     1.1  G_front_inf-Triangul
 4276   3304  12277  2.791 0.614     0.151     0.038       66     7.0  G_front_middle
 8567   5911  20017  2.846 0.702     0.138     0.036      113    12.4  G_front_sup
  496    365   1253  3.407 0.763     0.137     0.037        7     0.5  G_Ins_lg_and_S_cent_ins
  487    347   1611  3.604 0.836     0.130     0.048        8     0.8  G_insular_short
 2022   1580   5198  2.495 0.665     0.159     0.043       38     3.6  G_occipital_middle
 2117   1467   3913  2.246 0.547     0.149     0.036       30     3.0  G_occipital_sup
 2629   1792   5648  2.525 0.928     0.140     0.040       41     4.9  G_oc-temp_lat-fusifor
 2725   2075   4785  1.942 0.665     0.154     0.039       45     4.7  G_oc-temp_med-Lingual
 1303    801   2572  2.460 0.880     0.127     0.047       30     2.3  G_oc-temp_med-Parahip
 2823   1932   6973  2.736 0.885     0.135     0.040       43     4.4  G_orbital
 3028   2318   8485  2.692 0.718     0.155     0.040       52     4.9  G_pariet_inf-Angular
 2634   1944   6221  2.688 0.569     0.144     0.032       37     3.3  G_pariet_inf-Supramar
 2892   1939   5661  2.319 0.565     0.126     0.026       36     2.9  G_parietal_sup
 2487   1519   4274  2.222 0.699     0.119     0.026       27     2.8  G_postcentral
 3481   2186   7914  2.770 0.662     0.111     0.025       30     3.5  G_precentral
 3057   2249   7493  2.527 0.729     0.138     0.034       48     4.3  G_precuneus
 1245    844   2447  2.314 0.876     0.159     0.057       22     2.7  G_rectus
  515    329    562  1.929 0.804     0.110     0.043        6     0.7  G_subcallosal
  416    308    812  2.537 0.771     0.116     0.025        4     0.4  G_temp_sup-G_T_transv
 2135   1504   5871  2.896 0.584     0.130     0.030       32     2.6  G_temp_sup-Lateral
 1107    727   2381  3.063 0.764     0.088     0.022        6     0.9  G_temp_sup-Plan_polar
  756    522   1472  2.692 0.616     0.090     0.014        4     0.4  G_temp_sup-Plan_tempo
 2714   1948   6973  2.725 0.844     0.130     0.036       43     4.2  G_temporal_inf
 2931   2091   8026  2.874 0.622     0.118     0.028       40     3.0  G_temporal_middle
  397    257    584  2.646 0.811     0.094     0.012        2     0.2  Lat_Fis-ant-Horizont
  268    176    364  2.164 0.566     0.060     0.009        0     0.1  Lat_Fis-ant-Vertical
 1489    982   1798  2.196 0.480     0.109     0.023       11     1.5  Lat_Fis-post
 3305   2487   5870  1.987 0.609     0.167     0.055       56     7.8  Pole_occipital
 1952   1329   5119  2.919 0.862     0.129     0.033       25     2.7  Pole_temporal
 2190   1508   2711  2.061 0.877     0.130     0.032       24     3.0  S_calcarine
 3375   2199   3445  1.787 0.611     0.100     0.019       20     2.7  S_central
 1561   1025   2159  2.259 0.519     0.085     0.012        7     0.8  S_cingul-Marginalis
  440    293    853  3.859 0.747     0.102     0.020        2     0.4  S_circular_insula_ant
 1169    727   1785  2.968 0.588     0.092     0.014        6     0.7  S_circular_insula_inf
 1382    901   2058  2.744 0.584     0.098     0.018        7     1.2  S_circular_insula_sup
 1403    905   2184  2.719 0.513     0.088     0.015        7     1.0  S_collat_transv_ant
  505    348    562  1.906 0.421     0.133     0.032        4     0.7  S_collat_transv_post
 2442   1648   3580  2.373 0.413     0.098     0.018       14     1.9  S_front_inf
 2500   1762   3757  2.314 0.476     0.116     0.025       19     2.6  S_front_middle
 2285   1554   3270  2.421 0.386     0.099     0.018       13     1.7  S_front_sup
  587    403    798  2.313 0.482     0.104     0.023        3     0.6  S_interm_prim-Jensen
 4324   2900   5578  2.038 0.430     0.101     0.019       28     3.4  S_intrapariet_and_P_trans
 1017    702   1189  1.923 0.505     0.119     0.027        7     1.2  S_oc_middle_and_Lunatus
 1235    852   1538  2.066 0.391     0.118     0.025        9     1.3  S_oc_sup_and_transversal
  902    632   1381  2.150 0.563     0.118     0.027        8     1.0  S_occipital_ant
  899    619   1261  2.180 0.567     0.100     0.015        6     0.6  S_oc-temp_lat
 2255   1539   3393  2.272 0.554     0.103     0.022       16     2.1  S_oc-temp_med_and_Lingual
  489    352    657  2.050 0.421     0.134     0.028        5     0.6  S_orbital_lateral
  684    455   1323  2.978 0.851     0.110     0.028        5     0.8  S_orbital_med-olfact
 1695   1133   2571  2.386 0.661     0.130     0.037       20     2.5  S_orbital-H_Shaped
 3436   2296   4712  2.252 0.614     0.119     0.024       28     3.6  S_parieto_occipital
 1567   1017   1339  1.585 0.521     0.102     0.017       18     1.1  S_pericallosal
 3042   2047   3770  2.076 0.537     0.115     0.021       23     2.9  S_postcentral
 2478   1646   3579  2.399 0.538     0.100     0.019       15     2.0  S_precentral-inf-part
 1711   1131   2194  2.185 0.432     0.101     0.017       11     1.2  S_precentral-sup-part
  615    425    695  2.053 0.553     0.122     0.029        6     0.8  S_suborbital
 1512   1057   2283  2.355 0.488     0.106     0.020        9     1.2  S_subparietal
 1549   1029   2206  2.692 0.538     0.104     0.019        9     1.3  S_temporal_inf
 6627   4399  10269  2.556 0.551     0.104     0.018       41     5.4  S_temporal_sup
  269    186    379  2.645 0.698     0.126     0.020        2     0.3  S_temporal_transverse
#-----------------------------------------
#@# Parcellation Stats 3 rh Mon Mar  9 14:14:34 CET 2026
/out/sourcedata/freesurfer/sub-v1s21x0050424_ses-1/scripts

 mris_anatomical_stats -th3 -mgz -noglobal -cortex ../label/rh.cortex.label -f ../stats/rh.aparc.DKTatlas.stats -b -a ../label/rh.aparc.DKTatlas.annot -c ../label/aparc.annot.DKTatlas.ctab sub-v1s21x0050424_ses-1 rh white 

computing statistics for each annotation in ../label/rh.aparc.DKTatlas.annot.
reading volume /out/sourcedata/freesurfer/sub-v1s21x0050424_ses-1/mri/wm.mgz...
reading input surface /out/sourcedata/freesurfer/sub-v1s21x0050424_ses-1/surf/rh.white...
reading input pial surface /out/sourcedata/freesurfer/sub-v1s21x0050424_ses-1/surf/rh.pial...
reading input white surface /out/sourcedata/freesurfer/sub-v1s21x0050424_ses-1/surf/rh.white...
INFO: using TH3 volume calc
INFO: assuming MGZ format for volumes.
INFO: not computing global stats
INFO: using ../label/rh.cortex.label as mask to calc cortex NumVert, SurfArea and MeanThickness.
Using TH3 vertex volume calc
Total face volume 266752
Total vertex volume 266540 (mask=0)
Saving annotation colortable ../label/aparc.annot.DKTatlas.ctab

table columns are:
    number of vertices
    total surface area (mm^2)
    total gray matter volume (mm^3)
    average cortical thickness +- standard deviation (mm)
    integrated rectified mean curvature
    integrated rectified Gaussian curvature
    folding index
    intrinsic curvature index
    structure name

 1237    836   2249  2.332 0.862     0.105     0.024       14     1.1  caudalanteriorcingulate
 3551   2476   6492  2.494 0.516     0.113     0.023       31     3.4  caudalmiddlefrontal
 3503   2474   5106  1.868 0.495     0.135     0.030       41     4.3  cuneus
  448    284    881  2.526 0.721     0.109     0.036        5     0.5  entorhinal
 5260   3552   9586  2.397 0.796     0.129     0.035       68     8.7  fusiform
 7827   5598  15928  2.441 0.656     0.130     0.030       90     9.7  inferiorparietal
 5576   3830  11963  2.724 0.776     0.118     0.029       65     6.8  inferiortemporal
 1527   1123   3051  2.418 0.899     0.128     0.028       19     1.7  isthmuscingulate
 7609   5583  13856  2.144 0.604     0.151     0.043      110    13.7  lateraloccipital
 4455   3070   9701  2.792 0.882     0.138     0.040       64     7.4  lateralorbitofrontal
 4211   3142   7141  2.019 0.642     0.142     0.034       56     6.6  lingual
 2945   1954   4959  2.274 0.793     0.137     0.046       42     5.4  medialorbitofrontal
 6621   4553  14277  2.769 0.614     0.109     0.022       62     5.9  middletemporal
 1068    667   2027  2.645 0.721     0.096     0.023       20     0.8  parahippocampal
 3166   1988   4732  2.257 0.541     0.112     0.026       27     3.3  paracentral
 2525   1707   4537  2.531 0.533     0.111     0.021       22     2.2  parsopercularis
 1116    743   2129  2.580 0.712     0.110     0.024       12     1.0  parsorbitalis
 2033   1349   4242  2.739 0.732     0.117     0.025       20     2.0  parstriangularis
 2177   1565   2129  1.554 0.410     0.148     0.041       30     3.6  pericalcarine
 7433   4850  11208  2.106 0.734     0.114     0.023       66     7.3  postcentral
 1887   1378   3952  2.604 0.804     0.135     0.030       23     2.6  posteriorcingulate
 8764   5656  15571  2.476 0.690     0.109     0.023       68     8.2  precentral
 7602   5322  14164  2.450 0.674     0.122     0.027       79     8.3  precuneus
 1620   1086   2701  2.485 0.607     0.117     0.030       20     2.0  rostralanteriorcingulate
 6340   4687  14220  2.540 0.677     0.133     0.032       74     8.7  rostralmiddlefrontal
16650  11507  33660  2.699 0.658     0.126     0.031      179    21.6  superiorfrontal
 7885   5248  12440  2.139 0.510     0.115     0.023       76     7.5  superiorparietal
 7562   5136  16102  2.846 0.657     0.113     0.024       73     7.3  superiortemporal
 5773   4111  11240  2.505 0.548     0.126     0.027       63     6.4  supramarginal
  530    368    878  2.303 0.587     0.112     0.024        5     0.5  transversetemporal
 2637   1788   5417  3.154 0.867     0.119     0.030       25     2.9  insula
/out/sourcedata/freesurfer/sub-v1s21x0050424_ses-1/label
#--------------------------------------------
#@# BA_exvivo Labels rh Mon Mar  9 14:14:44 CET 2026

 mri_label2label --srcsubject fsaverage --srclabel /out/sourcedata/freesurfer/fsaverage/label/rh.BA1_exvivo.label --trgsubject sub-v1s21x0050424_ses-1 --trglabel ./rh.BA1_exvivo.label --hemi rh --regmethod surface 


srclabel = /out/sourcedata/freesurfer/fsaverage/label/rh.BA1_exvivo.label
srcsubject = fsaverage
trgsubject = sub-v1s21x0050424_ses-1
trglabel = ./rh.BA1_exvivo.label
regmethod = surface

srchemi = rh
trghemi = rh
trgsurface = white
srcsurfreg = sphere.reg
trgsurfreg = sphere.reg
usehash = 1
Use ProjAbs  = 0, 0
Use ProjFrac = 0, 0
DoPaint 0

SUBJECTS_DIR    /out/sourcedata/freesurfer
FREESURFER_HOME /opt/freesurfer
Loading source label.
Found 3962 points in source label.
Starting surface-based mapping
Reading source registration 
 /out/sourcedata/freesurfer/fsaverage/surf/rh.sphere.reg
Rescaling ...  original radius = 100
Reading target surface 
 /out/sourcedata/freesurfer/sub-v1s21x0050424_ses-1/surf/rh.white
Reading target registration 
 /out/sourcedata/freesurfer/sub-v1s21x0050424_ses-1/surf/rh.sphere.reg
Rescaling ...  original radius = 100
Building target registration hash (res=16).
Building source registration hash (res=16).
INFO: found  3962 nlabel points
Performing mapping from target back to the source label 149844
Number of reverse mapping hits = 274
Checking for and removing duplicates
Writing label file ./rh.BA1_exvivo.label 4236
mri_label2label: Done


 mri_label2label --srcsubject fsaverage --srclabel /out/sourcedata/freesurfer/fsaverage/label/rh.BA2_exvivo.label --trgsubject sub-v1s21x0050424_ses-1 --trglabel ./rh.BA2_exvivo.label --hemi rh --regmethod surface 


srclabel = /out/sourcedata/freesurfer/fsaverage/label/rh.BA2_exvivo.label
srcsubject = fsaverage
trgsubject = sub-v1s21x0050424_ses-1
trglabel = ./rh.BA2_exvivo.label
regmethod = surface

srchemi = rh
trghemi = rh
trgsurface = white
srcsurfreg = sphere.reg
trgsurfreg = sphere.reg
usehash = 1
Use ProjAbs  = 0, 0
Use ProjFrac = 0, 0
DoPaint 0

SUBJECTS_DIR    /out/sourcedata/freesurfer
FREESURFER_HOME /opt/freesurfer
Loading source label.
Found 6687 points in source label.
Starting surface-based mapping
Reading source registration 
 /out/sourcedata/freesurfer/fsaverage/surf/rh.sphere.reg
Rescaling ...  original radius = 100
Reading target surface 
 /out/sourcedata/freesurfer/sub-v1s21x0050424_ses-1/surf/rh.white
Reading target registration 
 /out/sourcedata/freesurfer/sub-v1s21x0050424_ses-1/surf/rh.sphere.reg
Rescaling ...  original radius = 100
Building target registration hash (res=16).
Building source registration hash (res=16).
INFO: found  6687 nlabel points
Performing mapping from target back to the source label 149844
Number of reverse mapping hits = 354
Checking for and removing duplicates
Writing label file ./rh.BA2_exvivo.label 7041
mri_label2label: Done


 mri_label2label --srcsubject fsaverage --srclabel /out/sourcedata/freesurfer/fsaverage/label/rh.BA3a_exvivo.label --trgsubject sub-v1s21x0050424_ses-1 --trglabel ./rh.BA3a_exvivo.label --hemi rh --regmethod surface 


srclabel = /out/sourcedata/freesurfer/fsaverage/label/rh.BA3a_exvivo.label
srcsubject = fsaverage
trgsubject = sub-v1s21x0050424_ses-1
trglabel = ./rh.BA3a_exvivo.label
regmethod = surface

srchemi = rh
trghemi = rh
trgsurface = white
srcsurfreg = sphere.reg
trgsurfreg = sphere.reg
usehash = 1
Use ProjAbs  = 0, 0
Use ProjFrac = 0, 0
DoPaint 0

SUBJECTS_DIR    /out/sourcedata/freesurfer
FREESURFER_HOME /opt/freesurfer
Loading source label.
Found 3980 points in source label.
Starting surface-based mapping
Reading source registration 
 /out/sourcedata/freesurfer/fsaverage/surf/rh.sphere.reg
Rescaling ...  original radius = 100
Reading target surface 
 /out/sourcedata/freesurfer/sub-v1s21x0050424_ses-1/surf/rh.white
Reading target registration 
 /out/sourcedata/freesurfer/sub-v1s21x0050424_ses-1/surf/rh.sphere.reg
Rescaling ...  original radius = 100
Building target registration hash (res=16).
Building source registration hash (res=16).
INFO: found  3980 nlabel points
Performing mapping from target back to the source label 149844
Number of reverse mapping hits = 111
Checking for and removing duplicates
Writing label file ./rh.BA3a_exvivo.label 4091
mri_label2label: Done


 mri_label2label --srcsubject fsaverage --srclabel /out/sourcedata/freesurfer/fsaverage/label/rh.BA3b_exvivo.label --trgsubject sub-v1s21x0050424_ses-1 --trglabel ./rh.BA3b_exvivo.label --hemi rh --regmethod surface 


srclabel = /out/sourcedata/freesurfer/fsaverage/label/rh.BA3b_exvivo.label
srcsubject = fsaverage
trgsubject = sub-v1s21x0050424_ses-1
trglabel = ./rh.BA3b_exvivo.label
regmethod = surface

srchemi = rh
trghemi = rh
trgsurface = white
srcsurfreg = sphere.reg
trgsurfreg = sphere.reg
usehash = 1
Use ProjAbs  = 0, 0
Use ProjFrac = 0, 0
DoPaint 0

SUBJECTS_DIR    /out/sourcedata/freesurfer
FREESURFER_HOME /opt/freesurfer
Loading source label.
Found 4522 points in source label.
Starting surface-based mapping
Reading source registration 
 /out/sourcedata/freesurfer/fsaverage/surf/rh.sphere.reg
Rescaling ...  original radius = 100
Reading target surface 
 /out/sourcedata/freesurfer/sub-v1s21x0050424_ses-1/surf/rh.white
Reading target registration 
 /out/sourcedata/freesurfer/sub-v1s21x0050424_ses-1/surf/rh.sphere.reg
Rescaling ...  original radius = 100
Building target registration hash (res=16).
Building source registration hash (res=16).
INFO: found  4522 nlabel points
Performing mapping from target back to the source label 149844
Number of reverse mapping hits = 212
Checking for and removing duplicates
Writing label file ./rh.BA3b_exvivo.label 4734
mri_label2label: Done


 mri_label2label --srcsubject fsaverage --srclabel /out/sourcedata/freesurfer/fsaverage/label/rh.BA4a_exvivo.label --trgsubject sub-v1s21x0050424_ses-1 --trglabel ./rh.BA4a_exvivo.label --hemi rh --regmethod surface 


srclabel = /out/sourcedata/freesurfer/fsaverage/label/rh.BA4a_exvivo.label
srcsubject = fsaverage
trgsubject = sub-v1s21x0050424_ses-1
trglabel = ./rh.BA4a_exvivo.label
regmethod = surface

srchemi = rh
trghemi = rh
trgsurface = white
srcsurfreg = sphere.reg
trgsurfreg = sphere.reg
usehash = 1
Use ProjAbs  = 0, 0
Use ProjFrac = 0, 0
DoPaint 0

SUBJECTS_DIR    /out/sourcedata/freesurfer
FREESURFER_HOME /opt/freesurfer
Loading source label.
Found 5747 points in source label.
Starting surface-based mapping
Reading source registration 
 /out/sourcedata/freesurfer/fsaverage/surf/rh.sphere.reg
Rescaling ...  original radius = 100
Reading target surface 
 /out/sourcedata/freesurfer/sub-v1s21x0050424_ses-1/surf/rh.white
Reading target registration 
 /out/sourcedata/freesurfer/sub-v1s21x0050424_ses-1/surf/rh.sphere.reg
Rescaling ...  original radius = 100
Building target registration hash (res=16).
Building source registration hash (res=16).
INFO: found  5747 nlabel points
Performing mapping from target back to the source label 149844
Number of reverse mapping hits = 652
Checking for and removing duplicates
Writing label file ./rh.BA4a_exvivo.label 6399
mri_label2label: Done


 mri_label2label --srcsubject fsaverage --srclabel /out/sourcedata/freesurfer/fsaverage/label/rh.BA4p_exvivo.label --trgsubject sub-v1s21x0050424_ses-1 --trglabel ./rh.BA4p_exvivo.label --hemi rh --regmethod surface 


srclabel = /out/sourcedata/freesurfer/fsaverage/label/rh.BA4p_exvivo.label
srcsubject = fsaverage
trgsubject = sub-v1s21x0050424_ses-1
trglabel = ./rh.BA4p_exvivo.label
regmethod = surface

srchemi = rh
trghemi = rh
trgsurface = white
srcsurfreg = sphere.reg
trgsurfreg = sphere.reg
usehash = 1
Use ProjAbs  = 0, 0
Use ProjFrac = 0, 0
DoPaint 0

SUBJECTS_DIR    /out/sourcedata/freesurfer
FREESURFER_HOME /opt/freesurfer
Loading source label.
Found 4473 points in source label.
Starting surface-based mapping
Reading source registration 
 /out/sourcedata/freesurfer/fsaverage/surf/rh.sphere.reg
Rescaling ...  original radius = 100
Reading target surface 
 /out/sourcedata/freesurfer/sub-v1s21x0050424_ses-1/surf/rh.white
Reading target registration 
 /out/sourcedata/freesurfer/sub-v1s21x0050424_ses-1/surf/rh.sphere.reg
Rescaling ...  original radius = 100
Building target registration hash (res=16).
Building source registration hash (res=16).
INFO: found  4473 nlabel points
Performing mapping from target back to the source label 149844
Number of reverse mapping hits = 350
Checking for and removing duplicates
Writing label file ./rh.BA4p_exvivo.label 4823
mri_label2label: Done


 mri_label2label --srcsubject fsaverage --srclabel /out/sourcedata/freesurfer/fsaverage/label/rh.BA6_exvivo.label --trgsubject sub-v1s21x0050424_ses-1 --trglabel ./rh.BA6_exvivo.label --hemi rh --regmethod surface 


srclabel = /out/sourcedata/freesurfer/fsaverage/label/rh.BA6_exvivo.label
srcsubject = fsaverage
trgsubject = sub-v1s21x0050424_ses-1
trglabel = ./rh.BA6_exvivo.label
regmethod = surface

srchemi = rh
trghemi = rh
trgsurface = white
srcsurfreg = sphere.reg
trgsurfreg = sphere.reg
usehash = 1
Use ProjAbs  = 0, 0
Use ProjFrac = 0, 0
DoPaint 0

SUBJECTS_DIR    /out/sourcedata/freesurfer
FREESURFER_HOME /opt/freesurfer
Loading source label.
Found 12256 points in source label.
Starting surface-based mapping
Reading source registration 
 /out/sourcedata/freesurfer/fsaverage/surf/rh.sphere.reg
Rescaling ...  original radius = 100
Reading target surface 
 /out/sourcedata/freesurfer/sub-v1s21x0050424_ses-1/surf/rh.white
Reading target registration 
 /out/sourcedata/freesurfer/sub-v1s21x0050424_ses-1/surf/rh.sphere.reg
Rescaling ...  original radius = 100
Building target registration hash (res=16).
Building source registration hash (res=16).
INFO: found  12256 nlabel points
Performing mapping from target back to the source label 149844
Number of reverse mapping hits = 1398
Checking for and removing duplicates
Writing label file ./rh.BA6_exvivo.label 13654
mri_label2label: Done


 mri_label2label --srcsubject fsaverage --srclabel /out/sourcedata/freesurfer/fsaverage/label/rh.BA44_exvivo.label --trgsubject sub-v1s21x0050424_ses-1 --trglabel ./rh.BA44_exvivo.label --hemi rh --regmethod surface 


srclabel = /out/sourcedata/freesurfer/fsaverage/label/rh.BA44_exvivo.label
srcsubject = fsaverage
trgsubject = sub-v1s21x0050424_ses-1
trglabel = ./rh.BA44_exvivo.label
regmethod = surface

srchemi = rh
trghemi = rh
trgsurface = white
srcsurfreg = sphere.reg
trgsurfreg = sphere.reg
usehash = 1
Use ProjAbs  = 0, 0
Use ProjFrac = 0, 0
DoPaint 0

SUBJECTS_DIR    /out/sourcedata/freesurfer
FREESURFER_HOME /opt/freesurfer
Loading source label.
Found 6912 points in source label.
Starting surface-based mapping
Reading source registration 
 /out/sourcedata/freesurfer/fsaverage/surf/rh.sphere.reg
Rescaling ...  original radius = 100
Reading target surface 
 /out/sourcedata/freesurfer/sub-v1s21x0050424_ses-1/surf/rh.white
Reading target registration 
 /out/sourcedata/freesurfer/sub-v1s21x0050424_ses-1/surf/rh.sphere.reg
Rescaling ...  original radius = 100
Building target registration hash (res=16).
Building source registration hash (res=16).
INFO: found  6912 nlabel points
Performing mapping from target back to the source label 149844
Number of reverse mapping hits = 995
Checking for and removing duplicates
Writing label file ./rh.BA44_exvivo.label 7907
mri_label2label: Done


 mri_label2label --srcsubject fsaverage --srclabel /out/sourcedata/freesurfer/fsaverage/label/rh.BA45_exvivo.label --trgsubject sub-v1s21x0050424_ses-1 --trglabel ./rh.BA45_exvivo.label --hemi rh --regmethod surface 


srclabel = /out/sourcedata/freesurfer/fsaverage/label/rh.BA45_exvivo.label
srcsubject = fsaverage
trgsubject = sub-v1s21x0050424_ses-1
trglabel = ./rh.BA45_exvivo.label
regmethod = surface

srchemi = rh
trghemi = rh
trgsurface = white
srcsurfreg = sphere.reg
trgsurfreg = sphere.reg
usehash = 1
Use ProjAbs  = 0, 0
Use ProjFrac = 0, 0
DoPaint 0

SUBJECTS_DIR    /out/sourcedata/freesurfer
FREESURFER_HOME /opt/freesurfer
Loading source label.
Found 5355 points in source label.
Starting surface-based mapping
Reading source registration 
 /out/sourcedata/freesurfer/fsaverage/surf/rh.sphere.reg
Rescaling ...  original radius = 100
Reading target surface 
 /out/sourcedata/freesurfer/sub-v1s21x0050424_ses-1/surf/rh.white
Reading target registration 
 /out/sourcedata/freesurfer/sub-v1s21x0050424_ses-1/surf/rh.sphere.reg
Rescaling ...  original radius = 100
Building target registration hash (res=16).
Building source registration hash (res=16).
INFO: found  5355 nlabel points
Performing mapping from target back to the source label 149844
Number of reverse mapping hits = 728
Checking for and removing duplicates
Writing label file ./rh.BA45_exvivo.label 6083
mri_label2label: Done


 mri_label2label --srcsubject fsaverage --srclabel /out/sourcedata/freesurfer/fsaverage/label/rh.V1_exvivo.label --trgsubject sub-v1s21x0050424_ses-1 --trglabel ./rh.V1_exvivo.label --hemi rh --regmethod surface 


srclabel = /out/sourcedata/freesurfer/fsaverage/label/rh.V1_exvivo.label
srcsubject = fsaverage
trgsubject = sub-v1s21x0050424_ses-1
trglabel = ./rh.V1_exvivo.label
regmethod = surface

srchemi = rh
trghemi = rh
trgsurface = white
srcsurfreg = sphere.reg
trgsurfreg = sphere.reg
usehash = 1
Use ProjAbs  = 0, 0
Use ProjFrac = 0, 0
DoPaint 0

SUBJECTS_DIR    /out/sourcedata/freesurfer
FREESURFER_HOME /opt/freesurfer
Loading source label.
Found 4727 points in source label.
Starting surface-based mapping
Reading source registration 
 /out/sourcedata/freesurfer/fsaverage/surf/rh.sphere.reg
Rescaling ...  original radius = 100
Reading target surface 
 /out/sourcedata/freesurfer/sub-v1s21x0050424_ses-1/surf/rh.white
Reading target registration 
 /out/sourcedata/freesurfer/sub-v1s21x0050424_ses-1/surf/rh.sphere.reg
Rescaling ...  original radius = 100
Building target registration hash (res=16).
Building source registration hash (res=16).
INFO: found  4727 nlabel points
Performing mapping from target back to the source label 149844
Number of reverse mapping hits = 1248
Checking for and removing duplicates
Writing label file ./rh.V1_exvivo.label 5975
mri_label2label: Done


 mri_label2label --srcsubject fsaverage --srclabel /out/sourcedata/freesurfer/fsaverage/label/rh.V2_exvivo.label --trgsubject sub-v1s21x0050424_ses-1 --trglabel ./rh.V2_exvivo.label --hemi rh --regmethod surface 


srclabel = /out/sourcedata/freesurfer/fsaverage/label/rh.V2_exvivo.label
srcsubject = fsaverage
trgsubject = sub-v1s21x0050424_ses-1
trglabel = ./rh.V2_exvivo.label
regmethod = surface

srchemi = rh
trghemi = rh
trgsurface = white
srcsurfreg = sphere.reg
trgsurfreg = sphere.reg
usehash = 1
Use ProjAbs  = 0, 0
Use ProjFrac = 0, 0
DoPaint 0

SUBJECTS_DIR    /out/sourcedata/freesurfer
FREESURFER_HOME /opt/freesurfer
Loading source label.
Found 8016 points in source label.
Starting surface-based mapping
Reading source registration 
 /out/sourcedata/freesurfer/fsaverage/surf/rh.sphere.reg
Rescaling ...  original radius = 100
Reading target surface 
 /out/sourcedata/freesurfer/sub-v1s21x0050424_ses-1/surf/rh.white
Reading target registration 
 /out/sourcedata/freesurfer/sub-v1s21x0050424_ses-1/surf/rh.sphere.reg
Rescaling ...  original radius = 100
Building target registration hash (res=16).
Building source registration hash (res=16).
INFO: found  8016 nlabel points
Performing mapping from target back to the source label 149844
Number of reverse mapping hits = 2319
Checking for and removing duplicates
Writing label file ./rh.V2_exvivo.label 10335
mri_label2label: Done


 mri_label2label --srcsubject fsaverage --srclabel /out/sourcedata/freesurfer/fsaverage/label/rh.MT_exvivo.label --trgsubject sub-v1s21x0050424_ses-1 --trglabel ./rh.MT_exvivo.label --hemi rh --regmethod surface 


srclabel = /out/sourcedata/freesurfer/fsaverage/label/rh.MT_exvivo.label
srcsubject = fsaverage
trgsubject = sub-v1s21x0050424_ses-1
trglabel = ./rh.MT_exvivo.label
regmethod = surface

srchemi = rh
trghemi = rh
trgsurface = white
srcsurfreg = sphere.reg
trgsurfreg = sphere.reg
usehash = 1
Use ProjAbs  = 0, 0
Use ProjFrac = 0, 0
DoPaint 0

SUBJECTS_DIR    /out/sourcedata/freesurfer
FREESURFER_HOME /opt/freesurfer
Loading source label.
Found 1932 points in source label.
Starting surface-based mapping
Reading source registration 
 /out/sourcedata/freesurfer/fsaverage/surf/rh.sphere.reg
Rescaling ...  original radius = 100
Reading target surface 
 /out/sourcedata/freesurfer/sub-v1s21x0050424_ses-1/surf/rh.white
Reading target registration 
 /out/sourcedata/freesurfer/sub-v1s21x0050424_ses-1/surf/rh.sphere.reg
Rescaling ...  original radius = 100
Building target registration hash (res=16).
Building source registration hash (res=16).
INFO: found  1932 nlabel points
Performing mapping from target back to the source label 149844
Number of reverse mapping hits = 464
Checking for and removing duplicates
Writing label file ./rh.MT_exvivo.label 2396
mri_label2label: Done


 mri_label2label --srcsubject fsaverage --srclabel /out/sourcedata/freesurfer/fsaverage/label/rh.entorhinal_exvivo.label --trgsubject sub-v1s21x0050424_ses-1 --trglabel ./rh.entorhinal_exvivo.label --hemi rh --regmethod surface 


srclabel = /out/sourcedata/freesurfer/fsaverage/label/rh.entorhinal_exvivo.label
srcsubject = fsaverage
trgsubject = sub-v1s21x0050424_ses-1
trglabel = ./rh.entorhinal_exvivo.label
regmethod = surface

srchemi = rh
trghemi = rh
trgsurface = white
srcsurfreg = sphere.reg
trgsurfreg = sphere.reg
usehash = 1
Use ProjAbs  = 0, 0
Use ProjFrac = 0, 0
DoPaint 0

SUBJECTS_DIR    /out/sourcedata/freesurfer
FREESURFER_HOME /opt/freesurfer
Loading source label.
Found 1038 points in source label.
Starting surface-based mapping
Reading source registration 
 /out/sourcedata/freesurfer/fsaverage/surf/rh.sphere.reg
Rescaling ...  original radius = 100
Reading target surface 
 /out/sourcedata/freesurfer/sub-v1s21x0050424_ses-1/surf/rh.white
Reading target registration 
 /out/sourcedata/freesurfer/sub-v1s21x0050424_ses-1/surf/rh.sphere.reg
Rescaling ...  original radius = 100
Building target registration hash (res=16).
Building source registration hash (res=16).
INFO: found  1038 nlabel points
Performing mapping from target back to the source label 149844
Number of reverse mapping hits = 138
Checking for and removing duplicates
Writing label file ./rh.entorhinal_exvivo.label 1176
mri_label2label: Done


 mri_label2label --srcsubject fsaverage --srclabel /out/sourcedata/freesurfer/fsaverage/label/rh.perirhinal_exvivo.label --trgsubject sub-v1s21x0050424_ses-1 --trglabel ./rh.perirhinal_exvivo.label --hemi rh --regmethod surface 


srclabel = /out/sourcedata/freesurfer/fsaverage/label/rh.perirhinal_exvivo.label
srcsubject = fsaverage
trgsubject = sub-v1s21x0050424_ses-1
trglabel = ./rh.perirhinal_exvivo.label
regmethod = surface

srchemi = rh
trghemi = rh
trgsurface = white
srcsurfreg = sphere.reg
trgsurfreg = sphere.reg
usehash = 1
Use ProjAbs  = 0, 0
Use ProjFrac = 0, 0
DoPaint 0

SUBJECTS_DIR    /out/sourcedata/freesurfer
FREESURFER_HOME /opt/freesurfer
Loading source label.
Found 752 points in source label.
Starting surface-based mapping
Reading source registration 
 /out/sourcedata/freesurfer/fsaverage/surf/rh.sphere.reg
Rescaling ...  original radius = 100
Reading target surface 
 /out/sourcedata/freesurfer/sub-v1s21x0050424_ses-1/surf/rh.white
Reading target registration 
 /out/sourcedata/freesurfer/sub-v1s21x0050424_ses-1/surf/rh.sphere.reg
Rescaling ...  original radius = 100
Building target registration hash (res=16).
Building source registration hash (res=16).
INFO: found  752 nlabel points
Performing mapping from target back to the source label 149844
Number of reverse mapping hits = 88
Checking for and removing duplicates
Writing label file ./rh.perirhinal_exvivo.label 840
mri_label2label: Done


 mri_label2label --srcsubject fsaverage --srclabel /out/sourcedata/freesurfer/fsaverage/label/rh.FG1.mpm.vpnl.label --trgsubject sub-v1s21x0050424_ses-1 --trglabel ./rh.FG1.mpm.vpnl.label --hemi rh --regmethod surface 


srclabel = /out/sourcedata/freesurfer/fsaverage/label/rh.FG1.mpm.vpnl.label
srcsubject = fsaverage
trgsubject = sub-v1s21x0050424_ses-1
trglabel = ./rh.FG1.mpm.vpnl.label
regmethod = surface

srchemi = rh
trghemi = rh
trgsurface = white
srcsurfreg = sphere.reg
trgsurfreg = sphere.reg
usehash = 1
Use ProjAbs  = 0, 0
Use ProjFrac = 0, 0
DoPaint 0

SUBJECTS_DIR    /out/sourcedata/freesurfer
FREESURFER_HOME /opt/freesurfer
Loading source label.
Found 541 points in source label.
Starting surface-based mapping
Reading source registration 
 /out/sourcedata/freesurfer/fsaverage/surf/rh.sphere.reg
Rescaling ...  original radius = 100
Reading target surface 
 /out/sourcedata/freesurfer/sub-v1s21x0050424_ses-1/surf/rh.white
Reading target registration 
 /out/sourcedata/freesurfer/sub-v1s21x0050424_ses-1/surf/rh.sphere.reg
Rescaling ...  original radius = 100
Building target registration hash (res=16).
Building source registration hash (res=16).
INFO: found  541 nlabel points
Performing mapping from target back to the source label 149844
Number of reverse mapping hits = 263
Checking for and removing duplicates
Writing label file ./rh.FG1.mpm.vpnl.label 804
mri_label2label: Done


 mri_label2label --srcsubject fsaverage --srclabel /out/sourcedata/freesurfer/fsaverage/label/rh.FG2.mpm.vpnl.label --trgsubject sub-v1s21x0050424_ses-1 --trglabel ./rh.FG2.mpm.vpnl.label --hemi rh --regmethod surface 


srclabel = /out/sourcedata/freesurfer/fsaverage/label/rh.FG2.mpm.vpnl.label
srcsubject = fsaverage
trgsubject = sub-v1s21x0050424_ses-1
trglabel = ./rh.FG2.mpm.vpnl.label
regmethod = surface

srchemi = rh
trghemi = rh
trgsurface = white
srcsurfreg = sphere.reg
trgsurfreg = sphere.reg
usehash = 1
Use ProjAbs  = 0, 0
Use ProjFrac = 0, 0
DoPaint 0

SUBJECTS_DIR    /out/sourcedata/freesurfer
FREESURFER_HOME /opt/freesurfer
Loading source label.
Found 721 points in source label.
Starting surface-based mapping
Reading source registration 
 /out/sourcedata/freesurfer/fsaverage/surf/rh.sphere.reg
Rescaling ...  original radius = 100
Reading target surface 
 /out/sourcedata/freesurfer/sub-v1s21x0050424_ses-1/surf/rh.white
Reading target registration 
 /out/sourcedata/freesurfer/sub-v1s21x0050424_ses-1/surf/rh.sphere.reg
Rescaling ...  original radius = 100
Building target registration hash (res=16).
Building source registration hash (res=16).
INFO: found  721 nlabel points
Performing mapping from target back to the source label 149844
Number of reverse mapping hits = 315
Checking for and removing duplicates
Writing label file ./rh.FG2.mpm.vpnl.label 1036
mri_label2label: Done


 mri_label2label --srcsubject fsaverage --srclabel /out/sourcedata/freesurfer/fsaverage/label/rh.FG3.mpm.vpnl.label --trgsubject sub-v1s21x0050424_ses-1 --trglabel ./rh.FG3.mpm.vpnl.label --hemi rh --regmethod surface 


srclabel = /out/sourcedata/freesurfer/fsaverage/label/rh.FG3.mpm.vpnl.label
srcsubject = fsaverage
trgsubject = sub-v1s21x0050424_ses-1
trglabel = ./rh.FG3.mpm.vpnl.label
regmethod = surface

srchemi = rh
trghemi = rh
trgsurface = white
srcsurfreg = sphere.reg
trgsurfreg = sphere.reg
usehash = 1
Use ProjAbs  = 0, 0
Use ProjFrac = 0, 0
DoPaint 0

SUBJECTS_DIR    /out/sourcedata/freesurfer
FREESURFER_HOME /opt/freesurfer
Loading source label.
Found 1523 points in source label.
Starting surface-based mapping
Reading source registration 
 /out/sourcedata/freesurfer/fsaverage/surf/rh.sphere.reg
Rescaling ...  original radius = 100
Reading target surface 
 /out/sourcedata/freesurfer/sub-v1s21x0050424_ses-1/surf/rh.white
Reading target registration 
 /out/sourcedata/freesurfer/sub-v1s21x0050424_ses-1/surf/rh.sphere.reg
Rescaling ...  original radius = 100
Building target registration hash (res=16).
Building source registration hash (res=16).
INFO: found  1523 nlabel points
Performing mapping from target back to the source label 149844
Number of reverse mapping hits = 327
Checking for and removing duplicates
Writing label file ./rh.FG3.mpm.vpnl.label 1850
mri_label2label: Done


 mri_label2label --srcsubject fsaverage --srclabel /out/sourcedata/freesurfer/fsaverage/label/rh.FG4.mpm.vpnl.label --trgsubject sub-v1s21x0050424_ses-1 --trglabel ./rh.FG4.mpm.vpnl.label --hemi rh --regmethod surface 


srclabel = /out/sourcedata/freesurfer/fsaverage/label/rh.FG4.mpm.vpnl.label
srcsubject = fsaverage
trgsubject = sub-v1s21x0050424_ses-1
trglabel = ./rh.FG4.mpm.vpnl.label
regmethod = surface

srchemi = rh
trghemi = rh
trgsurface = white
srcsurfreg = sphere.reg
trgsurfreg = sphere.reg
usehash = 1
Use ProjAbs  = 0, 0
Use ProjFrac = 0, 0
DoPaint 0

SUBJECTS_DIR    /out/sourcedata/freesurfer
FREESURFER_HOME /opt/freesurfer
Loading source label.
Found 1586 points in source label.
Starting surface-based mapping
Reading source registration 
 /out/sourcedata/freesurfer/fsaverage/surf/rh.sphere.reg
Rescaling ...  original radius = 100
Reading target surface 
 /out/sourcedata/freesurfer/sub-v1s21x0050424_ses-1/surf/rh.white
Reading target registration 
 /out/sourcedata/freesurfer/sub-v1s21x0050424_ses-1/surf/rh.sphere.reg
Rescaling ...  original radius = 100
Building target registration hash (res=16).
Building source registration hash (res=16).
INFO: found  1586 nlabel points
Performing mapping from target back to the source label 149844
Number of reverse mapping hits = 617
Checking for and removing duplicates
Writing label file ./rh.FG4.mpm.vpnl.label 2203
mri_label2label: Done


 mri_label2label --srcsubject fsaverage --srclabel /out/sourcedata/freesurfer/fsaverage/label/rh.hOc1.mpm.vpnl.label --trgsubject sub-v1s21x0050424_ses-1 --trglabel ./rh.hOc1.mpm.vpnl.label --hemi rh --regmethod surface 


srclabel = /out/sourcedata/freesurfer/fsaverage/label/rh.hOc1.mpm.vpnl.label
srcsubject = fsaverage
trgsubject = sub-v1s21x0050424_ses-1
trglabel = ./rh.hOc1.mpm.vpnl.label
regmethod = surface

srchemi = rh
trghemi = rh
trgsurface = white
srcsurfreg = sphere.reg
trgsurfreg = sphere.reg
usehash = 1
Use ProjAbs  = 0, 0
Use ProjFrac = 0, 0
DoPaint 0

SUBJECTS_DIR    /out/sourcedata/freesurfer
FREESURFER_HOME /opt/freesurfer
Loading source label.
Found 3667 points in source label.
Starting surface-based mapping
Reading source registration 
 /out/sourcedata/freesurfer/fsaverage/surf/rh.sphere.reg
Rescaling ...  original radius = 100
Reading target surface 
 /out/sourcedata/freesurfer/sub-v1s21x0050424_ses-1/surf/rh.white
Reading target registration 
 /out/sourcedata/freesurfer/sub-v1s21x0050424_ses-1/surf/rh.sphere.reg
Rescaling ...  original radius = 100
Building target registration hash (res=16).
Building source registration hash (res=16).
INFO: found  3667 nlabel points
Performing mapping from target back to the source label 149844
Number of reverse mapping hits = 947
Checking for and removing duplicates
Writing label file ./rh.hOc1.mpm.vpnl.label 4614
mri_label2label: Done


 mri_label2label --srcsubject fsaverage --srclabel /out/sourcedata/freesurfer/fsaverage/label/rh.hOc2.mpm.vpnl.label --trgsubject sub-v1s21x0050424_ses-1 --trglabel ./rh.hOc2.mpm.vpnl.label --hemi rh --regmethod surface 


srclabel = /out/sourcedata/freesurfer/fsaverage/label/rh.hOc2.mpm.vpnl.label
srcsubject = fsaverage
trgsubject = sub-v1s21x0050424_ses-1
trglabel = ./rh.hOc2.mpm.vpnl.label
regmethod = surface

srchemi = rh
trghemi = rh
trgsurface = white
srcsurfreg = sphere.reg
trgsurfreg = sphere.reg
usehash = 1
Use ProjAbs  = 0, 0
Use ProjFrac = 0, 0
DoPaint 0

SUBJECTS_DIR    /out/sourcedata/freesurfer
FREESURFER_HOME /opt/freesurfer
Loading source label.
Found 2719 points in source label.
Starting surface-based mapping
Reading source registration 
 /out/sourcedata/freesurfer/fsaverage/surf/rh.sphere.reg
Rescaling ...  original radius = 100
Reading target surface 
 /out/sourcedata/freesurfer/sub-v1s21x0050424_ses-1/surf/rh.white
Reading target registration 
 /out/sourcedata/freesurfer/sub-v1s21x0050424_ses-1/surf/rh.sphere.reg
Rescaling ...  original radius = 100
Building target registration hash (res=16).
Building source registration hash (res=16).
INFO: found  2719 nlabel points
Performing mapping from target back to the source label 149844
Number of reverse mapping hits = 896
Checking for and removing duplicates
Writing label file ./rh.hOc2.mpm.vpnl.label 3615
mri_label2label: Done


 mri_label2label --srcsubject fsaverage --srclabel /out/sourcedata/freesurfer/fsaverage/label/rh.hOc3v.mpm.vpnl.label --trgsubject sub-v1s21x0050424_ses-1 --trglabel ./rh.hOc3v.mpm.vpnl.label --hemi rh --regmethod surface 


srclabel = /out/sourcedata/freesurfer/fsaverage/label/rh.hOc3v.mpm.vpnl.label
srcsubject = fsaverage
trgsubject = sub-v1s21x0050424_ses-1
trglabel = ./rh.hOc3v.mpm.vpnl.label
regmethod = surface

srchemi = rh
trghemi = rh
trgsurface = white
srcsurfreg = sphere.reg
trgsurfreg = sphere.reg
usehash = 1
Use ProjAbs  = 0, 0
Use ProjFrac = 0, 0
DoPaint 0

SUBJECTS_DIR    /out/sourcedata/freesurfer
FREESURFER_HOME /opt/freesurfer
Loading source label.
Found 1228 points in source label.
Starting surface-based mapping
Reading source registration 
 /out/sourcedata/freesurfer/fsaverage/surf/rh.sphere.reg
Rescaling ...  original radius = 100
Reading target surface 
 /out/sourcedata/freesurfer/sub-v1s21x0050424_ses-1/surf/rh.white
Reading target registration 
 /out/sourcedata/freesurfer/sub-v1s21x0050424_ses-1/surf/rh.sphere.reg
Rescaling ...  original radius = 100
Building target registration hash (res=16).
Building source registration hash (res=16).
INFO: found  1228 nlabel points
Performing mapping from target back to the source label 149844
Number of reverse mapping hits = 480
Checking for and removing duplicates
Writing label file ./rh.hOc3v.mpm.vpnl.label 1708
mri_label2label: Done


 mri_label2label --srcsubject fsaverage --srclabel /out/sourcedata/freesurfer/fsaverage/label/rh.hOc4v.mpm.vpnl.label --trgsubject sub-v1s21x0050424_ses-1 --trglabel ./rh.hOc4v.mpm.vpnl.label --hemi rh --regmethod surface 


srclabel = /out/sourcedata/freesurfer/fsaverage/label/rh.hOc4v.mpm.vpnl.label
srcsubject = fsaverage
trgsubject = sub-v1s21x0050424_ses-1
trglabel = ./rh.hOc4v.mpm.vpnl.label
regmethod = surface

srchemi = rh
trghemi = rh
trgsurface = white
srcsurfreg = sphere.reg
trgsurfreg = sphere.reg
usehash = 1
Use ProjAbs  = 0, 0
Use ProjFrac = 0, 0
DoPaint 0

SUBJECTS_DIR    /out/sourcedata/freesurfer
FREESURFER_HOME /opt/freesurfer
Loading source label.
Found 1025 points in source label.
Starting surface-based mapping
Reading source registration 
 /out/sourcedata/freesurfer/fsaverage/surf/rh.sphere.reg
Rescaling ...  original radius = 100
Reading target surface 
 /out/sourcedata/freesurfer/sub-v1s21x0050424_ses-1/surf/rh.white
Reading target registration 
 /out/sourcedata/freesurfer/sub-v1s21x0050424_ses-1/surf/rh.sphere.reg
Rescaling ...  original radius = 100
Building target registration hash (res=16).
Building source registration hash (res=16).
INFO: found  1025 nlabel points
Performing mapping from target back to the source label 149844
Number of reverse mapping hits = 378
Checking for and removing duplicates
Writing label file ./rh.hOc4v.mpm.vpnl.label 1403
mri_label2label: Done


 mris_label2annot --s sub-v1s21x0050424_ses-1 --ctab /opt/freesurfer/average/colortable_vpnl.txt --hemi rh --a mpm.vpnl --maxstatwinner --noverbose --l rh.FG1.mpm.vpnl.label --l rh.FG2.mpm.vpnl.label --l rh.FG3.mpm.vpnl.label --l rh.FG4.mpm.vpnl.label --l rh.hOc1.mpm.vpnl.label --l rh.hOc2.mpm.vpnl.label --l rh.hOc3v.mpm.vpnl.label --l rh.hOc4v.mpm.vpnl.label 

Reading ctab /opt/freesurfer/average/colortable_vpnl.txt
Number of ctab entries 9

7.3.2
cwd /out/sourcedata/freesurfer/sub-v1s21x0050424_ses-1/label
cmdline mris_label2annot --s sub-v1s21x0050424_ses-1 --ctab /opt/freesurfer/average/colortable_vpnl.txt --hemi rh --a mpm.vpnl --maxstatwinner --noverbose --l rh.FG1.mpm.vpnl.label --l rh.FG2.mpm.vpnl.label --l rh.FG3.mpm.vpnl.label --l rh.FG4.mpm.vpnl.label --l rh.hOc1.mpm.vpnl.label --l rh.hOc2.mpm.vpnl.label --l rh.hOc3v.mpm.vpnl.label --l rh.hOc4v.mpm.vpnl.label 
sysname  Linux
hostname dna007
machine  x86_64
user     oesteban

subject sub-v1s21x0050424_ses-1
hemi    rh
SUBJECTS_DIR /out/sourcedata/freesurfer
ColorTable /opt/freesurfer/average/colortable_vpnl.txt
AnnotName  mpm.vpnl
nlables 8
LabelThresh 0 0.000000
Loading /out/sourcedata/freesurfer/sub-v1s21x0050424_ses-1/surf/rh.orig
 1 1376057 FG1
 2 16711935 FG2
 3 16711680 FG3
 4 1705837 FG4
 5 25600 hOc1
 6 255 hOc2
 7 16776960 hOc3v
 8 65535 hOc4v
Mapping unhit to unknown
Found 133721 unhit vertices
Writing annot to /out/sourcedata/freesurfer/sub-v1s21x0050424_ses-1/label/rh.mpm.vpnl.annot

 mri_label2label --srcsubject fsaverage --srclabel /out/sourcedata/freesurfer/fsaverage/label/rh.BA1_exvivo.thresh.label --trgsubject sub-v1s21x0050424_ses-1 --trglabel ./rh.BA1_exvivo.thresh.label --hemi rh --regmethod surface 


srclabel = /out/sourcedata/freesurfer/fsaverage/label/rh.BA1_exvivo.thresh.label
srcsubject = fsaverage
trgsubject = sub-v1s21x0050424_ses-1
trglabel = ./rh.BA1_exvivo.thresh.label
regmethod = surface

srchemi = rh
trghemi = rh
trgsurface = white
srcsurfreg = sphere.reg
trgsurfreg = sphere.reg
usehash = 1
Use ProjAbs  = 0, 0
Use ProjFrac = 0, 0
DoPaint 0

SUBJECTS_DIR    /out/sourcedata/freesurfer
FREESURFER_HOME /opt/freesurfer
Loading source label.
Found 876 points in source label.
Starting surface-based mapping
Reading source registration 
 /out/sourcedata/freesurfer/fsaverage/surf/rh.sphere.reg
Rescaling ...  original radius = 100
Reading target surface 
 /out/sourcedata/freesurfer/sub-v1s21x0050424_ses-1/surf/rh.white
Reading target registration 
 /out/sourcedata/freesurfer/sub-v1s21x0050424_ses-1/surf/rh.sphere.reg
Rescaling ...  original radius = 100
Building target registration hash (res=16).
Building source registration hash (res=16).
INFO: found  876 nlabel points
Performing mapping from target back to the source label 149844
Number of reverse mapping hits = 96
Checking for and removing duplicates
Writing label file ./rh.BA1_exvivo.thresh.label 972
mri_label2label: Done


 mri_label2label --srcsubject fsaverage --srclabel /out/sourcedata/freesurfer/fsaverage/label/rh.BA2_exvivo.thresh.label --trgsubject sub-v1s21x0050424_ses-1 --trglabel ./rh.BA2_exvivo.thresh.label --hemi rh --regmethod surface 


srclabel = /out/sourcedata/freesurfer/fsaverage/label/rh.BA2_exvivo.thresh.label
srcsubject = fsaverage
trgsubject = sub-v1s21x0050424_ses-1
trglabel = ./rh.BA2_exvivo.thresh.label
regmethod = surface

srchemi = rh
trghemi = rh
trgsurface = white
srcsurfreg = sphere.reg
trgsurfreg = sphere.reg
usehash = 1
Use ProjAbs  = 0, 0
Use ProjFrac = 0, 0
DoPaint 0

SUBJECTS_DIR    /out/sourcedata/freesurfer
FREESURFER_HOME /opt/freesurfer
Loading source label.
Found 2688 points in source label.
Starting surface-based mapping
Reading source registration 
 /out/sourcedata/freesurfer/fsaverage/surf/rh.sphere.reg
Rescaling ...  original radius = 100
Reading target surface 
 /out/sourcedata/freesurfer/sub-v1s21x0050424_ses-1/surf/rh.white
Reading target registration 
 /out/sourcedata/freesurfer/sub-v1s21x0050424_ses-1/surf/rh.sphere.reg
Rescaling ...  original radius = 100
Building target registration hash (res=16).
Building source registration hash (res=16).
INFO: found  2688 nlabel points
Performing mapping from target back to the source label 149844
Number of reverse mapping hits = 92
Checking for and removing duplicates
Writing label file ./rh.BA2_exvivo.thresh.label 2780
mri_label2label: Done


 mri_label2label --srcsubject fsaverage --srclabel /out/sourcedata/freesurfer/fsaverage/label/rh.BA3a_exvivo.thresh.label --trgsubject sub-v1s21x0050424_ses-1 --trglabel ./rh.BA3a_exvivo.thresh.label --hemi rh --regmethod surface 


srclabel = /out/sourcedata/freesurfer/fsaverage/label/rh.BA3a_exvivo.thresh.label
srcsubject = fsaverage
trgsubject = sub-v1s21x0050424_ses-1
trglabel = ./rh.BA3a_exvivo.thresh.label
regmethod = surface

srchemi = rh
trghemi = rh
trgsurface = white
srcsurfreg = sphere.reg
trgsurfreg = sphere.reg
usehash = 1
Use ProjAbs  = 0, 0
Use ProjFrac = 0, 0
DoPaint 0

SUBJECTS_DIR    /out/sourcedata/freesurfer
FREESURFER_HOME /opt/freesurfer
Loading source label.
Found 1698 points in source label.
Starting surface-based mapping
Reading source registration 
 /out/sourcedata/freesurfer/fsaverage/surf/rh.sphere.reg
Rescaling ...  original radius = 100
Reading target surface 
 /out/sourcedata/freesurfer/sub-v1s21x0050424_ses-1/surf/rh.white
Reading target registration 
 /out/sourcedata/freesurfer/sub-v1s21x0050424_ses-1/surf/rh.sphere.reg
Rescaling ...  original radius = 100
Building target registration hash (res=16).
Building source registration hash (res=16).
INFO: found  1698 nlabel points
Performing mapping from target back to the source label 149844
Number of reverse mapping hits = 42
Checking for and removing duplicates
Writing label file ./rh.BA3a_exvivo.thresh.label 1740
mri_label2label: Done


 mri_label2label --srcsubject fsaverage --srclabel /out/sourcedata/freesurfer/fsaverage/label/rh.BA3b_exvivo.thresh.label --trgsubject sub-v1s21x0050424_ses-1 --trglabel ./rh.BA3b_exvivo.thresh.label --hemi rh --regmethod surface 


srclabel = /out/sourcedata/freesurfer/fsaverage/label/rh.BA3b_exvivo.thresh.label
srcsubject = fsaverage
trgsubject = sub-v1s21x0050424_ses-1
trglabel = ./rh.BA3b_exvivo.thresh.label
regmethod = surface

srchemi = rh
trghemi = rh
trgsurface = white
srcsurfreg = sphere.reg
trgsurfreg = sphere.reg
usehash = 1
Use ProjAbs  = 0, 0
Use ProjFrac = 0, 0
DoPaint 0

SUBJECTS_DIR    /out/sourcedata/freesurfer
FREESURFER_HOME /opt/freesurfer
Loading source label.
Found 2183 points in source label.
Starting surface-based mapping
Reading source registration 
 /out/sourcedata/freesurfer/fsaverage/surf/rh.sphere.reg
Rescaling ...  original radius = 100
Reading target surface 
 /out/sourcedata/freesurfer/sub-v1s21x0050424_ses-1/surf/rh.white
Reading target registration 
 /out/sourcedata/freesurfer/sub-v1s21x0050424_ses-1/surf/rh.sphere.reg
Rescaling ...  original radius = 100
Building target registration hash (res=16).
Building source registration hash (res=16).
INFO: found  2183 nlabel points
Performing mapping from target back to the source label 149844
Number of reverse mapping hits = 75
Checking for and removing duplicates
Writing label file ./rh.BA3b_exvivo.thresh.label 2258
mri_label2label: Done


 mri_label2label --srcsubject fsaverage --srclabel /out/sourcedata/freesurfer/fsaverage/label/rh.BA4a_exvivo.thresh.label --trgsubject sub-v1s21x0050424_ses-1 --trglabel ./rh.BA4a_exvivo.thresh.label --hemi rh --regmethod surface 


srclabel = /out/sourcedata/freesurfer/fsaverage/label/rh.BA4a_exvivo.thresh.label
srcsubject = fsaverage
trgsubject = sub-v1s21x0050424_ses-1
trglabel = ./rh.BA4a_exvivo.thresh.label
regmethod = surface

srchemi = rh
trghemi = rh
trgsurface = white
srcsurfreg = sphere.reg
trgsurfreg = sphere.reg
usehash = 1
Use ProjAbs  = 0, 0
Use ProjFrac = 0, 0
DoPaint 0

SUBJECTS_DIR    /out/sourcedata/freesurfer
FREESURFER_HOME /opt/freesurfer
Loading source label.
Found 1388 points in source label.
Starting surface-based mapping
Reading source registration 
 /out/sourcedata/freesurfer/fsaverage/surf/rh.sphere.reg
Rescaling ...  original radius = 100
Reading target surface 
 /out/sourcedata/freesurfer/sub-v1s21x0050424_ses-1/surf/rh.white
Reading target registration 
 /out/sourcedata/freesurfer/sub-v1s21x0050424_ses-1/surf/rh.sphere.reg
Rescaling ...  original radius = 100
Building target registration hash (res=16).
Building source registration hash (res=16).
INFO: found  1388 nlabel points
Performing mapping from target back to the source label 149844
Number of reverse mapping hits = 239
Checking for and removing duplicates
Writing label file ./rh.BA4a_exvivo.thresh.label 1627
mri_label2label: Done


 mri_label2label --srcsubject fsaverage --srclabel /out/sourcedata/freesurfer/fsaverage/label/rh.BA4p_exvivo.thresh.label --trgsubject sub-v1s21x0050424_ses-1 --trglabel ./rh.BA4p_exvivo.thresh.label --hemi rh --regmethod surface 


srclabel = /out/sourcedata/freesurfer/fsaverage/label/rh.BA4p_exvivo.thresh.label
srcsubject = fsaverage
trgsubject = sub-v1s21x0050424_ses-1
trglabel = ./rh.BA4p_exvivo.thresh.label
regmethod = surface

srchemi = rh
trghemi = rh
trgsurface = white
srcsurfreg = sphere.reg
trgsurfreg = sphere.reg
usehash = 1
Use ProjAbs  = 0, 0
Use ProjFrac = 0, 0
DoPaint 0

SUBJECTS_DIR    /out/sourcedata/freesurfer
FREESURFER_HOME /opt/freesurfer
Loading source label.
Found 1489 points in source label.
Starting surface-based mapping
Reading source registration 
 /out/sourcedata/freesurfer/fsaverage/surf/rh.sphere.reg
Rescaling ...  original radius = 100
Reading target surface 
 /out/sourcedata/freesurfer/sub-v1s21x0050424_ses-1/surf/rh.white
Reading target registration 
 /out/sourcedata/freesurfer/sub-v1s21x0050424_ses-1/surf/rh.sphere.reg
Rescaling ...  original radius = 100
Building target registration hash (res=16).
Building source registration hash (res=16).
INFO: found  1489 nlabel points
Performing mapping from target back to the source label 149844
Number of reverse mapping hits = 73
Checking for and removing duplicates
Writing label file ./rh.BA4p_exvivo.thresh.label 1562
mri_label2label: Done


 mri_label2label --srcsubject fsaverage --srclabel /out/sourcedata/freesurfer/fsaverage/label/rh.BA6_exvivo.thresh.label --trgsubject sub-v1s21x0050424_ses-1 --trglabel ./rh.BA6_exvivo.thresh.label --hemi rh --regmethod surface 


srclabel = /out/sourcedata/freesurfer/fsaverage/label/rh.BA6_exvivo.thresh.label
srcsubject = fsaverage
trgsubject = sub-v1s21x0050424_ses-1
trglabel = ./rh.BA6_exvivo.thresh.label
regmethod = surface

srchemi = rh
trghemi = rh
trgsurface = white
srcsurfreg = sphere.reg
trgsurfreg = sphere.reg
usehash = 1
Use ProjAbs  = 0, 0
Use ProjFrac = 0, 0
DoPaint 0

SUBJECTS_DIR    /out/sourcedata/freesurfer
FREESURFER_HOME /opt/freesurfer
Loading source label.
Found 6959 points in source label.
Starting surface-based mapping
Reading source registration 
 /out/sourcedata/freesurfer/fsaverage/surf/rh.sphere.reg
Rescaling ...  original radius = 100
Reading target surface 
 /out/sourcedata/freesurfer/sub-v1s21x0050424_ses-1/surf/rh.white
Reading target registration 
 /out/sourcedata/freesurfer/sub-v1s21x0050424_ses-1/surf/rh.sphere.reg
Rescaling ...  original radius = 100
Building target registration hash (res=16).
Building source registration hash (res=16).
INFO: found  6959 nlabel points
Performing mapping from target back to the source label 149844
Number of reverse mapping hits = 586
Checking for and removing duplicates
Writing label file ./rh.BA6_exvivo.thresh.label 7545
mri_label2label: Done


 mri_label2label --srcsubject fsaverage --srclabel /out/sourcedata/freesurfer/fsaverage/label/rh.BA44_exvivo.thresh.label --trgsubject sub-v1s21x0050424_ses-1 --trglabel ./rh.BA44_exvivo.thresh.label --hemi rh --regmethod surface 


srclabel = /out/sourcedata/freesurfer/fsaverage/label/rh.BA44_exvivo.thresh.label
srcsubject = fsaverage
trgsubject = sub-v1s21x0050424_ses-1
trglabel = ./rh.BA44_exvivo.thresh.label
regmethod = surface

srchemi = rh
trghemi = rh
trgsurface = white
srcsurfreg = sphere.reg
trgsurfreg = sphere.reg
usehash = 1
Use ProjAbs  = 0, 0
Use ProjFrac = 0, 0
DoPaint 0

SUBJECTS_DIR    /out/sourcedata/freesurfer
FREESURFER_HOME /opt/freesurfer
Loading source label.
Found 1012 points in source label.
Starting surface-based mapping
Reading source registration 
 /out/sourcedata/freesurfer/fsaverage/surf/rh.sphere.reg
Rescaling ...  original radius = 100
Reading target surface 
 /out/sourcedata/freesurfer/sub-v1s21x0050424_ses-1/surf/rh.white
Reading target registration 
 /out/sourcedata/freesurfer/sub-v1s21x0050424_ses-1/surf/rh.sphere.reg
Rescaling ...  original radius = 100
Building target registration hash (res=16).
Building source registration hash (res=16).
INFO: found  1012 nlabel points
Performing mapping from target back to the source label 149844
Number of reverse mapping hits = 84
Checking for and removing duplicates
Writing label file ./rh.BA44_exvivo.thresh.label 1096
mri_label2label: Done


 mri_label2label --srcsubject fsaverage --srclabel /out/sourcedata/freesurfer/fsaverage/label/rh.BA45_exvivo.thresh.label --trgsubject sub-v1s21x0050424_ses-1 --trglabel ./rh.BA45_exvivo.thresh.label --hemi rh --regmethod surface 


srclabel = /out/sourcedata/freesurfer/fsaverage/label/rh.BA45_exvivo.thresh.label
srcsubject = fsaverage
trgsubject = sub-v1s21x0050424_ses-1
trglabel = ./rh.BA45_exvivo.thresh.label
regmethod = surface

srchemi = rh
trghemi = rh
trgsurface = white
srcsurfreg = sphere.reg
trgsurfreg = sphere.reg
usehash = 1
Use ProjAbs  = 0, 0
Use ProjFrac = 0, 0
DoPaint 0

SUBJECTS_DIR    /out/sourcedata/freesurfer
FREESURFER_HOME /opt/freesurfer
Loading source label.
Found 1178 points in source label.
Starting surface-based mapping
Reading source registration 
 /out/sourcedata/freesurfer/fsaverage/surf/rh.sphere.reg
Rescaling ...  original radius = 100
Reading target surface 
 /out/sourcedata/freesurfer/sub-v1s21x0050424_ses-1/surf/rh.white
Reading target registration 
 /out/sourcedata/freesurfer/sub-v1s21x0050424_ses-1/surf/rh.sphere.reg
Rescaling ...  original radius = 100
Building target registration hash (res=16).
Building source registration hash (res=16).
INFO: found  1178 nlabel points
Performing mapping from target back to the source label 149844
Number of reverse mapping hits = 101
Checking for and removing duplicates
Writing label file ./rh.BA45_exvivo.thresh.label 1279
mri_label2label: Done


 mri_label2label --srcsubject fsaverage --srclabel /out/sourcedata/freesurfer/fsaverage/label/rh.V1_exvivo.thresh.label --trgsubject sub-v1s21x0050424_ses-1 --trglabel ./rh.V1_exvivo.thresh.label --hemi rh --regmethod surface 


srclabel = /out/sourcedata/freesurfer/fsaverage/label/rh.V1_exvivo.thresh.label
srcsubject = fsaverage
trgsubject = sub-v1s21x0050424_ses-1
trglabel = ./rh.V1_exvivo.thresh.label
regmethod = surface

srchemi = rh
trghemi = rh
trgsurface = white
srcsurfreg = sphere.reg
trgsurfreg = sphere.reg
usehash = 1
Use ProjAbs  = 0, 0
Use ProjFrac = 0, 0
DoPaint 0

SUBJECTS_DIR    /out/sourcedata/freesurfer
FREESURFER_HOME /opt/freesurfer
Loading source label.
Found 3232 points in source label.
Starting surface-based mapping
Reading source registration 
 /out/sourcedata/freesurfer/fsaverage/surf/rh.sphere.reg
Rescaling ...  original radius = 100
Reading target surface 
 /out/sourcedata/freesurfer/sub-v1s21x0050424_ses-1/surf/rh.white
Reading target registration 
 /out/sourcedata/freesurfer/sub-v1s21x0050424_ses-1/surf/rh.sphere.reg
Rescaling ...  original radius = 100
Building target registration hash (res=16).
Building source registration hash (res=16).
INFO: found  3232 nlabel points
Performing mapping from target back to the source label 149844
Number of reverse mapping hits = 834
Checking for and removing duplicates
Writing label file ./rh.V1_exvivo.thresh.label 4066
mri_label2label: Done


 mri_label2label --srcsubject fsaverage --srclabel /out/sourcedata/freesurfer/fsaverage/label/rh.V2_exvivo.thresh.label --trgsubject sub-v1s21x0050424_ses-1 --trglabel ./rh.V2_exvivo.thresh.label --hemi rh --regmethod surface 


srclabel = /out/sourcedata/freesurfer/fsaverage/label/rh.V2_exvivo.thresh.label
srcsubject = fsaverage
trgsubject = sub-v1s21x0050424_ses-1
trglabel = ./rh.V2_exvivo.thresh.label
regmethod = surface

srchemi = rh
trghemi = rh
trgsurface = white
srcsurfreg = sphere.reg
trgsurfreg = sphere.reg
usehash = 1
Use ProjAbs  = 0, 0
Use ProjFrac = 0, 0
DoPaint 0

SUBJECTS_DIR    /out/sourcedata/freesurfer
FREESURFER_HOME /opt/freesurfer
Loading source label.
Found 3437 points in source label.
Starting surface-based mapping
Reading source registration 
 /out/sourcedata/freesurfer/fsaverage/surf/rh.sphere.reg
Rescaling ...  original radius = 100
Reading target surface 
 /out/sourcedata/freesurfer/sub-v1s21x0050424_ses-1/surf/rh.white
Reading target registration 
 /out/sourcedata/freesurfer/sub-v1s21x0050424_ses-1/surf/rh.sphere.reg
Rescaling ...  original radius = 100
Building target registration hash (res=16).
Building source registration hash (res=16).
INFO: found  3437 nlabel points
Performing mapping from target back to the source label 149844
Number of reverse mapping hits = 1086
Checking for and removing duplicates
Writing label file ./rh.V2_exvivo.thresh.label 4523
mri_label2label: Done


 mri_label2label --srcsubject fsaverage --srclabel /out/sourcedata/freesurfer/fsaverage/label/rh.MT_exvivo.thresh.label --trgsubject sub-v1s21x0050424_ses-1 --trglabel ./rh.MT_exvivo.thresh.label --hemi rh --regmethod surface 


srclabel = /out/sourcedata/freesurfer/fsaverage/label/rh.MT_exvivo.thresh.label
srcsubject = fsaverage
trgsubject = sub-v1s21x0050424_ses-1
trglabel = ./rh.MT_exvivo.thresh.label
regmethod = surface

srchemi = rh
trghemi = rh
trgsurface = white
srcsurfreg = sphere.reg
trgsurfreg = sphere.reg
usehash = 1
Use ProjAbs  = 0, 0
Use ProjFrac = 0, 0
DoPaint 0

SUBJECTS_DIR    /out/sourcedata/freesurfer
FREESURFER_HOME /opt/freesurfer
Loading source label.
Found 268 points in source label.
Starting surface-based mapping
Reading source registration 
 /out/sourcedata/freesurfer/fsaverage/surf/rh.sphere.reg
Rescaling ...  original radius = 100
Reading target surface 
 /out/sourcedata/freesurfer/sub-v1s21x0050424_ses-1/surf/rh.white
Reading target registration 
 /out/sourcedata/freesurfer/sub-v1s21x0050424_ses-1/surf/rh.sphere.reg
Rescaling ...  original radius = 100
Building target registration hash (res=16).
Building source registration hash (res=16).
INFO: found  268 nlabel points
Performing mapping from target back to the source label 149844
Number of reverse mapping hits = 51
Checking for and removing duplicates
Writing label file ./rh.MT_exvivo.thresh.label 319
mri_label2label: Done


 mri_label2label --srcsubject fsaverage --srclabel /out/sourcedata/freesurfer/fsaverage/label/rh.entorhinal_exvivo.thresh.label --trgsubject sub-v1s21x0050424_ses-1 --trglabel ./rh.entorhinal_exvivo.thresh.label --hemi rh --regmethod surface 


srclabel = /out/sourcedata/freesurfer/fsaverage/label/rh.entorhinal_exvivo.thresh.label
srcsubject = fsaverage
trgsubject = sub-v1s21x0050424_ses-1
trglabel = ./rh.entorhinal_exvivo.thresh.label
regmethod = surface

srchemi = rh
trghemi = rh
trgsurface = white
srcsurfreg = sphere.reg
trgsurfreg = sphere.reg
usehash = 1
Use ProjAbs  = 0, 0
Use ProjFrac = 0, 0
DoPaint 0

SUBJECTS_DIR    /out/sourcedata/freesurfer
FREESURFER_HOME /opt/freesurfer
Loading source label.
Found 694 points in source label.
Starting surface-based mapping
Reading source registration 
 /out/sourcedata/freesurfer/fsaverage/surf/rh.sphere.reg
Rescaling ...  original radius = 100
Reading target surface 
 /out/sourcedata/freesurfer/sub-v1s21x0050424_ses-1/surf/rh.white
Reading target registration 
 /out/sourcedata/freesurfer/sub-v1s21x0050424_ses-1/surf/rh.sphere.reg
Rescaling ...  original radius = 100
Building target registration hash (res=16).
Building source registration hash (res=16).
INFO: found  694 nlabel points
Performing mapping from target back to the source label 149844
Number of reverse mapping hits = 97
Checking for and removing duplicates
Writing label file ./rh.entorhinal_exvivo.thresh.label 791
mri_label2label: Done


 mri_label2label --srcsubject fsaverage --srclabel /out/sourcedata/freesurfer/fsaverage/label/rh.perirhinal_exvivo.thresh.label --trgsubject sub-v1s21x0050424_ses-1 --trglabel ./rh.perirhinal_exvivo.thresh.label --hemi rh --regmethod surface 


srclabel = /out/sourcedata/freesurfer/fsaverage/label/rh.perirhinal_exvivo.thresh.label
srcsubject = fsaverage
trgsubject = sub-v1s21x0050424_ses-1
trglabel = ./rh.perirhinal_exvivo.thresh.label
regmethod = surface

srchemi = rh
trghemi = rh
trgsurface = white
srcsurfreg = sphere.reg
trgsurfreg = sphere.reg
usehash = 1
Use ProjAbs  = 0, 0
Use ProjFrac = 0, 0
DoPaint 0

SUBJECTS_DIR    /out/sourcedata/freesurfer
FREESURFER_HOME /opt/freesurfer
Loading source label.
Found 291 points in source label.
Starting surface-based mapping
Reading source registration 
 /out/sourcedata/freesurfer/fsaverage/surf/rh.sphere.reg
Rescaling ...  original radius = 100
Reading target surface 
 /out/sourcedata/freesurfer/sub-v1s21x0050424_ses-1/surf/rh.white
Reading target registration 
 /out/sourcedata/freesurfer/sub-v1s21x0050424_ses-1/surf/rh.sphere.reg
Rescaling ...  original radius = 100
Building target registration hash (res=16).
Building source registration hash (res=16).
INFO: found  291 nlabel points
Performing mapping from target back to the source label 149844
Number of reverse mapping hits = 45
Checking for and removing duplicates
Writing label file ./rh.perirhinal_exvivo.thresh.label 336
mri_label2label: Done


 mris_label2annot --s sub-v1s21x0050424_ses-1 --hemi rh --ctab /opt/freesurfer/average/colortable_BA.txt --l rh.BA1_exvivo.label --l rh.BA2_exvivo.label --l rh.BA3a_exvivo.label --l rh.BA3b_exvivo.label --l rh.BA4a_exvivo.label --l rh.BA4p_exvivo.label --l rh.BA6_exvivo.label --l rh.BA44_exvivo.label --l rh.BA45_exvivo.label --l rh.V1_exvivo.label --l rh.V2_exvivo.label --l rh.MT_exvivo.label --l rh.perirhinal_exvivo.label --l rh.entorhinal_exvivo.label --a BA_exvivo --maxstatwinner --noverbose 

Reading ctab /opt/freesurfer/average/colortable_BA.txt
Number of ctab entries 15

7.3.2
cwd /out/sourcedata/freesurfer/sub-v1s21x0050424_ses-1/label
cmdline mris_label2annot --s sub-v1s21x0050424_ses-1 --hemi rh --ctab /opt/freesurfer/average/colortable_BA.txt --l rh.BA1_exvivo.label --l rh.BA2_exvivo.label --l rh.BA3a_exvivo.label --l rh.BA3b_exvivo.label --l rh.BA4a_exvivo.label --l rh.BA4p_exvivo.label --l rh.BA6_exvivo.label --l rh.BA44_exvivo.label --l rh.BA45_exvivo.label --l rh.V1_exvivo.label --l rh.V2_exvivo.label --l rh.MT_exvivo.label --l rh.perirhinal_exvivo.label --l rh.entorhinal_exvivo.label --a BA_exvivo --maxstatwinner --noverbose 
sysname  Linux
hostname dna007
machine  x86_64
user     oesteban

subject sub-v1s21x0050424_ses-1
hemi    rh
SUBJECTS_DIR /out/sourcedata/freesurfer
ColorTable /opt/freesurfer/average/colortable_BA.txt
AnnotName  BA_exvivo
nlables 14
LabelThresh 0 0.000000
Loading /out/sourcedata/freesurfer/sub-v1s21x0050424_ses-1/surf/rh.orig
 1 1530880 BA1_exvivo
 2 16749699 BA2_exvivo
 3 16711680 BA3a_exvivo
 4 3368703 BA3b_exvivo
 5 1376196 BA4a_exvivo
 6 13382655 BA4p_exvivo
 7 10036737 BA6_exvivo
 8 2490521 BA44_exvivo
 9 39283 BA45_exvivo
10 3993 V1_exvivo
11 8508928 V2_exvivo
12 10027163 MT_exvivo
13 16422433 perirhinal_exvivo
14 16392598 entorhinal_exvivo
Mapping unhit to unknown
Found 104833 unhit vertices
Writing annot to /out/sourcedata/freesurfer/sub-v1s21x0050424_ses-1/label/rh.BA_exvivo.annot

 mris_label2annot --s sub-v1s21x0050424_ses-1 --hemi rh --ctab /opt/freesurfer/average/colortable_BA.txt --l rh.BA1_exvivo.thresh.label --l rh.BA2_exvivo.thresh.label --l rh.BA3a_exvivo.thresh.label --l rh.BA3b_exvivo.thresh.label --l rh.BA4a_exvivo.thresh.label --l rh.BA4p_exvivo.thresh.label --l rh.BA6_exvivo.thresh.label --l rh.BA44_exvivo.thresh.label --l rh.BA45_exvivo.thresh.label --l rh.V1_exvivo.thresh.label --l rh.V2_exvivo.thresh.label --l rh.MT_exvivo.thresh.label --l rh.perirhinal_exvivo.thresh.label --l rh.entorhinal_exvivo.thresh.label --a BA_exvivo.thresh --maxstatwinner --noverbose 

Reading ctab /opt/freesurfer/average/colortable_BA.txt
Number of ctab entries 15

7.3.2
cwd /out/sourcedata/freesurfer/sub-v1s21x0050424_ses-1/label
cmdline mris_label2annot --s sub-v1s21x0050424_ses-1 --hemi rh --ctab /opt/freesurfer/average/colortable_BA.txt --l rh.BA1_exvivo.thresh.label --l rh.BA2_exvivo.thresh.label --l rh.BA3a_exvivo.thresh.label --l rh.BA3b_exvivo.thresh.label --l rh.BA4a_exvivo.thresh.label --l rh.BA4p_exvivo.thresh.label --l rh.BA6_exvivo.thresh.label --l rh.BA44_exvivo.thresh.label --l rh.BA45_exvivo.thresh.label --l rh.V1_exvivo.thresh.label --l rh.V2_exvivo.thresh.label --l rh.MT_exvivo.thresh.label --l rh.perirhinal_exvivo.thresh.label --l rh.entorhinal_exvivo.thresh.label --a BA_exvivo.thresh --maxstatwinner --noverbose 
sysname  Linux
hostname dna007
machine  x86_64
user     oesteban

subject sub-v1s21x0050424_ses-1
hemi    rh
SUBJECTS_DIR /out/sourcedata/freesurfer
ColorTable /opt/freesurfer/average/colortable_BA.txt
AnnotName  BA_exvivo.thresh
nlables 14
LabelThresh 0 0.000000
Loading /out/sourcedata/freesurfer/sub-v1s21x0050424_ses-1/surf/rh.orig
 1 1530880 BA1_exvivo
 2 16749699 BA2_exvivo
 3 16711680 BA3a_exvivo
 4 3368703 BA3b_exvivo
 5 1376196 BA4a_exvivo
 6 13382655 BA4p_exvivo
 7 10036737 BA6_exvivo
 8 2490521 BA44_exvivo
 9 39283 BA45_exvivo
10 3993 V1_exvivo
11 8508928 V2_exvivo
12 10027163 MT_exvivo
13 16422433 perirhinal_exvivo
14 16392598 entorhinal_exvivo
Mapping unhit to unknown
Found 125103 unhit vertices
Writing annot to /out/sourcedata/freesurfer/sub-v1s21x0050424_ses-1/label/rh.BA_exvivo.thresh.annot

 mris_anatomical_stats -th3 -mgz -noglobal -f ../stats/rh.BA_exvivo.stats -b -a ./rh.BA_exvivo.annot -c ./BA_exvivo.ctab sub-v1s21x0050424_ses-1 rh white 

computing statistics for each annotation in ./rh.BA_exvivo.annot.
reading volume /out/sourcedata/freesurfer/sub-v1s21x0050424_ses-1/mri/wm.mgz...
reading input surface /out/sourcedata/freesurfer/sub-v1s21x0050424_ses-1/surf/rh.white...
reading input pial surface /out/sourcedata/freesurfer/sub-v1s21x0050424_ses-1/surf/rh.pial...
reading input white surface /out/sourcedata/freesurfer/sub-v1s21x0050424_ses-1/surf/rh.white...
INFO: using TH3 volume calc
INFO: assuming MGZ format for volumes.
INFO: not computing global stats
Using TH3 vertex volume calc
Total face volume 266752
Total vertex volume 266540 (mask=0)
Saving annotation colortable ./BA_exvivo.ctab

table columns are:
    number of vertices
    total surface area (mm^2)
    total gray matter volume (mm^3)
    average cortical thickness +- standard deviation (mm)
    integrated rectified mean curvature
    integrated rectified Gaussian curvature
    folding index
    intrinsic curvature index
    structure name

 1084    646   2130  2.480 0.572     0.124     0.027       11     1.4  BA1_exvivo
 3522   2325   4992  2.173 0.623     0.115     0.023       30     3.3  BA2_exvivo
 1266    804   1080  1.681 0.493     0.126     0.025       11     1.3  BA3a_exvivo
 2168   1420   2629  1.632 0.534     0.102     0.020       16     1.9  BA3b_exvivo
 2185   1292   3575  2.448 0.632     0.110     0.027       17     2.6  BA4a_exvivo
 1467    950   2026  2.219 0.608     0.100     0.020       10     1.2  BA4p_exvivo
 9779   6482  19697  2.699 0.659     0.117     0.027       91    10.8  BA6_exvivo
 4336   2957   8002  2.527 0.527     0.109     0.021       36     3.8  BA44_exvivo
 4128   2817   8470  2.609 0.711     0.119     0.025       44     4.1  BA45_exvivo
 3819   2867   5264  1.715 0.561     0.162     0.050       65     8.4  V1_exvivo
 7982   5757  13035  2.023 0.626     0.144     0.036      104    12.1  V2_exvivo
 2234   1635   3799  2.164 0.603     0.130     0.032       26     3.0  MT_exvivo
  422    276    804  2.289 1.110     0.149     0.067        9     1.3  perirhinal_exvivo
  619    399   1262  2.554 1.071     0.107     0.032        6     0.6  entorhinal_exvivo

 mris_anatomical_stats -th3 -mgz -f ../stats/rh.BA_exvivo.thresh.stats -noglobal -b -a ./rh.BA_exvivo.thresh.annot -c ./BA_exvivo.thresh.ctab sub-v1s21x0050424_ses-1 rh white 

computing statistics for each annotation in ./rh.BA_exvivo.thresh.annot.
reading volume /out/sourcedata/freesurfer/sub-v1s21x0050424_ses-1/mri/wm.mgz...
reading input surface /out/sourcedata/freesurfer/sub-v1s21x0050424_ses-1/surf/rh.white...
reading input pial surface /out/sourcedata/freesurfer/sub-v1s21x0050424_ses-1/surf/rh.pial...
reading input white surface /out/sourcedata/freesurfer/sub-v1s21x0050424_ses-1/surf/rh.white...
INFO: using TH3 volume calc
INFO: assuming MGZ format for volumes.
INFO: not computing global stats
Using TH3 vertex volume calc
Total face volume 266752
Total vertex volume 266540 (mask=0)
Saving annotation colortable ./BA_exvivo.thresh.ctab

table columns are:
    number of vertices
    total surface area (mm^2)
    total gray matter volume (mm^3)
    average cortical thickness +- standard deviation (mm)
    integrated rectified mean curvature
    integrated rectified Gaussian curvature
    folding index
    intrinsic curvature index
    structure name

  764    464   1399  2.319 0.680     0.134     0.030       10     1.1  BA1_exvivo
 1867   1204   2885  2.177 0.645     0.109     0.022       15     1.7  BA2_exvivo
 1129    727    859  1.617 0.406     0.130     0.025       10     1.3  BA3a_exvivo
 1671   1096   1619  1.453 0.377     0.084     0.014        8     1.0  BA3b_exvivo
 1390    789   2170  2.371 0.584     0.110     0.028       12     1.6  BA4a_exvivo
 1169    755   1605  2.199 0.605     0.104     0.022        8     1.0  BA4p_exvivo
 6070   4019  12702  2.710 0.695     0.118     0.028       58     6.7  BA6_exvivo
  892    626   1935  2.627 0.540     0.137     0.027       12     0.9  BA44_exvivo
 1034    711   2617  2.831 0.804     0.116     0.025       10     1.0  BA45_exvivo
 3622   2694   4802  1.706 0.553     0.161     0.050       62     7.8  V1_exvivo
 4165   3035   6480  1.902 0.601     0.149     0.038       57     6.8  V2_exvivo
  295    243    606  2.213 0.500     0.166     0.043        7     0.5  MT_exvivo
   38     24     41  1.619 0.724     0.184     0.096        1     0.2  perirhinal_exvivo
  635    417   1181  2.402 0.888     0.128     0.045        9     1.3  entorhinal_exvivo

Started at Mon Mar 9 14:14:04 CET 2026 
Ended   at Mon Mar 9 14:17:09 CET 2026
#@#%# recon-all-run-time-hours 0.051
recon-all -s sub-v1s21x0050424_ses-1 finished without error at Mon Mar  9 14:17:09 CET 2026
